model,pathway,scenario,region,variables,unit,2020,2050
image,SSP2-Base,Business As Usual,Europe without Switzerland,Share|Biomass|Residues,share,0.05,0.05
image,SSP2-Base,Business As Usual,Europe without Switzerland,Share|Biomass|Wood,share,0.95,0.95
image,SSP2-Base,Business As Usual,RER,Share|H2|WoodCCS,share,0.0,0.0
image,SSP2-Base,Business As Usual,RER,Share|H2|WoodNoCCS,share,0.0,0.0
image,SSP2-Base,Business As Usual,RER,Share|H2|SteamReforming,share,0.4,0.4
image,SSP2-Base,Business As Usual,RER,Share|H2|AutothermalReforming,share,0.4,0.4
image,SSP2-Base,Business As Usual,RER,Share|H2|CoalCCS,share,0.0,0.0
image,SSP2-Base,Business As Usual,RER,Share|H2|CoalNoCCS,share,0.0,0.0
image,SSP2-Base,Business As Usual,RER,Share|H2|Electrolysis,share,0.2,0.2
image,SSP2-Base,Business As Usual,RER,Share|Methanol|H2,share,0.2,0.2
image,SSP2-Base,Business As Usual,RER,Share|Methanol|Biomass,share,0.1,0.1
image,SSP2-Base,Business As Usual,RER,Share|Methanol|NatGas,share,0.7,0.7
image,SSP2-Base,Business As Usual,RER,Share|Kerosene|H2,share,0.0,0.0
image,SSP2-Base,Business As Usual,RER,Share|Kerosene|Methanol,share,0.0,0.0
image,SSP2-Base,Business As Usual,RER,Share|Kerosene|Biomass,share,0.0,0.0
image,SSP2-Base,Business As Usual,RER,Share|Kerosene|NatGas,share,0.0,0.0
image,SSP2-Base,Business As Usual,RER,Share|Kerosene|Oil,share,1.0,1.0
image,SSP2-Base,Business As Usual,RER,Share|Diesel|H2,share,0.0,0.0
image,SSP2-Base,Business As Usual,RER,Share|Diesel|Methanol,share,0.0,0.0
image,SSP2-Base,Business As Usual,RER,Share|Diesel|Biomass,share,0.0,0.0
image,SSP2-Base,Business As Usual,RER,Share|Diesel|NatGas,share,0.0,0.0
image,SSP2-Base,Business As Usual,RER,Share|Diesel|Oil,share,1.0,1.0
image,SSP2-Base,Business As Usual,RER,Share|LiquefiedPetroleumGas|H2,share,0.0,0.0
image,SSP2-Base,Business As Usual,RER,Share|LiquefiedPetroleumGas|Methanol,share,0.0,0.0
image,SSP2-Base,Business As Usual,RER,Share|LiquefiedPetroleumGas|NatGas,share,0.0,0.0
image,SSP2-Base,Business As Usual,RER,Share|LiquefiedPetroleumGas|Oil,share,1.0,1.0
image,SSP2-Base,Business As Usual,CH,Share|Biogas|Biowaste,share,0.25,0.25
image,SSP2-Base,Business As Usual,CH,Share|Biogas|Sewage,share,0.25,0.25
image,SSP2-Base,Business As Usual,CH,Share|Biogas|Manure,share,0.25,0.25
image,SSP2-Base,Business As Usual,CH,Share|Biogas|Grass,share,0.25,0.25
image,SSP2-Base,Business As Usual,RER,Share|CO2|DACSolvent,share,1.0,1.0
image,SSP2-Base,Business As Usual,RER,Share|CO2|DACSorbent,share,0.0,0.0
image,SSP2-Base,Business As Usual,RER,Share|CO2|CementDirect,share,0.0,0.0
image,SSP2-Base,Business As Usual,RER,Share|CO2|CementOxyfuel,share,0.0,0.0
image,SSP2-Base,Business As Usual,RER,Share|CO2|CementMonoethanolamine,share,0.0,0.0
image,SSP2-Base,Business As Usual,RER,Share|LubricatingOil|H2,share,0.0,0.0
image,SSP2-Base,Business As Usual,RER,Share|LubricatingOil|NatGas,share,0.0,0.0
image,SSP2-Base,Business As Usual,RER,Share|LubricatingOil|Oil,share,1.0,1.0
image,SSP2-Base,Business As Usual,ES,Share|ElectricityHV|Coal,share,0.0424827994388992,0.0071833708427015
image,SSP2-Base,Business As Usual,ES,Share|ElectricityHV|CombinedCycle,share,0.1832790997929411,0.0065765688625323
image,SSP2-Base,Business As Usual,ES,Share|ElectricityHV|GasTurbine,share,0.1761284841198548,0.0410842515027693
image,SSP2-Base,Business As Usual,ES,Share|ElectricityHV|CogenerationGas,share,0.0965732200801949,0.0020019464439782
image,SSP2-Base,Business As Usual,ES,Share|ElectricityHV|Nuclear,share,0.0515681188180629,0.000644593185747
image,SSP2-Base,Business As Usual,ES,Share|ElectricityHV|Oil,share,0.0730196688155406,0.0082403511797208
image,SSP2-Base,Business As Usual,ES,Share|ElectricityHV|Geothermal,share,0.0291183506213468,0.0163162807091869
image,SSP2-Base,Business As Usual,ES,Share|ElectricityHV|HydroRunofRiver,share,0.0004975482726945,0.0096184652132734
image,SSP2-Base,Business As Usual,ES,Share|ElectricityHV|HydroReservoir,share,0.0090008934053681,0.2325756361113101
image,SSP2-Base,Business As Usual,ES,Share|ElectricityHV|Biomass,share,0.0085258259401933,0.0130562601271639
image,SSP2-Base,Business As Usual,ES,Share|ElectricityHV|Biogas,share,0.0619612381208116,0.0020587925176698
image,SSP2-Base,Business As Usual,ES,Share|ElectricityHV|WindOnshore,share,0.0273395355860439,0.2213558327245332
image,SSP2-Base,Business As Usual,ES,Share|ElectricityHV|WindOffshore,share,0.0429140721365099,0.0090566266681914
image,SSP2-Base,Business As Usual,ES,Share|ElectricityHV|SolarThermal,share,0.0181961888218005,0.3433909954362366
image,SSP2-Base,Business As Usual,ES,Share|ElectricityHV|SolarPVOpen,share,0.044889711675513,0.0264582281005254
image,SSP2-Base,Business As Usual,ES,Share|ElectricityHV|Hydrogen,share,0.0437143879003213,0.0253614196480973
image,SSP2-Base,Business As Usual,ES,Share|ElectricityHV|BatteryHydro,share,0.0205932099467757,0.0306915925861427
image,SSP2-Base,Business As Usual,ES,Share|ElectricityHV|ImportsES,share,0.0,0.0
image,SSP2-Base,Business As Usual,ES,Share|ElectricityHV|ImportsBG,share,0.0365246487448866,0.0020330784820087
image,SSP2-Base,Business As Usual,ES,Share|ElectricityHV|ImportsSE,share,0.0,0.0
image,SSP2-Base,Business As Usual,ES,Share|ElectricityHV|ImportsAT,share,0.0,0.0
image,SSP2-Base,Business As Usual,ES,Share|ElectricityHV|ImportsMK,share,0.0,0.0
image,SSP2-Base,Business As Usual,ES,Share|ElectricityHV|ImportsMD,share,0.0,0.0
image,SSP2-Base,Business As Usual,ES,Share|ElectricityHV|ImportsHR,share,0.0,0.0
image,SSP2-Base,Business As Usual,ES,Share|ElectricityHV|ImportsXK,share,0.0,0.0
image,SSP2-Base,Business As Usual,ES,Share|ElectricityHV|ImportsLU,share,0.0,0.0
image,SSP2-Base,Business As Usual,ES,Share|ElectricityHV|ImportsGR,share,0.0,0.0
image,SSP2-Base,Business As Usual,ES,Share|ElectricityHV|ImportsIS,share,0.0,0.0
image,SSP2-Base,Business As Usual,ES,Share|ElectricityHV|ImportsBA,share,0.0,0.0
image,SSP2-Base,Business As Usual,ES,Share|ElectricityHV|ImportsEE,share,0.0,0.0
image,SSP2-Base,Business As Usual,ES,Share|ElectricityHV|ImportsSK,share,0.0210086475658412,0.0020239052839897
image,SSP2-Base,Business As Usual,ES,Share|ElectricityHV|ImportsME,share,0.0,0.0
image,SSP2-Base,Business As Usual,ES,Share|ElectricityHV|ImportsLT,share,0.0,0.0
image,SSP2-Base,Business As Usual,ES,Share|ElectricityHV|ImportsSI,share,0.0,0.0
image,SSP2-Base,Business As Usual,ES,Share|ElectricityHV|ImportsIE,share,0.0,0.0
image,SSP2-Base,Business As Usual,ES,Share|ElectricityHV|ImportsBE,share,0.0126643501963992,0.0002718043742208
image,SSP2-Base,Business As Usual,ES,Share|ElectricityHV|ImportsRS,share,0.0,0.0
image,SSP2-Base,Business As Usual,ES,Share|ElectricityHV|ImportsRO,share,0.0,0.0
image,SSP2-Base,Business As Usual,ES,Share|ElectricityHV|ImportsNL,share,0.0,0.0
image,SSP2-Base,Business As Usual,ES,Share|ElectricityHV|ImportsUA,share,0.0,0.0
image,SSP2-Base,Business As Usual,ES,Share|ElectricityHV|ImportsPL,share,0.0,0.0
image,SSP2-Base,Business As Usual,ES,Share|ElectricityHV|ImportsFR,share,0.0,0.0
image,SSP2-Base,Business As Usual,ES,Share|ElectricityHV|ImportsGB,share,0.0,0.0
image,SSP2-Base,Business As Usual,ES,Share|ElectricityHV|ImportsNO,share,0.0,0.0
image,SSP2-Base,Business As Usual,ES,Share|ElectricityHV|ImportsCZ,share,0.0,0.0
image,SSP2-Base,Business As Usual,ES,Share|ElectricityHV|ImportsMT,share,0.0,0.0
image,SSP2-Base,Business As Usual,ES,Share|ElectricityHV|ImportsDK,share,0.0,0.0
image,SSP2-Base,Business As Usual,ES,Share|ElectricityHV|ImportsIT,share,0.0,0.0
image,SSP2-Base,Business As Usual,ES,Share|ElectricityHV|ImportsLV,share,0.0,0.0
image,SSP2-Base,Business As Usual,ES,Share|ElectricityHV|ImportsDE,share,0.0,0.0
image,SSP2-Base,Business As Usual,ES,Share|ElectricityHV|ImportsPT,share,0.0,0.0
image,SSP2-Base,Business As Usual,ES,Share|ElectricityHV|ImportsFI,share,0.0,0.0
image,SSP2-Base,Business As Usual,ES,Share|ElectricityHV|ImportsBY,share,0.0,0.0
image,SSP2-Base,Business As Usual,ES,Share|ElectricityHV|ImportsGI,share,0.0,0.0
image,SSP2-Base,Business As Usual,ES,Share|ElectricityHV|ImportsAL,share,0.0,0.0
image,SSP2-Base,Business As Usual,ES,Share|ElectricityHV|ImportsHU,share,0.0,0.0
image,SSP2-Base,Business As Usual,ES,Share|ElectricityHV|ImportsCH,share,0.0,0.0
image,SSP2-Base,Business As Usual,ES,Share|ElectricityMV|TransformationHVMV,share,0.8,0.5107762428487425
image,SSP2-Base,Business As Usual,ES,Share|ElectricityMV|SolarPVRoofCommercial,share,0.1,0.3892237571512575
image,SSP2-Base,Business As Usual,ES,Share|ElectricityMV|Waste,share,0.0999999999999999,0.1
image,SSP2-Base,Business As Usual,ES,Share|ElectricityLV|TransformationMVLV,share,0.8503233634954516,0.7960888790986175
image,SSP2-Base,Business As Usual,ES,Share|ElectricityLV|BatteryChemical,share,0.0496766365045484,0.0539111209013825
image,SSP2-Base,Business As Usual,ES,Share|ElectricityLV|SolarPVRoofResidential,share,0.0999999999999999,0.15
image,SSP2-Base,Business As Usual,BG,Share|ElectricityHV|Coal,share,0.0264641648053284,0.0096398775673135
image,SSP2-Base,Business As Usual,BG,Share|ElectricityHV|CombinedCycle,share,0.0277608746803996,0.0182756502864558
image,SSP2-Base,Business As Usual,BG,Share|ElectricityHV|GasTurbine,share,0.1312323640538899,0.0179665190147444
image,SSP2-Base,Business As Usual,BG,Share|ElectricityHV|CogenerationGas,share,0.0282596568634341,0.0083180788831271
image,SSP2-Base,Business As Usual,BG,Share|ElectricityHV|Nuclear,share,0.0498738123184527,0.004832730911145
image,SSP2-Base,Business As Usual,BG,Share|ElectricityHV|Oil,share,0.0018824501553843,0.0165776562505175
image,SSP2-Base,Business As Usual,BG,Share|ElectricityHV|Geothermal,share,0.0857455291632477,0.0151835878234203
image,SSP2-Base,Business As Usual,BG,Share|ElectricityHV|HydroRunofRiver,share,0.0453940044898607,0.0105598434205545
image,SSP2-Base,Business As Usual,BG,Share|ElectricityHV|HydroReservoir,share,0.0189214295711947,0.0807004388616502
image,SSP2-Base,Business As Usual,BG,Share|ElectricityHV|Biomass,share,0.013794067901169,0.1061217117813414
image,SSP2-Base,Business As Usual,BG,Share|ElectricityHV|Biogas,share,0.0357071046123602,0.0801059616153565
image,SSP2-Base,Business As Usual,BG,Share|ElectricityHV|WindOnshore,share,0.0581026386248994,0.0889081228562367
image,SSP2-Base,Business As Usual,BG,Share|ElectricityHV|WindOffshore,share,0.0866927803165855,0.1044593600566289
image,SSP2-Base,Business As Usual,BG,Share|ElectricityHV|SolarThermal,share,0.0440722958514209,0.2097333106029442
image,SSP2-Base,Business As Usual,BG,Share|ElectricityHV|SolarPVOpen,share,0.0217050589109211,0.1299725718903099
image,SSP2-Base,Business As Usual,BG,Share|ElectricityHV|Hydrogen,share,0.0915796234165246,0.019266104215724
image,SSP2-Base,Business As Usual,BG,Share|ElectricityHV|BatteryHydro,share,0.0424267210200234,0.0746860843284127
image,SSP2-Base,Business As Usual,BG,Share|ElectricityHV|ImportsES,share,0.0,0.0
image,SSP2-Base,Business As Usual,BG,Share|ElectricityHV|ImportsBG,share,0.0,0.0
image,SSP2-Base,Business As Usual,BG,Share|ElectricityHV|ImportsSE,share,0.0,0.0
image,SSP2-Base,Business As Usual,BG,Share|ElectricityHV|ImportsAT,share,0.0,0.0
image,SSP2-Base,Business As Usual,BG,Share|ElectricityHV|ImportsMK,share,0.0129807575795372,0.002375405138728
image,SSP2-Base,Business As Usual,BG,Share|ElectricityHV|ImportsMD,share,0.0,0.0
image,SSP2-Base,Business As Usual,BG,Share|ElectricityHV|ImportsHR,share,0.0,0.0
image,SSP2-Base,Business As Usual,BG,Share|ElectricityHV|ImportsXK,share,0.0,0.0
image,SSP2-Base,Business As Usual,BG,Share|ElectricityHV|ImportsLU,share,0.0,0.0
image,SSP2-Base,Business As Usual,BG,Share|ElectricityHV|ImportsGR,share,0.0,0.0
image,SSP2-Base,Business As Usual,BG,Share|ElectricityHV|ImportsIS,share,0.0,0.0
image,SSP2-Base,Business As Usual,BG,Share|ElectricityHV|ImportsBA,share,0.0,0.0
image,SSP2-Base,Business As Usual,BG,Share|ElectricityHV|ImportsEE,share,0.0,0.0
image,SSP2-Base,Business As Usual,BG,Share|ElectricityHV|ImportsSK,share,0.0,0.0
image,SSP2-Base,Business As Usual,BG,Share|ElectricityHV|ImportsME,share,0.0,0.0
image,SSP2-Base,Business As Usual,BG,Share|ElectricityHV|ImportsLT,share,0.0,0.0
image,SSP2-Base,Business As Usual,BG,Share|ElectricityHV|ImportsSI,share,0.0,0.0
image,SSP2-Base,Business As Usual,BG,Share|ElectricityHV|ImportsIE,share,0.0,0.0
image,SSP2-Base,Business As Usual,BG,Share|ElectricityHV|ImportsBE,share,0.0,0.0
image,SSP2-Base,Business As Usual,BG,Share|ElectricityHV|ImportsRS,share,0.0,0.0
image,SSP2-Base,Business As Usual,BG,Share|ElectricityHV|ImportsRO,share,0.0,0.0
image,SSP2-Base,Business As Usual,BG,Share|ElectricityHV|ImportsNL,share,0.0,0.0
image,SSP2-Base,Business As Usual,BG,Share|ElectricityHV|ImportsUA,share,0.0,0.0
image,SSP2-Base,Business As Usual,BG,Share|ElectricityHV|ImportsPL,share,0.0,0.0
image,SSP2-Base,Business As Usual,BG,Share|ElectricityHV|ImportsFR,share,0.0,0.0
image,SSP2-Base,Business As Usual,BG,Share|ElectricityHV|ImportsGB,share,0.1196672189240482,0.0012873639306467
image,SSP2-Base,Business As Usual,BG,Share|ElectricityHV|ImportsNO,share,0.0,0.0
image,SSP2-Base,Business As Usual,BG,Share|ElectricityHV|ImportsCZ,share,0.0,0.0
image,SSP2-Base,Business As Usual,BG,Share|ElectricityHV|ImportsMT,share,0.0,0.0
image,SSP2-Base,Business As Usual,BG,Share|ElectricityHV|ImportsDK,share,0.0,0.0
image,SSP2-Base,Business As Usual,BG,Share|ElectricityHV|ImportsIT,share,0.0,0.0
image,SSP2-Base,Business As Usual,BG,Share|ElectricityHV|ImportsLV,share,0.0,0.0
image,SSP2-Base,Business As Usual,BG,Share|ElectricityHV|ImportsDE,share,0.0,0.0
image,SSP2-Base,Business As Usual,BG,Share|ElectricityHV|ImportsPT,share,0.0577374467413173,0.0010296205647419
image,SSP2-Base,Business As Usual,BG,Share|ElectricityHV|ImportsFI,share,0.0,0.0
image,SSP2-Base,Business As Usual,BG,Share|ElectricityHV|ImportsBY,share,0.0,0.0
image,SSP2-Base,Business As Usual,BG,Share|ElectricityHV|ImportsGI,share,0.0,0.0
image,SSP2-Base,Business As Usual,BG,Share|ElectricityHV|ImportsAL,share,0.0,0.0
image,SSP2-Base,Business As Usual,BG,Share|ElectricityHV|ImportsHU,share,0.0,0.0
image,SSP2-Base,Business As Usual,BG,Share|ElectricityHV|ImportsCH,share,0.0,0.0
image,SSP2-Base,Business As Usual,BG,Share|ElectricityMV|TransformationHVMV,share,0.8,0.0743137094276679
image,SSP2-Base,Business As Usual,BG,Share|ElectricityMV|SolarPVRoofCommercial,share,0.1,0.8256862905723321
image,SSP2-Base,Business As Usual,BG,Share|ElectricityMV|Waste,share,0.1,0.1
image,SSP2-Base,Business As Usual,BG,Share|ElectricityLV|TransformationMVLV,share,0.8315880136629701,0.882396494530692
image,SSP2-Base,Business As Usual,BG,Share|ElectricityLV|BatteryChemical,share,0.0684119863370299,0.007824378569745
image,SSP2-Base,Business As Usual,BG,Share|ElectricityLV|SolarPVRoofResidential,share,0.0999999999999999,0.109779126899563
image,SSP2-Base,Business As Usual,SE,Share|ElectricityHV|Coal,share,0.0273765654552225,0.0003057309463911
image,SSP2-Base,Business As Usual,SE,Share|ElectricityHV|CombinedCycle,share,0.126978302769553,0.0005859961416634
image,SSP2-Base,Business As Usual,SE,Share|ElectricityHV|GasTurbine,share,0.1038741848232203,0.0020538735194571
image,SSP2-Base,Business As Usual,SE,Share|ElectricityHV|CogenerationGas,share,0.0505227547060825,0.0056117217347128
image,SSP2-Base,Business As Usual,SE,Share|ElectricityHV|Nuclear,share,0.1335643237863033,0.0012554080717563
image,SSP2-Base,Business As Usual,SE,Share|ElectricityHV|Oil,share,0.1030420147159283,0.0010652058651778
image,SSP2-Base,Business As Usual,SE,Share|ElectricityHV|Geothermal,share,0.0293134010237857,0.0413885898880539
image,SSP2-Base,Business As Usual,SE,Share|ElectricityHV|HydroRunofRiver,share,0.0034468201887275,0.073630721537496
image,SSP2-Base,Business As Usual,SE,Share|ElectricityHV|HydroReservoir,share,0.0144750627660024,0.0344895203165826
image,SSP2-Base,Business As Usual,SE,Share|ElectricityHV|Biomass,share,0.0241495899337502,0.1348781780899527
image,SSP2-Base,Business As Usual,SE,Share|ElectricityHV|Biogas,share,0.0895642047313328,0.1399049599058255
image,SSP2-Base,Business As Usual,SE,Share|ElectricityHV|WindOnshore,share,0.0309334619584543,0.0442220070146826
image,SSP2-Base,Business As Usual,SE,Share|ElectricityHV|WindOffshore,share,0.0299576597021593,0.2503523968031642
image,SSP2-Base,Business As Usual,SE,Share|ElectricityHV|SolarThermal,share,0.0367596957307709,0.0549881621498099
image,SSP2-Base,Business As Usual,SE,Share|ElectricityHV|SolarPVOpen,share,0.0162665062922557,0.1358256790446905
image,SSP2-Base,Business As Usual,SE,Share|ElectricityHV|Hydrogen,share,0.019563216271388,0.0033265897929495
image,SSP2-Base,Business As Usual,SE,Share|ElectricityHV|BatteryHydro,share,0.0712134175480317,0.0703197852497417
image,SSP2-Base,Business As Usual,SE,Share|ElectricityHV|ImportsES,share,0.0,0.0
image,SSP2-Base,Business As Usual,SE,Share|ElectricityHV|ImportsBG,share,0.0,0.0
image,SSP2-Base,Business As Usual,SE,Share|ElectricityHV|ImportsSE,share,0.0,0.0
image,SSP2-Base,Business As Usual,SE,Share|ElectricityHV|ImportsAT,share,0.0,0.0
image,SSP2-Base,Business As Usual,SE,Share|ElectricityHV|ImportsMK,share,0.0248851616666198,0.0011776698157831
image,SSP2-Base,Business As Usual,SE,Share|ElectricityHV|ImportsMD,share,0.0,0.0
image,SSP2-Base,Business As Usual,SE,Share|ElectricityHV|ImportsHR,share,0.0,0.0
image,SSP2-Base,Business As Usual,SE,Share|ElectricityHV|ImportsXK,share,0.0,0.0
image,SSP2-Base,Business As Usual,SE,Share|ElectricityHV|ImportsLU,share,0.0,0.0
image,SSP2-Base,Business As Usual,SE,Share|ElectricityHV|ImportsGR,share,0.0,0.0
image,SSP2-Base,Business As Usual,SE,Share|ElectricityHV|ImportsIS,share,0.0,0.0
image,SSP2-Base,Business As Usual,SE,Share|ElectricityHV|ImportsBA,share,0.0,0.0
image,SSP2-Base,Business As Usual,SE,Share|ElectricityHV|ImportsEE,share,0.0,0.0
image,SSP2-Base,Business As Usual,SE,Share|ElectricityHV|ImportsSK,share,0.0,0.0
image,SSP2-Base,Business As Usual,SE,Share|ElectricityHV|ImportsME,share,0.0,0.0
image,SSP2-Base,Business As Usual,SE,Share|ElectricityHV|ImportsLT,share,0.0,0.0
image,SSP2-Base,Business As Usual,SE,Share|ElectricityHV|ImportsSI,share,0.0,0.0
image,SSP2-Base,Business As Usual,SE,Share|ElectricityHV|ImportsIE,share,0.0,0.0
image,SSP2-Base,Business As Usual,SE,Share|ElectricityHV|ImportsBE,share,0.0051455847998795,0.0007261792966603
image,SSP2-Base,Business As Usual,SE,Share|ElectricityHV|ImportsRS,share,0.0,0.0
image,SSP2-Base,Business As Usual,SE,Share|ElectricityHV|ImportsRO,share,0.0,0.0
image,SSP2-Base,Business As Usual,SE,Share|ElectricityHV|ImportsNL,share,0.0,0.0
image,SSP2-Base,Business As Usual,SE,Share|ElectricityHV|ImportsUA,share,0.0,0.0
image,SSP2-Base,Business As Usual,SE,Share|ElectricityHV|ImportsPL,share,0.0,0.0
image,SSP2-Base,Business As Usual,SE,Share|ElectricityHV|ImportsFR,share,0.0,0.0
image,SSP2-Base,Business As Usual,SE,Share|ElectricityHV|ImportsGB,share,0.0,0.0
image,SSP2-Base,Business As Usual,SE,Share|ElectricityHV|ImportsNO,share,0.0,0.0
image,SSP2-Base,Business As Usual,SE,Share|ElectricityHV|ImportsCZ,share,0.0,0.0
image,SSP2-Base,Business As Usual,SE,Share|ElectricityHV|ImportsMT,share,0.0,0.0
image,SSP2-Base,Business As Usual,SE,Share|ElectricityHV|ImportsDK,share,0.0589680711305313,0.0038916248154481
image,SSP2-Base,Business As Usual,SE,Share|ElectricityHV|ImportsIT,share,0.0,0.0
image,SSP2-Base,Business As Usual,SE,Share|ElectricityHV|ImportsLV,share,0.0,0.0
image,SSP2-Base,Business As Usual,SE,Share|ElectricityHV|ImportsDE,share,0.0,0.0
image,SSP2-Base,Business As Usual,SE,Share|ElectricityHV|ImportsPT,share,0.0,0.0
image,SSP2-Base,Business As Usual,SE,Share|ElectricityHV|ImportsFI,share,0.0,0.0
image,SSP2-Base,Business As Usual,SE,Share|ElectricityHV|ImportsBY,share,0.0,0.0
image,SSP2-Base,Business As Usual,SE,Share|ElectricityHV|ImportsGI,share,0.0,0.0
image,SSP2-Base,Business As Usual,SE,Share|ElectricityHV|ImportsAL,share,0.0,0.0
image,SSP2-Base,Business As Usual,SE,Share|ElectricityHV|ImportsHU,share,0.0,0.0
image,SSP2-Base,Business As Usual,SE,Share|ElectricityHV|ImportsCH,share,0.0,0.0
image,SSP2-Base,Business As Usual,SE,Share|ElectricityMV|TransformationHVMV,share,0.8,0.6024286495654
image,SSP2-Base,Business As Usual,SE,Share|ElectricityMV|SolarPVRoofCommercial,share,0.1,0.2975713504345999
image,SSP2-Base,Business As Usual,SE,Share|ElectricityMV|Waste,share,0.1,0.0999999999999999
image,SSP2-Base,Business As Usual,SE,Share|ElectricityLV|TransformationMVLV,share,0.7974770443005272,0.7390708991247256
image,SSP2-Base,Business As Usual,SE,Share|ElectricityLV|BatteryChemical,share,0.1025229556994727,0.1109291008752743
image,SSP2-Base,Business As Usual,SE,Share|ElectricityLV|SolarPVRoofResidential,share,0.1,0.15
image,SSP2-Base,Business As Usual,AT,Share|ElectricityHV|Coal,share,0.0373349402129383,0.0039587823789451
image,SSP2-Base,Business As Usual,AT,Share|ElectricityHV|CombinedCycle,share,0.0021644028253988,0.02130829375035
image,SSP2-Base,Business As Usual,AT,Share|ElectricityHV|GasTurbine,share,0.1749114248981115,0.0251672062971824
image,SSP2-Base,Business As Usual,AT,Share|ElectricityHV|CogenerationGas,share,0.021706907588082,0.0381538734007242
image,SSP2-Base,Business As Usual,AT,Share|ElectricityHV|Nuclear,share,0.0277166976371102,0.0050350941794717
image,SSP2-Base,Business As Usual,AT,Share|ElectricityHV|Oil,share,0.0818957644086401,0.0047423314587923
image,SSP2-Base,Business As Usual,AT,Share|ElectricityHV|Geothermal,share,0.0462832249111464,0.0564532926515154
image,SSP2-Base,Business As Usual,AT,Share|ElectricityHV|HydroRunofRiver,share,0.0208010217542744,0.0577619609556564
image,SSP2-Base,Business As Usual,AT,Share|ElectricityHV|HydroReservoir,share,0.0265425254375226,0.0179627827702654
image,SSP2-Base,Business As Usual,AT,Share|ElectricityHV|Biomass,share,0.0413378107182285,0.1304665613561404
image,SSP2-Base,Business As Usual,AT,Share|ElectricityHV|Biogas,share,0.0124747209831241,0.1188105718258123
image,SSP2-Base,Business As Usual,AT,Share|ElectricityHV|WindOnshore,share,0.1157156053297093,0.3558293789202583
image,SSP2-Base,Business As Usual,AT,Share|ElectricityHV|WindOffshore,share,0.0092552512417715,0.0485670080603955
image,SSP2-Base,Business As Usual,AT,Share|ElectricityHV|SolarThermal,share,0.0235652788485059,0.0172556965865541
image,SSP2-Base,Business As Usual,AT,Share|ElectricityHV|SolarPVOpen,share,0.0173770398307675,0.0218271370510301
image,SSP2-Base,Business As Usual,AT,Share|ElectricityHV|Hydrogen,share,0.0609045540214896,0.0190666677009325
image,SSP2-Base,Business As Usual,AT,Share|ElectricityHV|BatteryHydro,share,0.1107467546160348,0.026346534394331
image,SSP2-Base,Business As Usual,AT,Share|ElectricityHV|ImportsES,share,0.0,0.0
image,SSP2-Base,Business As Usual,AT,Share|ElectricityHV|ImportsBG,share,0.0,0.0
image,SSP2-Base,Business As Usual,AT,Share|ElectricityHV|ImportsSE,share,0.0,0.0
image,SSP2-Base,Business As Usual,AT,Share|ElectricityHV|ImportsAT,share,0.0,0.0
image,SSP2-Base,Business As Usual,AT,Share|ElectricityHV|ImportsMK,share,0.0,0.0
image,SSP2-Base,Business As Usual,AT,Share|ElectricityHV|ImportsMD,share,0.0,0.0
image,SSP2-Base,Business As Usual,AT,Share|ElectricityHV|ImportsHR,share,0.0,0.0
image,SSP2-Base,Business As Usual,AT,Share|ElectricityHV|ImportsXK,share,0.0,0.0
image,SSP2-Base,Business As Usual,AT,Share|ElectricityHV|ImportsLU,share,0.0,0.0
image,SSP2-Base,Business As Usual,AT,Share|ElectricityHV|ImportsGR,share,0.0,0.0
image,SSP2-Base,Business As Usual,AT,Share|ElectricityHV|ImportsIS,share,0.0,0.0
image,SSP2-Base,Business As Usual,AT,Share|ElectricityHV|ImportsBA,share,0.1486704237985282,0.0237079849428758
image,SSP2-Base,Business As Usual,AT,Share|ElectricityHV|ImportsEE,share,0.0,0.0
image,SSP2-Base,Business As Usual,AT,Share|ElectricityHV|ImportsSK,share,0.0,0.0
image,SSP2-Base,Business As Usual,AT,Share|ElectricityHV|ImportsME,share,0.0,0.0
image,SSP2-Base,Business As Usual,AT,Share|ElectricityHV|ImportsLT,share,0.0,0.0
image,SSP2-Base,Business As Usual,AT,Share|ElectricityHV|ImportsSI,share,0.0,0.0
image,SSP2-Base,Business As Usual,AT,Share|ElectricityHV|ImportsIE,share,0.0,0.0
image,SSP2-Base,Business As Usual,AT,Share|ElectricityHV|ImportsBE,share,0.0,0.0
image,SSP2-Base,Business As Usual,AT,Share|ElectricityHV|ImportsRS,share,0.0,0.0
image,SSP2-Base,Business As Usual,AT,Share|ElectricityHV|ImportsRO,share,0.0,0.0
image,SSP2-Base,Business As Usual,AT,Share|ElectricityHV|ImportsNL,share,0.0,0.0
image,SSP2-Base,Business As Usual,AT,Share|ElectricityHV|ImportsUA,share,0.0,0.0
image,SSP2-Base,Business As Usual,AT,Share|ElectricityHV|ImportsPL,share,0.0,0.0
image,SSP2-Base,Business As Usual,AT,Share|ElectricityHV|ImportsFR,share,0.0,0.0
image,SSP2-Base,Business As Usual,AT,Share|ElectricityHV|ImportsGB,share,0.0,0.0
image,SSP2-Base,Business As Usual,AT,Share|ElectricityHV|ImportsNO,share,0.0,0.0
image,SSP2-Base,Business As Usual,AT,Share|ElectricityHV|ImportsCZ,share,0.0,0.0
image,SSP2-Base,Business As Usual,AT,Share|ElectricityHV|ImportsMT,share,0.0,0.0
image,SSP2-Base,Business As Usual,AT,Share|ElectricityHV|ImportsDK,share,0.0,0.0
image,SSP2-Base,Business As Usual,AT,Share|ElectricityHV|ImportsIT,share,0.0,0.0
image,SSP2-Base,Business As Usual,AT,Share|ElectricityHV|ImportsLV,share,0.0,0.0
image,SSP2-Base,Business As Usual,AT,Share|ElectricityHV|ImportsDE,share,0.0018717592895457,0.0050957573954982
image,SSP2-Base,Business As Usual,AT,Share|ElectricityHV|ImportsPT,share,0.0,0.0
image,SSP2-Base,Business As Usual,AT,Share|ElectricityHV|ImportsFI,share,0.0,0.0
image,SSP2-Base,Business As Usual,AT,Share|ElectricityHV|ImportsBY,share,0.0,0.0
image,SSP2-Base,Business As Usual,AT,Share|ElectricityHV|ImportsGI,share,0.0,0.0
image,SSP2-Base,Business As Usual,AT,Share|ElectricityHV|ImportsAL,share,0.0,0.0
image,SSP2-Base,Business As Usual,AT,Share|ElectricityHV|ImportsHU,share,0.0187238916490696,0.002483083923268
image,SSP2-Base,Business As Usual,AT,Share|ElectricityHV|ImportsCH,share,0.0,0.0
image,SSP2-Base,Business As Usual,AT,Share|ElectricityMV|TransformationHVMV,share,0.8,0.6522264101372917
image,SSP2-Base,Business As Usual,AT,Share|ElectricityMV|SolarPVRoofCommercial,share,0.1,0.2477735898627083
image,SSP2-Base,Business As Usual,AT,Share|ElectricityMV|Waste,share,0.1,0.1
image,SSP2-Base,Business As Usual,AT,Share|ElectricityLV|TransformationMVLV,share,0.7440530470178784,0.7187445762589671
image,SSP2-Base,Business As Usual,AT,Share|ElectricityLV|BatteryChemical,share,0.2,0.2
image,SSP2-Base,Business As Usual,AT,Share|ElectricityLV|SolarPVRoofResidential,share,0.0559469529821215,0.0812554237410329
image,SSP2-Base,Business As Usual,MK,Share|ElectricityHV|Coal,share,0.0735760366807967,0.0053071296214931
image,SSP2-Base,Business As Usual,MK,Share|ElectricityHV|CombinedCycle,share,0.0953388529409311,0.0059646229336951
image,SSP2-Base,Business As Usual,MK,Share|ElectricityHV|GasTurbine,share,0.1771694092136915,0.0068765583300562
image,SSP2-Base,Business As Usual,MK,Share|ElectricityHV|CogenerationGas,share,0.0263972414981199,0.0149557212226473
image,SSP2-Base,Business As Usual,MK,Share|ElectricityHV|Nuclear,share,0.1183788934911859,0.0008536004570454
image,SSP2-Base,Business As Usual,MK,Share|ElectricityHV|Oil,share,0.0035744524702213,0.0443620133605182
image,SSP2-Base,Business As Usual,MK,Share|ElectricityHV|Geothermal,share,0.0077519316433338,0.0334914961222502
image,SSP2-Base,Business As Usual,MK,Share|ElectricityHV|HydroRunofRiver,share,0.003658235337333,0.0895450172545172
image,SSP2-Base,Business As Usual,MK,Share|ElectricityHV|HydroReservoir,share,0.0111700304129294,0.0079763278703455
image,SSP2-Base,Business As Usual,MK,Share|ElectricityHV|Biomass,share,0.061466320625049,0.0585007937857817
image,SSP2-Base,Business As Usual,MK,Share|ElectricityHV|Biogas,share,0.0147451057706609,0.2260713455624048
image,SSP2-Base,Business As Usual,MK,Share|ElectricityHV|WindOnshore,share,0.0185512639652424,0.2007807458751699
image,SSP2-Base,Business As Usual,MK,Share|ElectricityHV|WindOffshore,share,0.0409135596933125,0.0873562583194186
image,SSP2-Base,Business As Usual,MK,Share|ElectricityHV|SolarThermal,share,0.0495675435156735,0.0161058217180768
image,SSP2-Base,Business As Usual,MK,Share|ElectricityHV|SolarPVOpen,share,0.0192462504986097,0.1453548431352489
image,SSP2-Base,Business As Usual,MK,Share|ElectricityHV|Hydrogen,share,0.0141667014674517,0.0005202509386263
image,SSP2-Base,Business As Usual,MK,Share|ElectricityHV|BatteryHydro,share,0.1217395065369531,0.0152820250634878
image,SSP2-Base,Business As Usual,MK,Share|ElectricityHV|ImportsES,share,0.0,0.0
image,SSP2-Base,Business As Usual,MK,Share|ElectricityHV|ImportsBG,share,0.0,0.0
image,SSP2-Base,Business As Usual,MK,Share|ElectricityHV|ImportsSE,share,0.0,0.0
image,SSP2-Base,Business As Usual,MK,Share|ElectricityHV|ImportsAT,share,0.0,0.0
image,SSP2-Base,Business As Usual,MK,Share|ElectricityHV|ImportsMK,share,0.0,0.0
image,SSP2-Base,Business As Usual,MK,Share|ElectricityHV|ImportsMD,share,0.0026000106257806,0.0145289341503302
image,SSP2-Base,Business As Usual,MK,Share|ElectricityHV|ImportsHR,share,0.0,0.0
image,SSP2-Base,Business As Usual,MK,Share|ElectricityHV|ImportsXK,share,0.0,0.0
image,SSP2-Base,Business As Usual,MK,Share|ElectricityHV|ImportsLU,share,0.0,0.0
image,SSP2-Base,Business As Usual,MK,Share|ElectricityHV|ImportsGR,share,0.0,0.0
image,SSP2-Base,Business As Usual,MK,Share|ElectricityHV|ImportsIS,share,0.0,0.0
image,SSP2-Base,Business As Usual,MK,Share|ElectricityHV|ImportsBA,share,0.0,0.0
image,SSP2-Base,Business As Usual,MK,Share|ElectricityHV|ImportsEE,share,0.0,0.0
image,SSP2-Base,Business As Usual,MK,Share|ElectricityHV|ImportsSK,share,0.0,0.0
image,SSP2-Base,Business As Usual,MK,Share|ElectricityHV|ImportsME,share,0.0,0.0
image,SSP2-Base,Business As Usual,MK,Share|ElectricityHV|ImportsLT,share,0.0,0.0
image,SSP2-Base,Business As Usual,MK,Share|ElectricityHV|ImportsSI,share,0.0613662320570078,0.0054838879605688
image,SSP2-Base,Business As Usual,MK,Share|ElectricityHV|ImportsIE,share,0.0,0.0
image,SSP2-Base,Business As Usual,MK,Share|ElectricityHV|ImportsBE,share,0.0,0.0
image,SSP2-Base,Business As Usual,MK,Share|ElectricityHV|ImportsRS,share,0.0,0.0
image,SSP2-Base,Business As Usual,MK,Share|ElectricityHV|ImportsRO,share,0.0,0.0
image,SSP2-Base,Business As Usual,MK,Share|ElectricityHV|ImportsNL,share,0.0,0.0
image,SSP2-Base,Business As Usual,MK,Share|ElectricityHV|ImportsUA,share,0.0,0.0
image,SSP2-Base,Business As Usual,MK,Share|ElectricityHV|ImportsPL,share,0.0,0.0
image,SSP2-Base,Business As Usual,MK,Share|ElectricityHV|ImportsFR,share,0.0,0.0
image,SSP2-Base,Business As Usual,MK,Share|ElectricityHV|ImportsGB,share,0.0,0.0
image,SSP2-Base,Business As Usual,MK,Share|ElectricityHV|ImportsNO,share,0.0,0.0
image,SSP2-Base,Business As Usual,MK,Share|ElectricityHV|ImportsCZ,share,0.0,0.0
image,SSP2-Base,Business As Usual,MK,Share|ElectricityHV|ImportsMT,share,0.0,0.0
image,SSP2-Base,Business As Usual,MK,Share|ElectricityHV|ImportsDK,share,0.0,0.0
image,SSP2-Base,Business As Usual,MK,Share|ElectricityHV|ImportsIT,share,0.0,0.0
image,SSP2-Base,Business As Usual,MK,Share|ElectricityHV|ImportsLV,share,0.0,0.0
image,SSP2-Base,Business As Usual,MK,Share|ElectricityHV|ImportsDE,share,0.0,0.0
image,SSP2-Base,Business As Usual,MK,Share|ElectricityHV|ImportsPT,share,0.0,0.0
image,SSP2-Base,Business As Usual,MK,Share|ElectricityHV|ImportsFI,share,0.0,0.0
image,SSP2-Base,Business As Usual,MK,Share|ElectricityHV|ImportsBY,share,0.0,0.0
image,SSP2-Base,Business As Usual,MK,Share|ElectricityHV|ImportsGI,share,0.0,0.0
image,SSP2-Base,Business As Usual,MK,Share|ElectricityHV|ImportsAL,share,0.0786224215557151,0.0206826063183173
image,SSP2-Base,Business As Usual,MK,Share|ElectricityHV|ImportsHU,share,0.0,0.0
image,SSP2-Base,Business As Usual,MK,Share|ElectricityHV|ImportsCH,share,0.0,0.0
image,SSP2-Base,Business As Usual,MK,Share|ElectricityMV|TransformationHVMV,share,0.8,0.6453313087481228
image,SSP2-Base,Business As Usual,MK,Share|ElectricityMV|SolarPVRoofCommercial,share,0.1,0.2546686912518772
image,SSP2-Base,Business As Usual,MK,Share|ElectricityMV|Waste,share,0.1,0.1
image,SSP2-Base,Business As Usual,MK,Share|ElectricityLV|TransformationMVLV,share,0.8551262473269189,0.6822555007710548
image,SSP2-Base,Business As Usual,MK,Share|ElectricityLV|BatteryChemical,share,0.0448737526730812,0.1677444992289452
image,SSP2-Base,Business As Usual,MK,Share|ElectricityLV|SolarPVRoofResidential,share,0.1,0.15
image,SSP2-Base,Business As Usual,MD,Share|ElectricityHV|Coal,share,0.2048355271942923,0.0258223277006039
image,SSP2-Base,Business As Usual,MD,Share|ElectricityHV|CombinedCycle,share,0.0188067482017377,0.0009154477516059
image,SSP2-Base,Business As Usual,MD,Share|ElectricityHV|GasTurbine,share,0.1949620400503346,0.0309928783063008
image,SSP2-Base,Business As Usual,MD,Share|ElectricityHV|CogenerationGas,share,0.0229254868980815,0.0031573500633399
image,SSP2-Base,Business As Usual,MD,Share|ElectricityHV|Nuclear,share,0.0584433254571712,0.0137185511184828
image,SSP2-Base,Business As Usual,MD,Share|ElectricityHV|Oil,share,0.0737956254110819,0.0548693520906957
image,SSP2-Base,Business As Usual,MD,Share|ElectricityHV|Geothermal,share,0.0097723856336165,0.0335706148008972
image,SSP2-Base,Business As Usual,MD,Share|ElectricityHV|HydroRunofRiver,share,0.0309786841078213,0.0521647766821228
image,SSP2-Base,Business As Usual,MD,Share|ElectricityHV|HydroReservoir,share,0.003343200536079,0.0132904101990302
image,SSP2-Base,Business As Usual,MD,Share|ElectricityHV|Biomass,share,0.0261996700239929,0.2269531929230432
image,SSP2-Base,Business As Usual,MD,Share|ElectricityHV|Biogas,share,0.0352855989061312,0.0155174420448702
image,SSP2-Base,Business As Usual,MD,Share|ElectricityHV|WindOnshore,share,0.0117655591699449,0.0956590776659476
image,SSP2-Base,Business As Usual,MD,Share|ElectricityHV|WindOffshore,share,0.052340056190528,0.1562638880966991
image,SSP2-Base,Business As Usual,MD,Share|ElectricityHV|SolarThermal,share,0.0081224385419248,0.1043000153311525
image,SSP2-Base,Business As Usual,MD,Share|ElectricityHV|SolarPVOpen,share,0.061237243014294,0.0727865820002887
image,SSP2-Base,Business As Usual,MD,Share|ElectricityHV|Hydrogen,share,0.1282711223510008,0.0135003584814371
image,SSP2-Base,Business As Usual,MD,Share|ElectricityHV|BatteryHydro,share,0.0521135277849472,0.0081927012330381
image,SSP2-Base,Business As Usual,MD,Share|ElectricityHV|ImportsES,share,0.0,0.0
image,SSP2-Base,Business As Usual,MD,Share|ElectricityHV|ImportsBG,share,0.0,0.0
image,SSP2-Base,Business As Usual,MD,Share|ElectricityHV|ImportsSE,share,0.0,0.0
image,SSP2-Base,Business As Usual,MD,Share|ElectricityHV|ImportsAT,share,0.0,0.0
image,SSP2-Base,Business As Usual,MD,Share|ElectricityHV|ImportsMK,share,0.0,0.0
image,SSP2-Base,Business As Usual,MD,Share|ElectricityHV|ImportsMD,share,0.0,0.0
image,SSP2-Base,Business As Usual,MD,Share|ElectricityHV|ImportsHR,share,0.0,0.0
image,SSP2-Base,Business As Usual,MD,Share|ElectricityHV|ImportsXK,share,0.0,0.0
image,SSP2-Base,Business As Usual,MD,Share|ElectricityHV|ImportsLU,share,0.0,0.0
image,SSP2-Base,Business As Usual,MD,Share|ElectricityHV|ImportsGR,share,0.0,0.0
image,SSP2-Base,Business As Usual,MD,Share|ElectricityHV|ImportsIS,share,0.0,0.0
image,SSP2-Base,Business As Usual,MD,Share|ElectricityHV|ImportsBA,share,0.000428209364185,0.0336792177518863
image,SSP2-Base,Business As Usual,MD,Share|ElectricityHV|ImportsEE,share,0.0,0.0
image,SSP2-Base,Business As Usual,MD,Share|ElectricityHV|ImportsSK,share,0.0,0.0
image,SSP2-Base,Business As Usual,MD,Share|ElectricityHV|ImportsME,share,0.0,0.0
image,SSP2-Base,Business As Usual,MD,Share|ElectricityHV|ImportsLT,share,0.0,0.0
image,SSP2-Base,Business As Usual,MD,Share|ElectricityHV|ImportsSI,share,0.0,0.0
image,SSP2-Base,Business As Usual,MD,Share|ElectricityHV|ImportsIE,share,0.0,0.0
image,SSP2-Base,Business As Usual,MD,Share|ElectricityHV|ImportsBE,share,0.0,0.0
image,SSP2-Base,Business As Usual,MD,Share|ElectricityHV|ImportsRS,share,0.0,0.0
image,SSP2-Base,Business As Usual,MD,Share|ElectricityHV|ImportsRO,share,0.0060971935302097,0.0393049525998965
image,SSP2-Base,Business As Usual,MD,Share|ElectricityHV|ImportsNL,share,0.0,0.0
image,SSP2-Base,Business As Usual,MD,Share|ElectricityHV|ImportsUA,share,0.0,0.0
image,SSP2-Base,Business As Usual,MD,Share|ElectricityHV|ImportsPL,share,0.0,0.0
image,SSP2-Base,Business As Usual,MD,Share|ElectricityHV|ImportsFR,share,0.0,0.0
image,SSP2-Base,Business As Usual,MD,Share|ElectricityHV|ImportsGB,share,0.0,0.0
image,SSP2-Base,Business As Usual,MD,Share|ElectricityHV|ImportsNO,share,0.0,0.0
image,SSP2-Base,Business As Usual,MD,Share|ElectricityHV|ImportsCZ,share,0.0,0.0
image,SSP2-Base,Business As Usual,MD,Share|ElectricityHV|ImportsMT,share,0.0,0.0
image,SSP2-Base,Business As Usual,MD,Share|ElectricityHV|ImportsDK,share,0.0,0.0
image,SSP2-Base,Business As Usual,MD,Share|ElectricityHV|ImportsIT,share,0.0002763576326245,0.0053408631586606
image,SSP2-Base,Business As Usual,MD,Share|ElectricityHV|ImportsLV,share,0.0,0.0
image,SSP2-Base,Business As Usual,MD,Share|ElectricityHV|ImportsDE,share,0.0,0.0
image,SSP2-Base,Business As Usual,MD,Share|ElectricityHV|ImportsPT,share,0.0,0.0
image,SSP2-Base,Business As Usual,MD,Share|ElectricityHV|ImportsFI,share,0.0,0.0
image,SSP2-Base,Business As Usual,MD,Share|ElectricityHV|ImportsBY,share,0.0,0.0
image,SSP2-Base,Business As Usual,MD,Share|ElectricityHV|ImportsGI,share,0.0,0.0
image,SSP2-Base,Business As Usual,MD,Share|ElectricityHV|ImportsAL,share,0.0,0.0
image,SSP2-Base,Business As Usual,MD,Share|ElectricityHV|ImportsHU,share,0.0,0.0
image,SSP2-Base,Business As Usual,MD,Share|ElectricityHV|ImportsCH,share,0.0,0.0
image,SSP2-Base,Business As Usual,MD,Share|ElectricityMV|TransformationHVMV,share,0.8,0.4356237766875558
image,SSP2-Base,Business As Usual,MD,Share|ElectricityMV|SolarPVRoofCommercial,share,0.1,0.4643762233124442
image,SSP2-Base,Business As Usual,MD,Share|ElectricityMV|Waste,share,0.1,0.1
image,SSP2-Base,Business As Usual,MD,Share|ElectricityLV|TransformationMVLV,share,0.8030955086682239,0.8055812380288445
image,SSP2-Base,Business As Usual,MD,Share|ElectricityLV|BatteryChemical,share,0.0969044913317759,0.0444187619711554
image,SSP2-Base,Business As Usual,MD,Share|ElectricityLV|SolarPVRoofResidential,share,0.0999999999999999,0.15
image,SSP2-Base,Business As Usual,HR,Share|ElectricityHV|Coal,share,0.1473772924730417,0.016765742080211
image,SSP2-Base,Business As Usual,HR,Share|ElectricityHV|CombinedCycle,share,0.0092787238827789,0.0145768214358432
image,SSP2-Base,Business As Usual,HR,Share|ElectricityHV|GasTurbine,share,0.0681347726976345,0.0233430946523214
image,SSP2-Base,Business As Usual,HR,Share|ElectricityHV|CogenerationGas,share,0.0271474546959981,0.035856829136801
image,SSP2-Base,Business As Usual,HR,Share|ElectricityHV|Nuclear,share,0.0299578029011821,0.0394450047039895
image,SSP2-Base,Business As Usual,HR,Share|ElectricityHV|Oil,share,0.0747354149570524,0.0090516170535289
image,SSP2-Base,Business As Usual,HR,Share|ElectricityHV|Geothermal,share,0.0384315549274112,0.0706700938789902
image,SSP2-Base,Business As Usual,HR,Share|ElectricityHV|HydroRunofRiver,share,0.0062018717346913,0.0693940214772934
image,SSP2-Base,Business As Usual,HR,Share|ElectricityHV|HydroReservoir,share,0.1038933094597014,0.1045574541291624
image,SSP2-Base,Business As Usual,HR,Share|ElectricityHV|Biomass,share,0.0413132859377553,0.1299218985169605
image,SSP2-Base,Business As Usual,HR,Share|ElectricityHV|Biogas,share,0.0308336983093281,0.007730420925912
image,SSP2-Base,Business As Usual,HR,Share|ElectricityHV|WindOnshore,share,0.0262700478497997,0.0747161313466278
image,SSP2-Base,Business As Usual,HR,Share|ElectricityHV|WindOffshore,share,0.1132726128913992,0.149346002983382
image,SSP2-Base,Business As Usual,HR,Share|ElectricityHV|SolarThermal,share,0.0192782839945134,0.0426217488071336
image,SSP2-Base,Business As Usual,HR,Share|ElectricityHV|SolarPVOpen,share,0.0093887365648319,0.0649976315633282
image,SSP2-Base,Business As Usual,HR,Share|ElectricityHV|Hydrogen,share,0.1877912234152744,0.0042137704597946
image,SSP2-Base,Business As Usual,HR,Share|ElectricityHV|BatteryHydro,share,0.0203489076620086,0.073093469729409
image,SSP2-Base,Business As Usual,HR,Share|ElectricityHV|ImportsES,share,0.0,0.0
image,SSP2-Base,Business As Usual,HR,Share|ElectricityHV|ImportsBG,share,0.0,0.0
image,SSP2-Base,Business As Usual,HR,Share|ElectricityHV|ImportsSE,share,0.0,0.0
image,SSP2-Base,Business As Usual,HR,Share|ElectricityHV|ImportsAT,share,0.0,0.0
image,SSP2-Base,Business As Usual,HR,Share|ElectricityHV|ImportsMK,share,0.0,0.0
image,SSP2-Base,Business As Usual,HR,Share|ElectricityHV|ImportsMD,share,0.0,0.0
image,SSP2-Base,Business As Usual,HR,Share|ElectricityHV|ImportsHR,share,0.0,0.0
image,SSP2-Base,Business As Usual,HR,Share|ElectricityHV|ImportsXK,share,0.0,0.0
image,SSP2-Base,Business As Usual,HR,Share|ElectricityHV|ImportsLU,share,0.0180329752675916,0.0294448440346609
image,SSP2-Base,Business As Usual,HR,Share|ElectricityHV|ImportsGR,share,0.0,0.0
image,SSP2-Base,Business As Usual,HR,Share|ElectricityHV|ImportsIS,share,0.0,0.0
image,SSP2-Base,Business As Usual,HR,Share|ElectricityHV|ImportsBA,share,0.0,0.0
image,SSP2-Base,Business As Usual,HR,Share|ElectricityHV|ImportsEE,share,0.0,0.0
image,SSP2-Base,Business As Usual,HR,Share|ElectricityHV|ImportsSK,share,0.0,0.0
image,SSP2-Base,Business As Usual,HR,Share|ElectricityHV|ImportsME,share,0.0,0.0
image,SSP2-Base,Business As Usual,HR,Share|ElectricityHV|ImportsLT,share,0.0,0.0
image,SSP2-Base,Business As Usual,HR,Share|ElectricityHV|ImportsSI,share,0.0,0.0
image,SSP2-Base,Business As Usual,HR,Share|ElectricityHV|ImportsIE,share,0.0,0.0
image,SSP2-Base,Business As Usual,HR,Share|ElectricityHV|ImportsBE,share,0.0,0.0
image,SSP2-Base,Business As Usual,HR,Share|ElectricityHV|ImportsRS,share,0.0,0.0
image,SSP2-Base,Business As Usual,HR,Share|ElectricityHV|ImportsRO,share,0.0,0.0
image,SSP2-Base,Business As Usual,HR,Share|ElectricityHV|ImportsNL,share,0.0,0.0
image,SSP2-Base,Business As Usual,HR,Share|ElectricityHV|ImportsUA,share,0.0,0.0
image,SSP2-Base,Business As Usual,HR,Share|ElectricityHV|ImportsPL,share,0.0,0.0
image,SSP2-Base,Business As Usual,HR,Share|ElectricityHV|ImportsFR,share,0.0,0.0
image,SSP2-Base,Business As Usual,HR,Share|ElectricityHV|ImportsGB,share,0.0,0.0
image,SSP2-Base,Business As Usual,HR,Share|ElectricityHV|ImportsNO,share,0.0,0.0
image,SSP2-Base,Business As Usual,HR,Share|ElectricityHV|ImportsCZ,share,0.0,0.0
image,SSP2-Base,Business As Usual,HR,Share|ElectricityHV|ImportsMT,share,0.0,0.0
image,SSP2-Base,Business As Usual,HR,Share|ElectricityHV|ImportsDK,share,0.0,0.0
image,SSP2-Base,Business As Usual,HR,Share|ElectricityHV|ImportsIT,share,0.0,0.0
image,SSP2-Base,Business As Usual,HR,Share|ElectricityHV|ImportsLV,share,0.0,0.0
image,SSP2-Base,Business As Usual,HR,Share|ElectricityHV|ImportsDE,share,0.0006353476400234,0.0329553045251888
image,SSP2-Base,Business As Usual,HR,Share|ElectricityHV|ImportsPT,share,0.0,0.0
image,SSP2-Base,Business As Usual,HR,Share|ElectricityHV|ImportsFI,share,0.0,0.0
image,SSP2-Base,Business As Usual,HR,Share|ElectricityHV|ImportsBY,share,0.0,0.0
image,SSP2-Base,Business As Usual,HR,Share|ElectricityHV|ImportsGI,share,0.0,0.0
image,SSP2-Base,Business As Usual,HR,Share|ElectricityHV|ImportsAL,share,0.027676682737982,0.0072980985594606
image,SSP2-Base,Business As Usual,HR,Share|ElectricityHV|ImportsHU,share,0.0,0.0
image,SSP2-Base,Business As Usual,HR,Share|ElectricityHV|ImportsCH,share,0.0,0.0
image,SSP2-Base,Business As Usual,HR,Share|ElectricityMV|TransformationHVMV,share,0.8,0.8363109811685105
image,SSP2-Base,Business As Usual,HR,Share|ElectricityMV|SolarPVRoofCommercial,share,0.1,0.0636890188314893
image,SSP2-Base,Business As Usual,HR,Share|ElectricityMV|Waste,share,0.1,0.0999999999999999
image,SSP2-Base,Business As Usual,HR,Share|ElectricityLV|TransformationMVLV,share,0.8834682881901147,0.6945118349308803
image,SSP2-Base,Business As Usual,HR,Share|ElectricityLV|BatteryChemical,share,0.0165317118098853,0.2
image,SSP2-Base,Business As Usual,HR,Share|ElectricityLV|SolarPVRoofResidential,share,0.0999999999999999,0.1054881650691198
image,SSP2-Base,Business As Usual,XK,Share|ElectricityHV|Coal,share,0.0732585136513992,0.0124364556085488
image,SSP2-Base,Business As Usual,XK,Share|ElectricityHV|CombinedCycle,share,0.0230845881664026,0.0130076380300318
image,SSP2-Base,Business As Usual,XK,Share|ElectricityHV|GasTurbine,share,0.139137168347478,0.0136032725090168
image,SSP2-Base,Business As Usual,XK,Share|ElectricityHV|CogenerationGas,share,0.0138304945499906,0.000519413131667
image,SSP2-Base,Business As Usual,XK,Share|ElectricityHV|Nuclear,share,0.1620495747552051,0.0148560976004501
image,SSP2-Base,Business As Usual,XK,Share|ElectricityHV|Oil,share,0.0342160068731031,0.0038262058482735
image,SSP2-Base,Business As Usual,XK,Share|ElectricityHV|Geothermal,share,0.0301350739636255,0.0351231877832043
image,SSP2-Base,Business As Usual,XK,Share|ElectricityHV|HydroRunofRiver,share,0.0221152393632992,0.0620398682722379
image,SSP2-Base,Business As Usual,XK,Share|ElectricityHV|HydroReservoir,share,0.0220253924107087,0.2447139067290751
image,SSP2-Base,Business As Usual,XK,Share|ElectricityHV|Biomass,share,0.0204870522119505,0.0163813920110561
image,SSP2-Base,Business As Usual,XK,Share|ElectricityHV|Biogas,share,0.0267553605998445,0.0598201252730928
image,SSP2-Base,Business As Usual,XK,Share|ElectricityHV|WindOnshore,share,0.0756734736160203,0.0466009191190402
image,SSP2-Base,Business As Usual,XK,Share|ElectricityHV|WindOffshore,share,0.0364407301085691,0.1465799949886223
image,SSP2-Base,Business As Usual,XK,Share|ElectricityHV|SolarThermal,share,0.0054022100322613,0.045130816110181
image,SSP2-Base,Business As Usual,XK,Share|ElectricityHV|SolarPVOpen,share,0.0634873279794348,0.078289939896047
image,SSP2-Base,Business As Usual,XK,Share|ElectricityHV|Hydrogen,share,0.0612114731010742,0.0024487851120314
image,SSP2-Base,Business As Usual,XK,Share|ElectricityHV|BatteryHydro,share,0.0432037734637089,0.1689632942628134
image,SSP2-Base,Business As Usual,XK,Share|ElectricityHV|ImportsES,share,0.0,0.0
image,SSP2-Base,Business As Usual,XK,Share|ElectricityHV|ImportsBG,share,0.0,0.0
image,SSP2-Base,Business As Usual,XK,Share|ElectricityHV|ImportsSE,share,0.0,0.0
image,SSP2-Base,Business As Usual,XK,Share|ElectricityHV|ImportsAT,share,0.0,0.0
image,SSP2-Base,Business As Usual,XK,Share|ElectricityHV|ImportsMK,share,0.0,0.0
image,SSP2-Base,Business As Usual,XK,Share|ElectricityHV|ImportsMD,share,0.0,0.0
image,SSP2-Base,Business As Usual,XK,Share|ElectricityHV|ImportsHR,share,0.0,0.0
image,SSP2-Base,Business As Usual,XK,Share|ElectricityHV|ImportsXK,share,0.0,0.0
image,SSP2-Base,Business As Usual,XK,Share|ElectricityHV|ImportsLU,share,0.0,0.0
image,SSP2-Base,Business As Usual,XK,Share|ElectricityHV|ImportsGR,share,0.0,0.0
image,SSP2-Base,Business As Usual,XK,Share|ElectricityHV|ImportsIS,share,0.0,0.0
image,SSP2-Base,Business As Usual,XK,Share|ElectricityHV|ImportsBA,share,0.0,0.0
image,SSP2-Base,Business As Usual,XK,Share|ElectricityHV|ImportsEE,share,0.0,0.0
image,SSP2-Base,Business As Usual,XK,Share|ElectricityHV|ImportsSK,share,0.0,0.0
image,SSP2-Base,Business As Usual,XK,Share|ElectricityHV|ImportsME,share,0.0,0.0
image,SSP2-Base,Business As Usual,XK,Share|ElectricityHV|ImportsLT,share,0.0278271785666152,0.0021950139070369
image,SSP2-Base,Business As Usual,XK,Share|ElectricityHV|ImportsSI,share,0.0,0.0
image,SSP2-Base,Business As Usual,XK,Share|ElectricityHV|ImportsIE,share,0.0,0.0
image,SSP2-Base,Business As Usual,XK,Share|ElectricityHV|ImportsBE,share,0.0,0.0
image,SSP2-Base,Business As Usual,XK,Share|ElectricityHV|ImportsRS,share,0.0,0.0
image,SSP2-Base,Business As Usual,XK,Share|ElectricityHV|ImportsRO,share,0.0,0.0
image,SSP2-Base,Business As Usual,XK,Share|ElectricityHV|ImportsNL,share,0.0,0.0
image,SSP2-Base,Business As Usual,XK,Share|ElectricityHV|ImportsUA,share,0.0,0.0
image,SSP2-Base,Business As Usual,XK,Share|ElectricityHV|ImportsPL,share,0.0904725483500348,0.0022569758954431
image,SSP2-Base,Business As Usual,XK,Share|ElectricityHV|ImportsFR,share,0.0,0.0
image,SSP2-Base,Business As Usual,XK,Share|ElectricityHV|ImportsGB,share,0.0,0.0
image,SSP2-Base,Business As Usual,XK,Share|ElectricityHV|ImportsNO,share,0.0,0.0
image,SSP2-Base,Business As Usual,XK,Share|ElectricityHV|ImportsCZ,share,0.0,0.0
image,SSP2-Base,Business As Usual,XK,Share|ElectricityHV|ImportsMT,share,0.0,0.0
image,SSP2-Base,Business As Usual,XK,Share|ElectricityHV|ImportsDK,share,0.0,0.0
image,SSP2-Base,Business As Usual,XK,Share|ElectricityHV|ImportsIT,share,0.0,0.0
image,SSP2-Base,Business As Usual,XK,Share|ElectricityHV|ImportsLV,share,0.0,0.0
image,SSP2-Base,Business As Usual,XK,Share|ElectricityHV|ImportsDE,share,0.0,0.0
image,SSP2-Base,Business As Usual,XK,Share|ElectricityHV|ImportsPT,share,0.0291868198892732,0.0312066979121295
image,SSP2-Base,Business As Usual,XK,Share|ElectricityHV|ImportsFI,share,0.0,0.0
image,SSP2-Base,Business As Usual,XK,Share|ElectricityHV|ImportsBY,share,0.0,0.0
image,SSP2-Base,Business As Usual,XK,Share|ElectricityHV|ImportsGI,share,0.0,0.0
image,SSP2-Base,Business As Usual,XK,Share|ElectricityHV|ImportsAL,share,0.0,0.0
image,SSP2-Base,Business As Usual,XK,Share|ElectricityHV|ImportsHU,share,0.0,0.0
image,SSP2-Base,Business As Usual,XK,Share|ElectricityHV|ImportsCH,share,0.0,0.0
image,SSP2-Base,Business As Usual,XK,Share|ElectricityMV|TransformationHVMV,share,0.8,0.8291196417750397
image,SSP2-Base,Business As Usual,XK,Share|ElectricityMV|SolarPVRoofCommercial,share,0.1,0.0708803582249603
image,SSP2-Base,Business As Usual,XK,Share|ElectricityMV|Waste,share,0.1,0.1
image,SSP2-Base,Business As Usual,XK,Share|ElectricityLV|TransformationMVLV,share,0.7454052605388864,0.7133565430839038
image,SSP2-Base,Business As Usual,XK,Share|ElectricityLV|BatteryChemical,share,0.1545947394611136,0.1366434569160962
image,SSP2-Base,Business As Usual,XK,Share|ElectricityLV|SolarPVRoofResidential,share,0.1,0.15
image,SSP2-Base,Business As Usual,LU,Share|ElectricityHV|Coal,share,0.0045873477347498,0.0223517517176894
image,SSP2-Base,Business As Usual,LU,Share|ElectricityHV|CombinedCycle,share,0.017324641783042,0.0203050506279014
image,SSP2-Base,Business As Usual,LU,Share|ElectricityHV|GasTurbine,share,0.0497853183238526,0.0104504825748239
image,SSP2-Base,Business As Usual,LU,Share|ElectricityHV|CogenerationGas,share,0.1237813278604871,0.0865649832370439
image,SSP2-Base,Business As Usual,LU,Share|ElectricityHV|Nuclear,share,0.0935915433516767,0.0467268307437996
image,SSP2-Base,Business As Usual,LU,Share|ElectricityHV|Oil,share,0.123393550337928,0.0198123880802239
image,SSP2-Base,Business As Usual,LU,Share|ElectricityHV|Geothermal,share,0.0242385884261359,0.0776134973944122
image,SSP2-Base,Business As Usual,LU,Share|ElectricityHV|HydroRunofRiver,share,0.0383175611408504,0.1751835648561987
image,SSP2-Base,Business As Usual,LU,Share|ElectricityHV|HydroReservoir,share,0.0957161929854894,0.1383006449114107
image,SSP2-Base,Business As Usual,LU,Share|ElectricityHV|Biomass,share,0.0454991110061892,0.0466663863506501
image,SSP2-Base,Business As Usual,LU,Share|ElectricityHV|Biogas,share,0.059617243289955,0.0783563895864052
image,SSP2-Base,Business As Usual,LU,Share|ElectricityHV|WindOnshore,share,0.0368157351837483,0.0457955533461095
image,SSP2-Base,Business As Usual,LU,Share|ElectricityHV|WindOffshore,share,0.0188981237745225,0.010810183414331
image,SSP2-Base,Business As Usual,LU,Share|ElectricityHV|SolarThermal,share,0.0707332270348323,0.0039525730405897
image,SSP2-Base,Business As Usual,LU,Share|ElectricityHV|SolarPVOpen,share,0.0904563559889247,0.0629710237458654
image,SSP2-Base,Business As Usual,LU,Share|ElectricityHV|Hydrogen,share,0.0755547930369645,0.0455304344254594
image,SSP2-Base,Business As Usual,LU,Share|ElectricityHV|BatteryHydro,share,0.0122368496103359,0.0421579181489068
image,SSP2-Base,Business As Usual,LU,Share|ElectricityHV|ImportsES,share,0.0,0.0
image,SSP2-Base,Business As Usual,LU,Share|ElectricityHV|ImportsBG,share,0.0,0.0
image,SSP2-Base,Business As Usual,LU,Share|ElectricityHV|ImportsSE,share,0.0,0.0
image,SSP2-Base,Business As Usual,LU,Share|ElectricityHV|ImportsAT,share,0.0,0.0
image,SSP2-Base,Business As Usual,LU,Share|ElectricityHV|ImportsMK,share,0.0,0.0
image,SSP2-Base,Business As Usual,LU,Share|ElectricityHV|ImportsMD,share,0.0,0.0
image,SSP2-Base,Business As Usual,LU,Share|ElectricityHV|ImportsHR,share,0.0,0.0
image,SSP2-Base,Business As Usual,LU,Share|ElectricityHV|ImportsXK,share,0.0,0.0
image,SSP2-Base,Business As Usual,LU,Share|ElectricityHV|ImportsLU,share,0.0,0.0
image,SSP2-Base,Business As Usual,LU,Share|ElectricityHV|ImportsGR,share,0.0,0.0
image,SSP2-Base,Business As Usual,LU,Share|ElectricityHV|ImportsIS,share,0.0,0.0
image,SSP2-Base,Business As Usual,LU,Share|ElectricityHV|ImportsBA,share,0.0,0.0
image,SSP2-Base,Business As Usual,LU,Share|ElectricityHV|ImportsEE,share,0.0,0.0
image,SSP2-Base,Business As Usual,LU,Share|ElectricityHV|ImportsSK,share,0.0,0.0
image,SSP2-Base,Business As Usual,LU,Share|ElectricityHV|ImportsME,share,0.0,0.0
image,SSP2-Base,Business As Usual,LU,Share|ElectricityHV|ImportsLT,share,0.0,0.0
image,SSP2-Base,Business As Usual,LU,Share|ElectricityHV|ImportsSI,share,0.0003993419104908,0.0412889967421452
image,SSP2-Base,Business As Usual,LU,Share|ElectricityHV|ImportsIE,share,0.0,0.0
image,SSP2-Base,Business As Usual,LU,Share|ElectricityHV|ImportsBE,share,0.0,0.0
image,SSP2-Base,Business As Usual,LU,Share|ElectricityHV|ImportsRS,share,0.0056603683379348,0.0169332701459947
image,SSP2-Base,Business As Usual,LU,Share|ElectricityHV|ImportsRO,share,0.0,0.0
image,SSP2-Base,Business As Usual,LU,Share|ElectricityHV|ImportsNL,share,0.0,0.0
image,SSP2-Base,Business As Usual,LU,Share|ElectricityHV|ImportsUA,share,0.0,0.0
image,SSP2-Base,Business As Usual,LU,Share|ElectricityHV|ImportsPL,share,0.0,0.0
image,SSP2-Base,Business As Usual,LU,Share|ElectricityHV|ImportsFR,share,0.0,0.0
image,SSP2-Base,Business As Usual,LU,Share|ElectricityHV|ImportsGB,share,0.0,0.0
image,SSP2-Base,Business As Usual,LU,Share|ElectricityHV|ImportsNO,share,0.0133927788818892,0.0082280769100383
image,SSP2-Base,Business As Usual,LU,Share|ElectricityHV|ImportsCZ,share,0.0,0.0
image,SSP2-Base,Business As Usual,LU,Share|ElectricityHV|ImportsMT,share,0.0,0.0
image,SSP2-Base,Business As Usual,LU,Share|ElectricityHV|ImportsDK,share,0.0,0.0
image,SSP2-Base,Business As Usual,LU,Share|ElectricityHV|ImportsIT,share,0.0,0.0
image,SSP2-Base,Business As Usual,LU,Share|ElectricityHV|ImportsLV,share,0.0,0.0
image,SSP2-Base,Business As Usual,LU,Share|ElectricityHV|ImportsDE,share,0.0,0.0
image,SSP2-Base,Business As Usual,LU,Share|ElectricityHV|ImportsPT,share,0.0,0.0
image,SSP2-Base,Business As Usual,LU,Share|ElectricityHV|ImportsFI,share,0.0,0.0
image,SSP2-Base,Business As Usual,LU,Share|ElectricityHV|ImportsBY,share,0.0,0.0
image,SSP2-Base,Business As Usual,LU,Share|ElectricityHV|ImportsGI,share,0.0,0.0
image,SSP2-Base,Business As Usual,LU,Share|ElectricityHV|ImportsAL,share,0.0,0.0
image,SSP2-Base,Business As Usual,LU,Share|ElectricityHV|ImportsHU,share,0.0,0.0
image,SSP2-Base,Business As Usual,LU,Share|ElectricityHV|ImportsCH,share,0.0,0.0
image,SSP2-Base,Business As Usual,LU,Share|ElectricityMV|TransformationHVMV,share,0.8314030683054418,0.5580504242558045
image,SSP2-Base,Business As Usual,LU,Share|ElectricityMV|SolarPVRoofCommercial,share,0.0999999999999999,0.3419495757441956
image,SSP2-Base,Business As Usual,LU,Share|ElectricityMV|Waste,share,0.0685969316945582,0.1
image,SSP2-Base,Business As Usual,LU,Share|ElectricityLV|TransformationMVLV,share,0.8488707096345082,0.7602203845923284
image,SSP2-Base,Business As Usual,LU,Share|ElectricityLV|BatteryChemical,share,0.0511292903654918,0.0897796154076715
image,SSP2-Base,Business As Usual,LU,Share|ElectricityLV|SolarPVRoofResidential,share,0.0999999999999999,0.15
image,SSP2-Base,Business As Usual,GR,Share|ElectricityHV|Coal,share,0.0412170738486153,0.0085038790610638
image,SSP2-Base,Business As Usual,GR,Share|ElectricityHV|CombinedCycle,share,0.0168376648958203,0.0187349822155716
image,SSP2-Base,Business As Usual,GR,Share|ElectricityHV|GasTurbine,share,0.0626619667141128,0.0594165167784033
image,SSP2-Base,Business As Usual,GR,Share|ElectricityHV|CogenerationGas,share,0.0479307746847853,0.0019905292623257
image,SSP2-Base,Business As Usual,GR,Share|ElectricityHV|Nuclear,share,0.046026283404995,0.0109774835443924
image,SSP2-Base,Business As Usual,GR,Share|ElectricityHV|Oil,share,0.0560789589642141,0.0016260883627689
image,SSP2-Base,Business As Usual,GR,Share|ElectricityHV|Geothermal,share,0.0251491888932239,0.0247724838138934
image,SSP2-Base,Business As Usual,GR,Share|ElectricityHV|HydroRunofRiver,share,0.1130080178249816,0.333184043826325
image,SSP2-Base,Business As Usual,GR,Share|ElectricityHV|HydroReservoir,share,0.1056018663471661,0.0492457148812347
image,SSP2-Base,Business As Usual,GR,Share|ElectricityHV|Biomass,share,0.0352105437262815,0.002378799904417
image,SSP2-Base,Business As Usual,GR,Share|ElectricityHV|Biogas,share,0.0339774034847059,0.0198670960786548
image,SSP2-Base,Business As Usual,GR,Share|ElectricityHV|WindOnshore,share,0.0001646324198543,0.0058273941108869
image,SSP2-Base,Business As Usual,GR,Share|ElectricityHV|WindOffshore,share,0.017686386658632,0.0874257665891837
image,SSP2-Base,Business As Usual,GR,Share|ElectricityHV|SolarThermal,share,0.0656328310382341,0.1136550868517917
image,SSP2-Base,Business As Usual,GR,Share|ElectricityHV|SolarPVOpen,share,0.0217056945616348,0.1667024072679973
image,SSP2-Base,Business As Usual,GR,Share|ElectricityHV|Hydrogen,share,0.1601918629462725,0.0307719821252755
image,SSP2-Base,Business As Usual,GR,Share|ElectricityHV|BatteryHydro,share,0.0822780031209823,0.009762416480031
image,SSP2-Base,Business As Usual,GR,Share|ElectricityHV|ImportsES,share,0.0,0.0
image,SSP2-Base,Business As Usual,GR,Share|ElectricityHV|ImportsBG,share,0.0,0.0
image,SSP2-Base,Business As Usual,GR,Share|ElectricityHV|ImportsSE,share,0.0,0.0
image,SSP2-Base,Business As Usual,GR,Share|ElectricityHV|ImportsAT,share,0.0,0.0
image,SSP2-Base,Business As Usual,GR,Share|ElectricityHV|ImportsMK,share,0.0043874238595988,0.0530489693752174
image,SSP2-Base,Business As Usual,GR,Share|ElectricityHV|ImportsMD,share,0.0,0.0
image,SSP2-Base,Business As Usual,GR,Share|ElectricityHV|ImportsHR,share,0.0,0.0
image,SSP2-Base,Business As Usual,GR,Share|ElectricityHV|ImportsXK,share,0.0,0.0
image,SSP2-Base,Business As Usual,GR,Share|ElectricityHV|ImportsLU,share,0.0,0.0
image,SSP2-Base,Business As Usual,GR,Share|ElectricityHV|ImportsGR,share,0.0,0.0
image,SSP2-Base,Business As Usual,GR,Share|ElectricityHV|ImportsIS,share,0.0,0.0
image,SSP2-Base,Business As Usual,GR,Share|ElectricityHV|ImportsBA,share,0.0,0.0
image,SSP2-Base,Business As Usual,GR,Share|ElectricityHV|ImportsEE,share,0.0,0.0
image,SSP2-Base,Business As Usual,GR,Share|ElectricityHV|ImportsSK,share,0.0,0.0
image,SSP2-Base,Business As Usual,GR,Share|ElectricityHV|ImportsME,share,0.0,0.0
image,SSP2-Base,Business As Usual,GR,Share|ElectricityHV|ImportsLT,share,0.0,0.0
image,SSP2-Base,Business As Usual,GR,Share|ElectricityHV|ImportsSI,share,0.0,0.0
image,SSP2-Base,Business As Usual,GR,Share|ElectricityHV|ImportsIE,share,0.0,0.0
image,SSP2-Base,Business As Usual,GR,Share|ElectricityHV|ImportsBE,share,0.0,0.0
image,SSP2-Base,Business As Usual,GR,Share|ElectricityHV|ImportsRS,share,0.0,0.0
image,SSP2-Base,Business As Usual,GR,Share|ElectricityHV|ImportsRO,share,0.0,0.0
image,SSP2-Base,Business As Usual,GR,Share|ElectricityHV|ImportsNL,share,0.0,0.0
image,SSP2-Base,Business As Usual,GR,Share|ElectricityHV|ImportsUA,share,0.0,0.0
image,SSP2-Base,Business As Usual,GR,Share|ElectricityHV|ImportsPL,share,0.0,0.0
image,SSP2-Base,Business As Usual,GR,Share|ElectricityHV|ImportsFR,share,0.0,0.0
image,SSP2-Base,Business As Usual,GR,Share|ElectricityHV|ImportsGB,share,0.0,0.0
image,SSP2-Base,Business As Usual,GR,Share|ElectricityHV|ImportsNO,share,0.0,0.0
image,SSP2-Base,Business As Usual,GR,Share|ElectricityHV|ImportsCZ,share,0.0,0.0
image,SSP2-Base,Business As Usual,GR,Share|ElectricityHV|ImportsMT,share,0.0,0.0
image,SSP2-Base,Business As Usual,GR,Share|ElectricityHV|ImportsDK,share,0.0,0.0
image,SSP2-Base,Business As Usual,GR,Share|ElectricityHV|ImportsIT,share,0.0,0.0
image,SSP2-Base,Business As Usual,GR,Share|ElectricityHV|ImportsLV,share,0.0,0.0
image,SSP2-Base,Business As Usual,GR,Share|ElectricityHV|ImportsDE,share,0.0,0.0
image,SSP2-Base,Business As Usual,GR,Share|ElectricityHV|ImportsPT,share,0.0270759547535224,0.0018449408887127
image,SSP2-Base,Business As Usual,GR,Share|ElectricityHV|ImportsFI,share,0.0,0.0
image,SSP2-Base,Business As Usual,GR,Share|ElectricityHV|ImportsBY,share,0.0371774678523659,0.0002634185818525
image,SSP2-Base,Business As Usual,GR,Share|ElectricityHV|ImportsGI,share,0.0,0.0
image,SSP2-Base,Business As Usual,GR,Share|ElectricityHV|ImportsAL,share,0.0,0.0
image,SSP2-Base,Business As Usual,GR,Share|ElectricityHV|ImportsHU,share,0.0,0.0
image,SSP2-Base,Business As Usual,GR,Share|ElectricityHV|ImportsCH,share,0.0,0.0
image,SSP2-Base,Business As Usual,GR,Share|ElectricityMV|TransformationHVMV,share,0.8,0.2897648112923824
image,SSP2-Base,Business As Usual,GR,Share|ElectricityMV|SolarPVRoofCommercial,share,0.1,0.6581565146842288
image,SSP2-Base,Business As Usual,GR,Share|ElectricityMV|Waste,share,0.0999999999999999,0.0520786740233888
image,SSP2-Base,Business As Usual,GR,Share|ElectricityLV|TransformationMVLV,share,0.8604287279400148,0.8052275422273859
image,SSP2-Base,Business As Usual,GR,Share|ElectricityLV|BatteryChemical,share,0.0395712720599852,0.0447724577726141
image,SSP2-Base,Business As Usual,GR,Share|ElectricityLV|SolarPVRoofResidential,share,0.0999999999999999,0.15
image,SSP2-Base,Business As Usual,IS,Share|ElectricityHV|Coal,share,0.0852144671859647,0.0062587859707496
image,SSP2-Base,Business As Usual,IS,Share|ElectricityHV|CombinedCycle,share,0.0175482723410549,0.0321525534026999
image,SSP2-Base,Business As Usual,IS,Share|ElectricityHV|GasTurbine,share,0.1131646566625452,0.0659467306465076
image,SSP2-Base,Business As Usual,IS,Share|ElectricityHV|CogenerationGas,share,0.0976264917973562,0.0386232921087635
image,SSP2-Base,Business As Usual,IS,Share|ElectricityHV|Nuclear,share,0.0292525744799969,0.0327314746190736
image,SSP2-Base,Business As Usual,IS,Share|ElectricityHV|Oil,share,0.0107881214048453,0.0146216281326841
image,SSP2-Base,Business As Usual,IS,Share|ElectricityHV|Geothermal,share,0.0001849288534852,0.0223688448005333
image,SSP2-Base,Business As Usual,IS,Share|ElectricityHV|HydroRunofRiver,share,0.0428299445709038,0.121859131791046
image,SSP2-Base,Business As Usual,IS,Share|ElectricityHV|HydroReservoir,share,0.0316102971449911,0.2423359914528168
image,SSP2-Base,Business As Usual,IS,Share|ElectricityHV|Biomass,share,0.0559761506611394,0.0422014229184378
image,SSP2-Base,Business As Usual,IS,Share|ElectricityHV|Biogas,share,0.0950761344182748,0.0304745645497513
image,SSP2-Base,Business As Usual,IS,Share|ElectricityHV|WindOnshore,share,0.1265143245844395,0.031490876540695
image,SSP2-Base,Business As Usual,IS,Share|ElectricityHV|WindOffshore,share,0.079719252126631,0.0938959226623601
image,SSP2-Base,Business As Usual,IS,Share|ElectricityHV|SolarThermal,share,0.0190307694033945,0.1891362104739802
image,SSP2-Base,Business As Usual,IS,Share|ElectricityHV|SolarPVOpen,share,0.0254030031068243,0.0014099275817
image,SSP2-Base,Business As Usual,IS,Share|ElectricityHV|Hydrogen,share,0.137758770900974,0.0164524579950225
image,SSP2-Base,Business As Usual,IS,Share|ElectricityHV|BatteryHydro,share,0.0112145946454769,0.0094148579723003
image,SSP2-Base,Business As Usual,IS,Share|ElectricityHV|ImportsES,share,0.0,0.0
image,SSP2-Base,Business As Usual,IS,Share|ElectricityHV|ImportsBG,share,0.0,0.0
image,SSP2-Base,Business As Usual,IS,Share|ElectricityHV|ImportsSE,share,0.0,0.0
image,SSP2-Base,Business As Usual,IS,Share|ElectricityHV|ImportsAT,share,0.0,0.0
image,SSP2-Base,Business As Usual,IS,Share|ElectricityHV|ImportsMK,share,0.0,0.0
image,SSP2-Base,Business As Usual,IS,Share|ElectricityHV|ImportsMD,share,0.0,0.0
image,SSP2-Base,Business As Usual,IS,Share|ElectricityHV|ImportsHR,share,0.0,0.0
image,SSP2-Base,Business As Usual,IS,Share|ElectricityHV|ImportsXK,share,0.0055130085323076,0.0031972338370086
image,SSP2-Base,Business As Usual,IS,Share|ElectricityHV|ImportsLU,share,0.0,0.0
image,SSP2-Base,Business As Usual,IS,Share|ElectricityHV|ImportsGR,share,0.0,0.0
image,SSP2-Base,Business As Usual,IS,Share|ElectricityHV|ImportsIS,share,0.0,0.0
image,SSP2-Base,Business As Usual,IS,Share|ElectricityHV|ImportsBA,share,0.0,0.0
image,SSP2-Base,Business As Usual,IS,Share|ElectricityHV|ImportsEE,share,0.0,0.0
image,SSP2-Base,Business As Usual,IS,Share|ElectricityHV|ImportsSK,share,0.0,0.0
image,SSP2-Base,Business As Usual,IS,Share|ElectricityHV|ImportsME,share,0.0,0.0
image,SSP2-Base,Business As Usual,IS,Share|ElectricityHV|ImportsLT,share,0.0,0.0
image,SSP2-Base,Business As Usual,IS,Share|ElectricityHV|ImportsSI,share,0.0147746116670761,0.0021209864851994
image,SSP2-Base,Business As Usual,IS,Share|ElectricityHV|ImportsIE,share,0.0,0.0
image,SSP2-Base,Business As Usual,IS,Share|ElectricityHV|ImportsBE,share,0.0,0.0
image,SSP2-Base,Business As Usual,IS,Share|ElectricityHV|ImportsRS,share,0.0,0.0
image,SSP2-Base,Business As Usual,IS,Share|ElectricityHV|ImportsRO,share,0.0,0.0
image,SSP2-Base,Business As Usual,IS,Share|ElectricityHV|ImportsNL,share,0.0,0.0
image,SSP2-Base,Business As Usual,IS,Share|ElectricityHV|ImportsUA,share,0.0,0.0
image,SSP2-Base,Business As Usual,IS,Share|ElectricityHV|ImportsPL,share,0.0,0.0
image,SSP2-Base,Business As Usual,IS,Share|ElectricityHV|ImportsFR,share,0.0,0.0
image,SSP2-Base,Business As Usual,IS,Share|ElectricityHV|ImportsGB,share,0.0,0.0
image,SSP2-Base,Business As Usual,IS,Share|ElectricityHV|ImportsNO,share,0.0,0.0
image,SSP2-Base,Business As Usual,IS,Share|ElectricityHV|ImportsCZ,share,0.0,0.0
image,SSP2-Base,Business As Usual,IS,Share|ElectricityHV|ImportsMT,share,0.0,0.0
image,SSP2-Base,Business As Usual,IS,Share|ElectricityHV|ImportsDK,share,0.0,0.0
image,SSP2-Base,Business As Usual,IS,Share|ElectricityHV|ImportsIT,share,0.0,0.0
image,SSP2-Base,Business As Usual,IS,Share|ElectricityHV|ImportsLV,share,0.0,0.0
image,SSP2-Base,Business As Usual,IS,Share|ElectricityHV|ImportsDE,share,0.0007996255123177,0.0033071060586693
image,SSP2-Base,Business As Usual,IS,Share|ElectricityHV|ImportsPT,share,0.0,0.0
image,SSP2-Base,Business As Usual,IS,Share|ElectricityHV|ImportsFI,share,0.0,0.0
image,SSP2-Base,Business As Usual,IS,Share|ElectricityHV|ImportsBY,share,0.0,0.0
image,SSP2-Base,Business As Usual,IS,Share|ElectricityHV|ImportsGI,share,0.0,0.0
image,SSP2-Base,Business As Usual,IS,Share|ElectricityHV|ImportsAL,share,0.0,0.0
image,SSP2-Base,Business As Usual,IS,Share|ElectricityHV|ImportsHU,share,0.0,0.0
image,SSP2-Base,Business As Usual,IS,Share|ElectricityHV|ImportsCH,share,0.0,0.0
image,SSP2-Base,Business As Usual,IS,Share|ElectricityMV|TransformationHVMV,share,0.8,0.8274071448517919
image,SSP2-Base,Business As Usual,IS,Share|ElectricityMV|SolarPVRoofCommercial,share,0.1,0.0725928551482081
image,SSP2-Base,Business As Usual,IS,Share|ElectricityMV|Waste,share,0.1,0.1
image,SSP2-Base,Business As Usual,IS,Share|ElectricityLV|TransformationMVLV,share,0.8582222310624409,0.7579228527330546
image,SSP2-Base,Business As Usual,IS,Share|ElectricityLV|BatteryChemical,share,0.0417777689375591,0.0920771472669454
image,SSP2-Base,Business As Usual,IS,Share|ElectricityLV|SolarPVRoofResidential,share,0.0999999999999999,0.15
image,SSP2-Base,Business As Usual,BA,Share|ElectricityHV|Coal,share,0.1046038648946978,0.0097722165249139
image,SSP2-Base,Business As Usual,BA,Share|ElectricityHV|CombinedCycle,share,0.0034332160403867,0.0304712543212831
image,SSP2-Base,Business As Usual,BA,Share|ElectricityHV|GasTurbine,share,0.0868956799752787,0.029152231442773
image,SSP2-Base,Business As Usual,BA,Share|ElectricityHV|CogenerationGas,share,0.0099771604922552,0.0190176861885873
image,SSP2-Base,Business As Usual,BA,Share|ElectricityHV|Nuclear,share,0.0565317242148821,0.0418045083448079
image,SSP2-Base,Business As Usual,BA,Share|ElectricityHV|Oil,share,0.1981027141336521,0.0315503792268001
image,SSP2-Base,Business As Usual,BA,Share|ElectricityHV|Geothermal,share,0.0440829067411486,0.1225368615791876
image,SSP2-Base,Business As Usual,BA,Share|ElectricityHV|HydroRunofRiver,share,0.0184039476428435,0.0043193421743881
image,SSP2-Base,Business As Usual,BA,Share|ElectricityHV|HydroReservoir,share,0.0358396155538466,0.0811734732919674
image,SSP2-Base,Business As Usual,BA,Share|ElectricityHV|Biomass,share,0.0124850698706678,0.0675693693693555
image,SSP2-Base,Business As Usual,BA,Share|ElectricityHV|Biogas,share,0.1425388291203385,0.2002789885303692
image,SSP2-Base,Business As Usual,BA,Share|ElectricityHV|WindOnshore,share,0.0093862575826143,0.0391177325621168
image,SSP2-Base,Business As Usual,BA,Share|ElectricityHV|WindOffshore,share,0.0207366356813374,0.002907174429983
image,SSP2-Base,Business As Usual,BA,Share|ElectricityHV|SolarThermal,share,0.040519075485161,0.1702528488748687
image,SSP2-Base,Business As Usual,BA,Share|ElectricityHV|SolarPVOpen,share,0.0333882620557666,0.0790228851691596
image,SSP2-Base,Business As Usual,BA,Share|ElectricityHV|Hydrogen,share,0.0680986719938002,0.0056970037354008
image,SSP2-Base,Business As Usual,BA,Share|ElectricityHV|BatteryHydro,share,0.0128120036132664,0.0293865171699819
image,SSP2-Base,Business As Usual,BA,Share|ElectricityHV|ImportsES,share,0.0,0.0
image,SSP2-Base,Business As Usual,BA,Share|ElectricityHV|ImportsBG,share,0.0,0.0
image,SSP2-Base,Business As Usual,BA,Share|ElectricityHV|ImportsSE,share,0.0,0.0
image,SSP2-Base,Business As Usual,BA,Share|ElectricityHV|ImportsAT,share,0.0,0.0
image,SSP2-Base,Business As Usual,BA,Share|ElectricityHV|ImportsMK,share,0.0,0.0
image,SSP2-Base,Business As Usual,BA,Share|ElectricityHV|ImportsMD,share,0.0,0.0
image,SSP2-Base,Business As Usual,BA,Share|ElectricityHV|ImportsHR,share,0.0,0.0
image,SSP2-Base,Business As Usual,BA,Share|ElectricityHV|ImportsXK,share,0.0,0.0
image,SSP2-Base,Business As Usual,BA,Share|ElectricityHV|ImportsLU,share,0.0,0.0
image,SSP2-Base,Business As Usual,BA,Share|ElectricityHV|ImportsGR,share,0.0,0.0
image,SSP2-Base,Business As Usual,BA,Share|ElectricityHV|ImportsIS,share,0.0,0.0
image,SSP2-Base,Business As Usual,BA,Share|ElectricityHV|ImportsBA,share,0.0,0.0
image,SSP2-Base,Business As Usual,BA,Share|ElectricityHV|ImportsEE,share,0.0,0.0
image,SSP2-Base,Business As Usual,BA,Share|ElectricityHV|ImportsSK,share,0.0,0.0
image,SSP2-Base,Business As Usual,BA,Share|ElectricityHV|ImportsME,share,0.0,0.0
image,SSP2-Base,Business As Usual,BA,Share|ElectricityHV|ImportsLT,share,0.0,0.0
image,SSP2-Base,Business As Usual,BA,Share|ElectricityHV|ImportsSI,share,0.0,0.0
image,SSP2-Base,Business As Usual,BA,Share|ElectricityHV|ImportsIE,share,0.0,0.0
image,SSP2-Base,Business As Usual,BA,Share|ElectricityHV|ImportsBE,share,0.0,0.0
image,SSP2-Base,Business As Usual,BA,Share|ElectricityHV|ImportsRS,share,0.0,0.0
image,SSP2-Base,Business As Usual,BA,Share|ElectricityHV|ImportsRO,share,0.0,0.0
image,SSP2-Base,Business As Usual,BA,Share|ElectricityHV|ImportsNL,share,0.0,0.0
image,SSP2-Base,Business As Usual,BA,Share|ElectricityHV|ImportsUA,share,0.0,0.0
image,SSP2-Base,Business As Usual,BA,Share|ElectricityHV|ImportsPL,share,0.0,0.0
image,SSP2-Base,Business As Usual,BA,Share|ElectricityHV|ImportsFR,share,0.0,0.0
image,SSP2-Base,Business As Usual,BA,Share|ElectricityHV|ImportsGB,share,0.0,0.0
image,SSP2-Base,Business As Usual,BA,Share|ElectricityHV|ImportsNO,share,0.0,0.0
image,SSP2-Base,Business As Usual,BA,Share|ElectricityHV|ImportsCZ,share,0.0,0.0
image,SSP2-Base,Business As Usual,BA,Share|ElectricityHV|ImportsMT,share,0.0538688115458032,0.0132013735631788
image,SSP2-Base,Business As Usual,BA,Share|ElectricityHV|ImportsDK,share,0.0,0.0
image,SSP2-Base,Business As Usual,BA,Share|ElectricityHV|ImportsIT,share,0.0,0.0
image,SSP2-Base,Business As Usual,BA,Share|ElectricityHV|ImportsLV,share,0.0,0.0
image,SSP2-Base,Business As Usual,BA,Share|ElectricityHV|ImportsDE,share,0.0,0.0
image,SSP2-Base,Business As Usual,BA,Share|ElectricityHV|ImportsPT,share,0.0,0.0
image,SSP2-Base,Business As Usual,BA,Share|ElectricityHV|ImportsFI,share,0.0,0.0
image,SSP2-Base,Business As Usual,BA,Share|ElectricityHV|ImportsBY,share,0.0381445473866341,0.0009165147640952
image,SSP2-Base,Business As Usual,BA,Share|ElectricityHV|ImportsGI,share,0.0,0.0
image,SSP2-Base,Business As Usual,BA,Share|ElectricityHV|ImportsAL,share,0.0,0.0
image,SSP2-Base,Business As Usual,BA,Share|ElectricityHV|ImportsHU,share,0.0,0.0
image,SSP2-Base,Business As Usual,BA,Share|ElectricityHV|ImportsCH,share,0.0101510059756183,0.0218516387367812
image,SSP2-Base,Business As Usual,BA,Share|ElectricityMV|TransformationHVMV,share,0.8,0.6952439108533873
image,SSP2-Base,Business As Usual,BA,Share|ElectricityMV|SolarPVRoofCommercial,share,0.1,0.2047560891466126
image,SSP2-Base,Business As Usual,BA,Share|ElectricityMV|Waste,share,0.0999999999999999,0.1
image,SSP2-Base,Business As Usual,BA,Share|ElectricityLV|TransformationMVLV,share,0.8784057677375756,0.6944844952784858
image,SSP2-Base,Business As Usual,BA,Share|ElectricityLV|BatteryChemical,share,0.0215942322624243,0.2
image,SSP2-Base,Business As Usual,BA,Share|ElectricityLV|SolarPVRoofResidential,share,0.1,0.1055155047215142
image,SSP2-Base,Business As Usual,EE,Share|ElectricityHV|Coal,share,0.003349411876507,0.0003027994172743
image,SSP2-Base,Business As Usual,EE,Share|ElectricityHV|CombinedCycle,share,0.0429689047813926,0.002906162664086
image,SSP2-Base,Business As Usual,EE,Share|ElectricityHV|GasTurbine,share,0.0079756860469818,0.0025523856721949
image,SSP2-Base,Business As Usual,EE,Share|ElectricityHV|CogenerationGas,share,0.020825050703998,0.0020943234121643
image,SSP2-Base,Business As Usual,EE,Share|ElectricityHV|Nuclear,share,0.0059556668276351,0.0016477429840059
image,SSP2-Base,Business As Usual,EE,Share|ElectricityHV|Oil,share,0.040150669326027,0.0040536767497601
image,SSP2-Base,Business As Usual,EE,Share|ElectricityHV|Geothermal,share,0.1458028649879497,0.0733989577096028
image,SSP2-Base,Business As Usual,EE,Share|ElectricityHV|HydroRunofRiver,share,0.0167092426159077,0.1359354135662113
image,SSP2-Base,Business As Usual,EE,Share|ElectricityHV|HydroReservoir,share,0.0163294991105495,0.1477341829672499
image,SSP2-Base,Business As Usual,EE,Share|ElectricityHV|Biomass,share,0.0211062401584682,0.0908097459510069
image,SSP2-Base,Business As Usual,EE,Share|ElectricityHV|Biogas,share,0.0840510514175205,0.0307942679990748
image,SSP2-Base,Business As Usual,EE,Share|ElectricityHV|WindOnshore,share,0.1435761902585502,0.0305298747229878
image,SSP2-Base,Business As Usual,EE,Share|ElectricityHV|WindOffshore,share,0.1043230141414972,0.0433432026275737
image,SSP2-Base,Business As Usual,EE,Share|ElectricityHV|SolarThermal,share,0.0575991075434918,0.0903244022170966
image,SSP2-Base,Business As Usual,EE,Share|ElectricityHV|SolarPVOpen,share,0.0079268107369118,0.1285760325357427
image,SSP2-Base,Business As Usual,EE,Share|ElectricityHV|Hydrogen,share,0.1168136429304627,0.0013121310140644
image,SSP2-Base,Business As Usual,EE,Share|ElectricityHV|BatteryHydro,share,0.0037168378224353,0.2085539197034531
image,SSP2-Base,Business As Usual,EE,Share|ElectricityHV|ImportsES,share,0.0,0.0
image,SSP2-Base,Business As Usual,EE,Share|ElectricityHV|ImportsBG,share,0.0,0.0
image,SSP2-Base,Business As Usual,EE,Share|ElectricityHV|ImportsSE,share,0.0,0.0
image,SSP2-Base,Business As Usual,EE,Share|ElectricityHV|ImportsAT,share,0.0,0.0
image,SSP2-Base,Business As Usual,EE,Share|ElectricityHV|ImportsMK,share,0.0,0.0
image,SSP2-Base,Business As Usual,EE,Share|ElectricityHV|ImportsMD,share,0.0,0.0
image,SSP2-Base,Business As Usual,EE,Share|ElectricityHV|ImportsHR,share,0.0108381958864038,0.004810372437098
image,SSP2-Base,Business As Usual,EE,Share|ElectricityHV|ImportsXK,share,0.0,0.0
image,SSP2-Base,Business As Usual,EE,Share|ElectricityHV|ImportsLU,share,0.0,0.0
image,SSP2-Base,Business As Usual,EE,Share|ElectricityHV|ImportsGR,share,0.0,0.0
image,SSP2-Base,Business As Usual,EE,Share|ElectricityHV|ImportsIS,share,0.0,0.0
image,SSP2-Base,Business As Usual,EE,Share|ElectricityHV|ImportsBA,share,0.0,0.0
image,SSP2-Base,Business As Usual,EE,Share|ElectricityHV|ImportsEE,share,0.0,0.0
image,SSP2-Base,Business As Usual,EE,Share|ElectricityHV|ImportsSK,share,0.0,0.0
image,SSP2-Base,Business As Usual,EE,Share|ElectricityHV|ImportsME,share,0.0,0.0
image,SSP2-Base,Business As Usual,EE,Share|ElectricityHV|ImportsLT,share,0.0,0.0
image,SSP2-Base,Business As Usual,EE,Share|ElectricityHV|ImportsSI,share,0.0160695567203566,0.0001004739175724
image,SSP2-Base,Business As Usual,EE,Share|ElectricityHV|ImportsIE,share,0.0,0.0
image,SSP2-Base,Business As Usual,EE,Share|ElectricityHV|ImportsBE,share,0.0,0.0
image,SSP2-Base,Business As Usual,EE,Share|ElectricityHV|ImportsRS,share,0.0,0.0
image,SSP2-Base,Business As Usual,EE,Share|ElectricityHV|ImportsRO,share,0.0,0.0
image,SSP2-Base,Business As Usual,EE,Share|ElectricityHV|ImportsNL,share,0.0,0.0
image,SSP2-Base,Business As Usual,EE,Share|ElectricityHV|ImportsUA,share,0.0,0.0
image,SSP2-Base,Business As Usual,EE,Share|ElectricityHV|ImportsPL,share,0.0,0.0
image,SSP2-Base,Business As Usual,EE,Share|ElectricityHV|ImportsFR,share,0.0,0.0
image,SSP2-Base,Business As Usual,EE,Share|ElectricityHV|ImportsGB,share,0.1339123561069526,0.0002199317317792
image,SSP2-Base,Business As Usual,EE,Share|ElectricityHV|ImportsNO,share,0.0,0.0
image,SSP2-Base,Business As Usual,EE,Share|ElectricityHV|ImportsCZ,share,0.0,0.0
image,SSP2-Base,Business As Usual,EE,Share|ElectricityHV|ImportsMT,share,0.0,0.0
image,SSP2-Base,Business As Usual,EE,Share|ElectricityHV|ImportsDK,share,0.0,0.0
image,SSP2-Base,Business As Usual,EE,Share|ElectricityHV|ImportsIT,share,0.0,0.0
image,SSP2-Base,Business As Usual,EE,Share|ElectricityHV|ImportsLV,share,0.0,0.0
image,SSP2-Base,Business As Usual,EE,Share|ElectricityHV|ImportsDE,share,0.0,0.0
image,SSP2-Base,Business As Usual,EE,Share|ElectricityHV|ImportsPT,share,0.0,0.0
image,SSP2-Base,Business As Usual,EE,Share|ElectricityHV|ImportsFI,share,0.0,0.0
image,SSP2-Base,Business As Usual,EE,Share|ElectricityHV|ImportsBY,share,0.0,0.0
image,SSP2-Base,Business As Usual,EE,Share|ElectricityHV|ImportsGI,share,0.0,0.0
image,SSP2-Base,Business As Usual,EE,Share|ElectricityHV|ImportsAL,share,0.0,0.0
image,SSP2-Base,Business As Usual,EE,Share|ElectricityHV|ImportsHU,share,0.0,0.0
image,SSP2-Base,Business As Usual,EE,Share|ElectricityHV|ImportsCH,share,0.0,0.0
image,SSP2-Base,Business As Usual,EE,Share|ElectricityMV|TransformationHVMV,share,0.8,0.8645470081462954
image,SSP2-Base,Business As Usual,EE,Share|ElectricityMV|SolarPVRoofCommercial,share,0.1,0.0354529918537046
image,SSP2-Base,Business As Usual,EE,Share|ElectricityMV|Waste,share,0.0999999999999999,0.1
image,SSP2-Base,Business As Usual,EE,Share|ElectricityLV|TransformationMVLV,share,0.8739035880554162,0.7903608747148403
image,SSP2-Base,Business As Usual,EE,Share|ElectricityLV|BatteryChemical,share,0.0260964119445838,0.2
image,SSP2-Base,Business As Usual,EE,Share|ElectricityLV|SolarPVRoofResidential,share,0.0999999999999999,0.0096391252851598
image,SSP2-Base,Business As Usual,SK,Share|ElectricityHV|Coal,share,0.09435482877176,0.0133562196098825
image,SSP2-Base,Business As Usual,SK,Share|ElectricityHV|CombinedCycle,share,0.2436499396664714,0.0001151221696214
image,SSP2-Base,Business As Usual,SK,Share|ElectricityHV|GasTurbine,share,0.0035172546014411,0.0375270724164948
image,SSP2-Base,Business As Usual,SK,Share|ElectricityHV|CogenerationGas,share,0.1268630284958755,0.0221981077425867
image,SSP2-Base,Business As Usual,SK,Share|ElectricityHV|Nuclear,share,0.0062483989620978,0.0113532144774864
image,SSP2-Base,Business As Usual,SK,Share|ElectricityHV|Oil,share,0.0366742844237517,5.3602881733824144e-05
image,SSP2-Base,Business As Usual,SK,Share|ElectricityHV|Geothermal,share,0.0050042723841416,0.0169624102795836
image,SSP2-Base,Business As Usual,SK,Share|ElectricityHV|HydroRunofRiver,share,0.0154728635120208,0.0079860140035969
image,SSP2-Base,Business As Usual,SK,Share|ElectricityHV|HydroReservoir,share,0.0822075523240882,0.0515715026730361
image,SSP2-Base,Business As Usual,SK,Share|ElectricityHV|Biomass,share,0.0243424391930437,0.0915192644072213
image,SSP2-Base,Business As Usual,SK,Share|ElectricityHV|Biogas,share,0.013577894704621,0.0866617552853822
image,SSP2-Base,Business As Usual,SK,Share|ElectricityHV|WindOnshore,share,0.0111855029363449,0.2396769005842206
image,SSP2-Base,Business As Usual,SK,Share|ElectricityHV|WindOffshore,share,0.0076094663794886,0.0589192434669154
image,SSP2-Base,Business As Usual,SK,Share|ElectricityHV|SolarThermal,share,0.07688971466195,0.1917510387120628
image,SSP2-Base,Business As Usual,SK,Share|ElectricityHV|SolarPVOpen,share,0.0393644232250704,0.043813904000558
image,SSP2-Base,Business As Usual,SK,Share|ElectricityHV|Hydrogen,share,0.1044638531932431,0.0213695288430284
image,SSP2-Base,Business As Usual,SK,Share|ElectricityHV|BatteryHydro,share,0.0042254738468302,0.0490244232628495
image,SSP2-Base,Business As Usual,SK,Share|ElectricityHV|ImportsES,share,0.0,0.0
image,SSP2-Base,Business As Usual,SK,Share|ElectricityHV|ImportsBG,share,0.0,0.0
image,SSP2-Base,Business As Usual,SK,Share|ElectricityHV|ImportsSE,share,0.0,0.0
image,SSP2-Base,Business As Usual,SK,Share|ElectricityHV|ImportsAT,share,0.0,0.0
image,SSP2-Base,Business As Usual,SK,Share|ElectricityHV|ImportsMK,share,0.0,0.0
image,SSP2-Base,Business As Usual,SK,Share|ElectricityHV|ImportsMD,share,0.0,0.0
image,SSP2-Base,Business As Usual,SK,Share|ElectricityHV|ImportsHR,share,0.0,0.0
image,SSP2-Base,Business As Usual,SK,Share|ElectricityHV|ImportsXK,share,0.0,0.0
image,SSP2-Base,Business As Usual,SK,Share|ElectricityHV|ImportsLU,share,0.0,0.0
image,SSP2-Base,Business As Usual,SK,Share|ElectricityHV|ImportsGR,share,0.0,0.0
image,SSP2-Base,Business As Usual,SK,Share|ElectricityHV|ImportsIS,share,0.0,0.0
image,SSP2-Base,Business As Usual,SK,Share|ElectricityHV|ImportsBA,share,0.0,0.0
image,SSP2-Base,Business As Usual,SK,Share|ElectricityHV|ImportsEE,share,0.0,0.0
image,SSP2-Base,Business As Usual,SK,Share|ElectricityHV|ImportsSK,share,0.0,0.0
image,SSP2-Base,Business As Usual,SK,Share|ElectricityHV|ImportsME,share,0.0,0.0
image,SSP2-Base,Business As Usual,SK,Share|ElectricityHV|ImportsLT,share,0.0,0.0
image,SSP2-Base,Business As Usual,SK,Share|ElectricityHV|ImportsSI,share,0.0348001726300966,0.0113192833728687
image,SSP2-Base,Business As Usual,SK,Share|ElectricityHV|ImportsIE,share,0.0,0.0
image,SSP2-Base,Business As Usual,SK,Share|ElectricityHV|ImportsBE,share,0.0,0.0
image,SSP2-Base,Business As Usual,SK,Share|ElectricityHV|ImportsRS,share,0.0610597218874235,0.0077807741677817
image,SSP2-Base,Business As Usual,SK,Share|ElectricityHV|ImportsRO,share,0.0,0.0
image,SSP2-Base,Business As Usual,SK,Share|ElectricityHV|ImportsNL,share,0.0,0.0
image,SSP2-Base,Business As Usual,SK,Share|ElectricityHV|ImportsUA,share,0.0,0.0
image,SSP2-Base,Business As Usual,SK,Share|ElectricityHV|ImportsPL,share,0.0,0.0
image,SSP2-Base,Business As Usual,SK,Share|ElectricityHV|ImportsFR,share,0.0,0.0
image,SSP2-Base,Business As Usual,SK,Share|ElectricityHV|ImportsGB,share,0.0084889142002388,0.0370406176430884
image,SSP2-Base,Business As Usual,SK,Share|ElectricityHV|ImportsNO,share,0.0,0.0
image,SSP2-Base,Business As Usual,SK,Share|ElectricityHV|ImportsCZ,share,0.0,0.0
image,SSP2-Base,Business As Usual,SK,Share|ElectricityHV|ImportsMT,share,0.0,0.0
image,SSP2-Base,Business As Usual,SK,Share|ElectricityHV|ImportsDK,share,0.0,0.0
image,SSP2-Base,Business As Usual,SK,Share|ElectricityHV|ImportsIT,share,0.0,0.0
image,SSP2-Base,Business As Usual,SK,Share|ElectricityHV|ImportsLV,share,0.0,0.0
image,SSP2-Base,Business As Usual,SK,Share|ElectricityHV|ImportsDE,share,0.0,0.0
image,SSP2-Base,Business As Usual,SK,Share|ElectricityHV|ImportsPT,share,0.0,0.0
image,SSP2-Base,Business As Usual,SK,Share|ElectricityHV|ImportsFI,share,0.0,0.0
image,SSP2-Base,Business As Usual,SK,Share|ElectricityHV|ImportsBY,share,0.0,0.0
image,SSP2-Base,Business As Usual,SK,Share|ElectricityHV|ImportsGI,share,0.0,0.0
image,SSP2-Base,Business As Usual,SK,Share|ElectricityHV|ImportsAL,share,0.0,0.0
image,SSP2-Base,Business As Usual,SK,Share|ElectricityHV|ImportsHU,share,0.0,0.0
image,SSP2-Base,Business As Usual,SK,Share|ElectricityHV|ImportsCH,share,0.0,0.0
image,SSP2-Base,Business As Usual,SK,Share|ElectricityMV|TransformationHVMV,share,0.8,0.5627711444748118
image,SSP2-Base,Business As Usual,SK,Share|ElectricityMV|SolarPVRoofCommercial,share,0.1,0.3372288555251881
image,SSP2-Base,Business As Usual,SK,Share|ElectricityMV|Waste,share,0.1,0.0999999999999999
image,SSP2-Base,Business As Usual,SK,Share|ElectricityLV|TransformationMVLV,share,0.8989767429937108,0.7840456278382361
image,SSP2-Base,Business As Usual,SK,Share|ElectricityLV|BatteryChemical,share,0.0010232570062892,0.065954372161764
image,SSP2-Base,Business As Usual,SK,Share|ElectricityLV|SolarPVRoofResidential,share,0.0999999999999999,0.15
image,SSP2-Base,Business As Usual,ME,Share|ElectricityHV|Coal,share,0.0421233682666944,0.0002510885435829
image,SSP2-Base,Business As Usual,ME,Share|ElectricityHV|CombinedCycle,share,0.0393738674441529,0.0013345046139969
image,SSP2-Base,Business As Usual,ME,Share|ElectricityHV|GasTurbine,share,0.0263368419071713,0.0011619832724893
image,SSP2-Base,Business As Usual,ME,Share|ElectricityHV|CogenerationGas,share,0.0813192449012426,0.0013336085099265
image,SSP2-Base,Business As Usual,ME,Share|ElectricityHV|Nuclear,share,0.0368198867909897,0.0021692560413292
image,SSP2-Base,Business As Usual,ME,Share|ElectricityHV|Oil,share,0.0709607479898737,0.0013398378131283
image,SSP2-Base,Business As Usual,ME,Share|ElectricityHV|Geothermal,share,0.0536340604955437,0.0433463804480224
image,SSP2-Base,Business As Usual,ME,Share|ElectricityHV|HydroRunofRiver,share,0.1673638109548078,0.0273030834886218
image,SSP2-Base,Business As Usual,ME,Share|ElectricityHV|HydroReservoir,share,0.0234460407578411,0.0776286855752036
image,SSP2-Base,Business As Usual,ME,Share|ElectricityHV|Biomass,share,0.0761655067277008,0.3259545138088672
image,SSP2-Base,Business As Usual,ME,Share|ElectricityHV|Biogas,share,0.0330650250318303,0.0635567479285596
image,SSP2-Base,Business As Usual,ME,Share|ElectricityHV|WindOnshore,share,0.0350086118296021,0.0287208325384907
image,SSP2-Base,Business As Usual,ME,Share|ElectricityHV|WindOffshore,share,0.0237966079928938,0.2445926601013113
image,SSP2-Base,Business As Usual,ME,Share|ElectricityHV|SolarThermal,share,0.0302289560057878,0.0671986493738932
image,SSP2-Base,Business As Usual,ME,Share|ElectricityHV|SolarPVOpen,share,0.0203330451440262,0.0429186920692273
image,SSP2-Base,Business As Usual,ME,Share|ElectricityHV|Hydrogen,share,0.1191642919439379,0.0022392772518397
image,SSP2-Base,Business As Usual,ME,Share|ElectricityHV|BatteryHydro,share,0.0106325818807895,0.0587797546678025
image,SSP2-Base,Business As Usual,ME,Share|ElectricityHV|ImportsES,share,0.0,0.0
image,SSP2-Base,Business As Usual,ME,Share|ElectricityHV|ImportsBG,share,0.0,0.0
image,SSP2-Base,Business As Usual,ME,Share|ElectricityHV|ImportsSE,share,0.0,0.0
image,SSP2-Base,Business As Usual,ME,Share|ElectricityHV|ImportsAT,share,0.0777781209178173,0.0033192970269831
image,SSP2-Base,Business As Usual,ME,Share|ElectricityHV|ImportsMK,share,0.0,0.0
image,SSP2-Base,Business As Usual,ME,Share|ElectricityHV|ImportsMD,share,0.0,0.0
image,SSP2-Base,Business As Usual,ME,Share|ElectricityHV|ImportsHR,share,0.0,0.0
image,SSP2-Base,Business As Usual,ME,Share|ElectricityHV|ImportsXK,share,0.0,0.0
image,SSP2-Base,Business As Usual,ME,Share|ElectricityHV|ImportsLU,share,0.0,0.0
image,SSP2-Base,Business As Usual,ME,Share|ElectricityHV|ImportsGR,share,0.0,0.0
image,SSP2-Base,Business As Usual,ME,Share|ElectricityHV|ImportsIS,share,0.0,0.0
image,SSP2-Base,Business As Usual,ME,Share|ElectricityHV|ImportsBA,share,0.0,0.0
image,SSP2-Base,Business As Usual,ME,Share|ElectricityHV|ImportsEE,share,0.0,0.0
image,SSP2-Base,Business As Usual,ME,Share|ElectricityHV|ImportsSK,share,0.0,0.0
image,SSP2-Base,Business As Usual,ME,Share|ElectricityHV|ImportsME,share,0.0,0.0
image,SSP2-Base,Business As Usual,ME,Share|ElectricityHV|ImportsLT,share,0.0,0.0
image,SSP2-Base,Business As Usual,ME,Share|ElectricityHV|ImportsSI,share,0.0,0.0
image,SSP2-Base,Business As Usual,ME,Share|ElectricityHV|ImportsIE,share,0.0,0.0
image,SSP2-Base,Business As Usual,ME,Share|ElectricityHV|ImportsBE,share,0.0,0.0
image,SSP2-Base,Business As Usual,ME,Share|ElectricityHV|ImportsRS,share,0.0,0.0
image,SSP2-Base,Business As Usual,ME,Share|ElectricityHV|ImportsRO,share,0.0,0.0
image,SSP2-Base,Business As Usual,ME,Share|ElectricityHV|ImportsNL,share,0.0,0.0
image,SSP2-Base,Business As Usual,ME,Share|ElectricityHV|ImportsUA,share,0.0,0.0
image,SSP2-Base,Business As Usual,ME,Share|ElectricityHV|ImportsPL,share,0.0,0.0
image,SSP2-Base,Business As Usual,ME,Share|ElectricityHV|ImportsFR,share,0.0,0.0
image,SSP2-Base,Business As Usual,ME,Share|ElectricityHV|ImportsGB,share,0.0,0.0
image,SSP2-Base,Business As Usual,ME,Share|ElectricityHV|ImportsNO,share,0.0,0.0
image,SSP2-Base,Business As Usual,ME,Share|ElectricityHV|ImportsCZ,share,0.0,0.0
image,SSP2-Base,Business As Usual,ME,Share|ElectricityHV|ImportsMT,share,0.0270511373038916,0.0057889266436001
image,SSP2-Base,Business As Usual,ME,Share|ElectricityHV|ImportsDK,share,0.0,0.0
image,SSP2-Base,Business As Usual,ME,Share|ElectricityHV|ImportsIT,share,0.0,0.0
image,SSP2-Base,Business As Usual,ME,Share|ElectricityHV|ImportsLV,share,0.0,0.0
image,SSP2-Base,Business As Usual,ME,Share|ElectricityHV|ImportsDE,share,0.0,0.0
image,SSP2-Base,Business As Usual,ME,Share|ElectricityHV|ImportsPT,share,0.0,0.0
image,SSP2-Base,Business As Usual,ME,Share|ElectricityHV|ImportsFI,share,0.0,0.0
image,SSP2-Base,Business As Usual,ME,Share|ElectricityHV|ImportsBY,share,0.0,0.0
image,SSP2-Base,Business As Usual,ME,Share|ElectricityHV|ImportsGI,share,0.0,0.0
image,SSP2-Base,Business As Usual,ME,Share|ElectricityHV|ImportsAL,share,0.0,0.0
image,SSP2-Base,Business As Usual,ME,Share|ElectricityHV|ImportsHU,share,0.0,0.0
image,SSP2-Base,Business As Usual,ME,Share|ElectricityHV|ImportsCH,share,0.0053982457134047,0.0010622202831236
image,SSP2-Base,Business As Usual,ME,Share|ElectricityMV|TransformationHVMV,share,0.8,0.7185042572503627
image,SSP2-Base,Business As Usual,ME,Share|ElectricityMV|SolarPVRoofCommercial,share,0.1,0.1852630531804996
image,SSP2-Base,Business As Usual,ME,Share|ElectricityMV|Waste,share,0.1,0.0962326895691377
image,SSP2-Base,Business As Usual,ME,Share|ElectricityLV|TransformationMVLV,share,0.7292640695693292,0.7312733491380109
image,SSP2-Base,Business As Usual,ME,Share|ElectricityLV|BatteryChemical,share,0.2,0.1187266508619891
image,SSP2-Base,Business As Usual,ME,Share|ElectricityLV|SolarPVRoofResidential,share,0.0707359304306707,0.15
image,SSP2-Base,Business As Usual,LT,Share|ElectricityHV|Coal,share,0.0173830268685037,0.0064856928756428
image,SSP2-Base,Business As Usual,LT,Share|ElectricityHV|CombinedCycle,share,0.0186934263860602,0.0703679873850661
image,SSP2-Base,Business As Usual,LT,Share|ElectricityHV|GasTurbine,share,0.0677813824392867,0.0018957435079579
image,SSP2-Base,Business As Usual,LT,Share|ElectricityHV|CogenerationGas,share,0.2192724775644245,0.0604706512985449
image,SSP2-Base,Business As Usual,LT,Share|ElectricityHV|Nuclear,share,0.0397183727057479,0.0236471453583062
image,SSP2-Base,Business As Usual,LT,Share|ElectricityHV|Oil,share,0.0138480145390331,0.0169440524528912
image,SSP2-Base,Business As Usual,LT,Share|ElectricityHV|Geothermal,share,0.004862476809604,0.0627755910026524
image,SSP2-Base,Business As Usual,LT,Share|ElectricityHV|HydroRunofRiver,share,0.0172770638931682,0.0773340383759662
image,SSP2-Base,Business As Usual,LT,Share|ElectricityHV|HydroReservoir,share,0.0446624948853751,0.054239637423304
image,SSP2-Base,Business As Usual,LT,Share|ElectricityHV|Biomass,share,0.163517784670288,0.1415627284766978
image,SSP2-Base,Business As Usual,LT,Share|ElectricityHV|Biogas,share,0.0142157598129377,0.0565828953687035
image,SSP2-Base,Business As Usual,LT,Share|ElectricityHV|WindOnshore,share,0.0218651009639394,0.0910087999111379
image,SSP2-Base,Business As Usual,LT,Share|ElectricityHV|WindOffshore,share,0.0846777368630425,0.0022965631733275
image,SSP2-Base,Business As Usual,LT,Share|ElectricityHV|SolarThermal,share,0.0274292909708295,0.0903694838946072
image,SSP2-Base,Business As Usual,LT,Share|ElectricityHV|SolarPVOpen,share,0.0251957953700703,0.0529267259515647
image,SSP2-Base,Business As Usual,LT,Share|ElectricityHV|Hydrogen,share,0.1303667308181797,0.05660811098677
image,SSP2-Base,Business As Usual,LT,Share|ElectricityHV|BatteryHydro,share,0.0224057643481285,0.0678586730284688
image,SSP2-Base,Business As Usual,LT,Share|ElectricityHV|ImportsES,share,0.0,0.0
image,SSP2-Base,Business As Usual,LT,Share|ElectricityHV|ImportsBG,share,0.0,0.0
image,SSP2-Base,Business As Usual,LT,Share|ElectricityHV|ImportsSE,share,0.0,0.0
image,SSP2-Base,Business As Usual,LT,Share|ElectricityHV|ImportsAT,share,0.0,0.0
image,SSP2-Base,Business As Usual,LT,Share|ElectricityHV|ImportsMK,share,0.0,0.0
image,SSP2-Base,Business As Usual,LT,Share|ElectricityHV|ImportsMD,share,0.0,0.0
image,SSP2-Base,Business As Usual,LT,Share|ElectricityHV|ImportsHR,share,0.0,0.0
image,SSP2-Base,Business As Usual,LT,Share|ElectricityHV|ImportsXK,share,0.0,0.0
image,SSP2-Base,Business As Usual,LT,Share|ElectricityHV|ImportsLU,share,0.0,0.0
image,SSP2-Base,Business As Usual,LT,Share|ElectricityHV|ImportsGR,share,0.0109892974595058,0.045226657113772
image,SSP2-Base,Business As Usual,LT,Share|ElectricityHV|ImportsIS,share,0.0,0.0
image,SSP2-Base,Business As Usual,LT,Share|ElectricityHV|ImportsBA,share,0.0,0.0
image,SSP2-Base,Business As Usual,LT,Share|ElectricityHV|ImportsEE,share,0.0,0.0
image,SSP2-Base,Business As Usual,LT,Share|ElectricityHV|ImportsSK,share,0.0,0.0
image,SSP2-Base,Business As Usual,LT,Share|ElectricityHV|ImportsME,share,0.0,0.0
image,SSP2-Base,Business As Usual,LT,Share|ElectricityHV|ImportsLT,share,0.0,0.0
image,SSP2-Base,Business As Usual,LT,Share|ElectricityHV|ImportsSI,share,0.0,0.0
image,SSP2-Base,Business As Usual,LT,Share|ElectricityHV|ImportsIE,share,0.0,0.0
image,SSP2-Base,Business As Usual,LT,Share|ElectricityHV|ImportsBE,share,0.0,0.0
image,SSP2-Base,Business As Usual,LT,Share|ElectricityHV|ImportsRS,share,0.0,0.0
image,SSP2-Base,Business As Usual,LT,Share|ElectricityHV|ImportsRO,share,0.0,0.0
image,SSP2-Base,Business As Usual,LT,Share|ElectricityHV|ImportsNL,share,0.0,0.0
image,SSP2-Base,Business As Usual,LT,Share|ElectricityHV|ImportsUA,share,0.0,0.0
image,SSP2-Base,Business As Usual,LT,Share|ElectricityHV|ImportsPL,share,0.0,0.0
image,SSP2-Base,Business As Usual,LT,Share|ElectricityHV|ImportsFR,share,0.0,0.0
image,SSP2-Base,Business As Usual,LT,Share|ElectricityHV|ImportsGB,share,0.0,0.0
image,SSP2-Base,Business As Usual,LT,Share|ElectricityHV|ImportsNO,share,0.0,0.0
image,SSP2-Base,Business As Usual,LT,Share|ElectricityHV|ImportsCZ,share,0.0,0.0
image,SSP2-Base,Business As Usual,LT,Share|ElectricityHV|ImportsMT,share,0.0,0.0
image,SSP2-Base,Business As Usual,LT,Share|ElectricityHV|ImportsDK,share,0.0076412928725297,0.0034114763070059
image,SSP2-Base,Business As Usual,LT,Share|ElectricityHV|ImportsIT,share,0.0,0.0
image,SSP2-Base,Business As Usual,LT,Share|ElectricityHV|ImportsLV,share,0.0,0.0
image,SSP2-Base,Business As Usual,LT,Share|ElectricityHV|ImportsDE,share,0.0,0.0
image,SSP2-Base,Business As Usual,LT,Share|ElectricityHV|ImportsPT,share,0.0481967097593445,0.0179873461076121
image,SSP2-Base,Business As Usual,LT,Share|ElectricityHV|ImportsFI,share,0.0,0.0
image,SSP2-Base,Business As Usual,LT,Share|ElectricityHV|ImportsBY,share,0.0,0.0
image,SSP2-Base,Business As Usual,LT,Share|ElectricityHV|ImportsGI,share,0.0,0.0
image,SSP2-Base,Business As Usual,LT,Share|ElectricityHV|ImportsAL,share,0.0,0.0
image,SSP2-Base,Business As Usual,LT,Share|ElectricityHV|ImportsHU,share,0.0,0.0
image,SSP2-Base,Business As Usual,LT,Share|ElectricityHV|ImportsCH,share,0.0,0.0
image,SSP2-Base,Business As Usual,LT,Share|ElectricityMV|TransformationHVMV,share,0.8,0.5808326557317601
image,SSP2-Base,Business As Usual,LT,Share|ElectricityMV|SolarPVRoofCommercial,share,0.1,0.31916734426824
image,SSP2-Base,Business As Usual,LT,Share|ElectricityMV|Waste,share,0.1,0.1
image,SSP2-Base,Business As Usual,LT,Share|ElectricityLV|TransformationMVLV,share,0.7758995371756165,0.7651579317477101
image,SSP2-Base,Business As Usual,LT,Share|ElectricityLV|BatteryChemical,share,0.1241004628243834,0.0848420682522899
image,SSP2-Base,Business As Usual,LT,Share|ElectricityLV|SolarPVRoofResidential,share,0.1,0.15
image,SSP2-Base,Business As Usual,SI,Share|ElectricityHV|Coal,share,0.101490784040445,0.0131390587983381
image,SSP2-Base,Business As Usual,SI,Share|ElectricityHV|CombinedCycle,share,0.1840596570873364,0.0015603610780607
image,SSP2-Base,Business As Usual,SI,Share|ElectricityHV|GasTurbine,share,0.0725031165408214,0.0104782547959105
image,SSP2-Base,Business As Usual,SI,Share|ElectricityHV|CogenerationGas,share,0.0426907083372975,0.0091365202765325
image,SSP2-Base,Business As Usual,SI,Share|ElectricityHV|Nuclear,share,0.0351648460824174,0.0319051417186564
image,SSP2-Base,Business As Usual,SI,Share|ElectricityHV|Oil,share,0.1218129066528594,0.032363037023801
image,SSP2-Base,Business As Usual,SI,Share|ElectricityHV|Geothermal,share,0.0128847374509487,0.1070124016122365
image,SSP2-Base,Business As Usual,SI,Share|ElectricityHV|HydroRunofRiver,share,0.0064509064188235,0.0594883942119486
image,SSP2-Base,Business As Usual,SI,Share|ElectricityHV|HydroReservoir,share,0.0546166442763245,0.0386750171768927
image,SSP2-Base,Business As Usual,SI,Share|ElectricityHV|Biomass,share,0.0937736886203344,0.1775629363423374
image,SSP2-Base,Business As Usual,SI,Share|ElectricityHV|Biogas,share,0.0543856101551423,0.2998881919634011
image,SSP2-Base,Business As Usual,SI,Share|ElectricityHV|WindOnshore,share,0.0159274533291938,0.0489477963342839
image,SSP2-Base,Business As Usual,SI,Share|ElectricityHV|WindOffshore,share,0.0006042836265944,0.0719944821798893
image,SSP2-Base,Business As Usual,SI,Share|ElectricityHV|SolarThermal,share,0.0064611349216228,0.0232778776139576
image,SSP2-Base,Business As Usual,SI,Share|ElectricityHV|SolarPVOpen,share,0.0023343359163035,0.0031393975966245
image,SSP2-Base,Business As Usual,SI,Share|ElectricityHV|Hydrogen,share,0.1376696869018564,0.0167193564080491
image,SSP2-Base,Business As Usual,SI,Share|ElectricityHV|BatteryHydro,share,0.0056732110625763,0.0512032506915845
image,SSP2-Base,Business As Usual,SI,Share|ElectricityHV|ImportsES,share,0.0,0.0
image,SSP2-Base,Business As Usual,SI,Share|ElectricityHV|ImportsBG,share,0.0,0.0
image,SSP2-Base,Business As Usual,SI,Share|ElectricityHV|ImportsSE,share,0.0,0.0
image,SSP2-Base,Business As Usual,SI,Share|ElectricityHV|ImportsAT,share,0.0,0.0
image,SSP2-Base,Business As Usual,SI,Share|ElectricityHV|ImportsMK,share,0.0469152082286303,0.0001942035694336
image,SSP2-Base,Business As Usual,SI,Share|ElectricityHV|ImportsMD,share,0.0,0.0
image,SSP2-Base,Business As Usual,SI,Share|ElectricityHV|ImportsHR,share,0.0,0.0
image,SSP2-Base,Business As Usual,SI,Share|ElectricityHV|ImportsXK,share,0.0,0.0
image,SSP2-Base,Business As Usual,SI,Share|ElectricityHV|ImportsLU,share,0.0,0.0
image,SSP2-Base,Business As Usual,SI,Share|ElectricityHV|ImportsGR,share,0.0,0.0
image,SSP2-Base,Business As Usual,SI,Share|ElectricityHV|ImportsIS,share,0.0,0.0
image,SSP2-Base,Business As Usual,SI,Share|ElectricityHV|ImportsBA,share,0.0,0.0
image,SSP2-Base,Business As Usual,SI,Share|ElectricityHV|ImportsEE,share,0.0035071047579517,0.0017108127864171
image,SSP2-Base,Business As Usual,SI,Share|ElectricityHV|ImportsSK,share,0.0,0.0
image,SSP2-Base,Business As Usual,SI,Share|ElectricityHV|ImportsME,share,0.0,0.0
image,SSP2-Base,Business As Usual,SI,Share|ElectricityHV|ImportsLT,share,0.0,0.0
image,SSP2-Base,Business As Usual,SI,Share|ElectricityHV|ImportsSI,share,0.0,0.0
image,SSP2-Base,Business As Usual,SI,Share|ElectricityHV|ImportsIE,share,0.0,0.0
image,SSP2-Base,Business As Usual,SI,Share|ElectricityHV|ImportsBE,share,0.0,0.0
image,SSP2-Base,Business As Usual,SI,Share|ElectricityHV|ImportsRS,share,0.0,0.0
image,SSP2-Base,Business As Usual,SI,Share|ElectricityHV|ImportsRO,share,0.0,0.0
image,SSP2-Base,Business As Usual,SI,Share|ElectricityHV|ImportsNL,share,0.0,0.0
image,SSP2-Base,Business As Usual,SI,Share|ElectricityHV|ImportsUA,share,0.0,0.0
image,SSP2-Base,Business As Usual,SI,Share|ElectricityHV|ImportsPL,share,0.0,0.0
image,SSP2-Base,Business As Usual,SI,Share|ElectricityHV|ImportsFR,share,0.0,0.0
image,SSP2-Base,Business As Usual,SI,Share|ElectricityHV|ImportsGB,share,0.0,0.0
image,SSP2-Base,Business As Usual,SI,Share|ElectricityHV|ImportsNO,share,0.0,0.0
image,SSP2-Base,Business As Usual,SI,Share|ElectricityHV|ImportsCZ,share,0.0,0.0
image,SSP2-Base,Business As Usual,SI,Share|ElectricityHV|ImportsMT,share,0.0,0.0
image,SSP2-Base,Business As Usual,SI,Share|ElectricityHV|ImportsDK,share,0.0,0.0
image,SSP2-Base,Business As Usual,SI,Share|ElectricityHV|ImportsIT,share,0.0,0.0
image,SSP2-Base,Business As Usual,SI,Share|ElectricityHV|ImportsLV,share,0.0,0.0
image,SSP2-Base,Business As Usual,SI,Share|ElectricityHV|ImportsDE,share,0.0,0.0
image,SSP2-Base,Business As Usual,SI,Share|ElectricityHV|ImportsPT,share,0.0,0.0
image,SSP2-Base,Business As Usual,SI,Share|ElectricityHV|ImportsFI,share,0.0,0.0
image,SSP2-Base,Business As Usual,SI,Share|ElectricityHV|ImportsBY,share,0.0,0.0
image,SSP2-Base,Business As Usual,SI,Share|ElectricityHV|ImportsGI,share,0.0,0.0
image,SSP2-Base,Business As Usual,SI,Share|ElectricityHV|ImportsAL,share,0.0010739755925193,0.0016035078216439
image,SSP2-Base,Business As Usual,SI,Share|ElectricityHV|ImportsHU,share,0.0,0.0
image,SSP2-Base,Business As Usual,SI,Share|ElectricityHV|ImportsCH,share,0.0,0.0
image,SSP2-Base,Business As Usual,SI,Share|ElectricityMV|TransformationHVMV,share,0.8655269817880873,0.3042014686422461
image,SSP2-Base,Business As Usual,SI,Share|ElectricityMV|SolarPVRoofCommercial,share,0.0344730182119128,0.5957985313577538
image,SSP2-Base,Business As Usual,SI,Share|ElectricityMV|Waste,share,0.0999999999999999,0.0999999999999999
image,SSP2-Base,Business As Usual,SI,Share|ElectricityLV|TransformationMVLV,share,0.8394886230078271,0.7447657420660827
image,SSP2-Base,Business As Usual,SI,Share|ElectricityLV|BatteryChemical,share,0.0605113769921729,0.1999999999999999
image,SSP2-Base,Business As Usual,SI,Share|ElectricityLV|SolarPVRoofResidential,share,0.0999999999999999,0.0552342579339172
image,SSP2-Base,Business As Usual,IE,Share|ElectricityHV|Coal,share,0.0301860298442518,0.0108857964101207
image,SSP2-Base,Business As Usual,IE,Share|ElectricityHV|CombinedCycle,share,0.0963913264404801,0.0120646369498322
image,SSP2-Base,Business As Usual,IE,Share|ElectricityHV|GasTurbine,share,0.0456281803080845,0.0316014362908208
image,SSP2-Base,Business As Usual,IE,Share|ElectricityHV|CogenerationGas,share,0.0578599080540061,0.0184845410410221
image,SSP2-Base,Business As Usual,IE,Share|ElectricityHV|Nuclear,share,0.0841910603962168,0.0593677679452127
image,SSP2-Base,Business As Usual,IE,Share|ElectricityHV|Oil,share,0.010605218234069,0.0386763815329353
image,SSP2-Base,Business As Usual,IE,Share|ElectricityHV|Geothermal,share,0.0013671288929147,0.0922993062779486
image,SSP2-Base,Business As Usual,IE,Share|ElectricityHV|HydroRunofRiver,share,0.156450547557003,0.0347921616562965
image,SSP2-Base,Business As Usual,IE,Share|ElectricityHV|HydroReservoir,share,0.0488599244696807,0.1253745888040309
image,SSP2-Base,Business As Usual,IE,Share|ElectricityHV|Biomass,share,0.0422761624921043,0.0288229141733923
image,SSP2-Base,Business As Usual,IE,Share|ElectricityHV|Biogas,share,0.0151742928296582,0.0724355076714612
image,SSP2-Base,Business As Usual,IE,Share|ElectricityHV|WindOnshore,share,0.0502456987688308,0.0082704407245008
image,SSP2-Base,Business As Usual,IE,Share|ElectricityHV|WindOffshore,share,0.0147183439195295,0.0444944380533478
image,SSP2-Base,Business As Usual,IE,Share|ElectricityHV|SolarThermal,share,0.0605751197276475,0.0436131211311195
image,SSP2-Base,Business As Usual,IE,Share|ElectricityHV|SolarPVOpen,share,0.0519414700009819,0.04934119632805
image,SSP2-Base,Business As Usual,IE,Share|ElectricityHV|Hydrogen,share,0.0827331796137336,0.0413594737681797
image,SSP2-Base,Business As Usual,IE,Share|ElectricityHV|BatteryHydro,share,0.0557495161747469,0.1952078956064993
image,SSP2-Base,Business As Usual,IE,Share|ElectricityHV|ImportsES,share,0.0,0.0
image,SSP2-Base,Business As Usual,IE,Share|ElectricityHV|ImportsBG,share,0.0,0.0
image,SSP2-Base,Business As Usual,IE,Share|ElectricityHV|ImportsSE,share,0.0,0.0
image,SSP2-Base,Business As Usual,IE,Share|ElectricityHV|ImportsAT,share,0.0,0.0
image,SSP2-Base,Business As Usual,IE,Share|ElectricityHV|ImportsMK,share,0.0,0.0
image,SSP2-Base,Business As Usual,IE,Share|ElectricityHV|ImportsMD,share,0.0,0.0
image,SSP2-Base,Business As Usual,IE,Share|ElectricityHV|ImportsHR,share,0.0,0.0
image,SSP2-Base,Business As Usual,IE,Share|ElectricityHV|ImportsXK,share,0.0,0.0
image,SSP2-Base,Business As Usual,IE,Share|ElectricityHV|ImportsLU,share,0.0,0.0
image,SSP2-Base,Business As Usual,IE,Share|ElectricityHV|ImportsGR,share,0.0,0.0
image,SSP2-Base,Business As Usual,IE,Share|ElectricityHV|ImportsIS,share,0.0,0.0
image,SSP2-Base,Business As Usual,IE,Share|ElectricityHV|ImportsBA,share,0.0,0.0
image,SSP2-Base,Business As Usual,IE,Share|ElectricityHV|ImportsEE,share,0.0,0.0
image,SSP2-Base,Business As Usual,IE,Share|ElectricityHV|ImportsSK,share,0.0,0.0
image,SSP2-Base,Business As Usual,IE,Share|ElectricityHV|ImportsME,share,0.0,0.0
image,SSP2-Base,Business As Usual,IE,Share|ElectricityHV|ImportsLT,share,0.0,0.0
image,SSP2-Base,Business As Usual,IE,Share|ElectricityHV|ImportsSI,share,0.0,0.0
image,SSP2-Base,Business As Usual,IE,Share|ElectricityHV|ImportsIE,share,0.0,0.0
image,SSP2-Base,Business As Usual,IE,Share|ElectricityHV|ImportsBE,share,0.0,0.0
image,SSP2-Base,Business As Usual,IE,Share|ElectricityHV|ImportsRS,share,0.0,0.0
image,SSP2-Base,Business As Usual,IE,Share|ElectricityHV|ImportsRO,share,0.0,0.0
image,SSP2-Base,Business As Usual,IE,Share|ElectricityHV|ImportsNL,share,0.0562408054906269,0.0532312588563965
image,SSP2-Base,Business As Usual,IE,Share|ElectricityHV|ImportsUA,share,0.0,0.0
image,SSP2-Base,Business As Usual,IE,Share|ElectricityHV|ImportsPL,share,0.0,0.0
image,SSP2-Base,Business As Usual,IE,Share|ElectricityHV|ImportsFR,share,0.0,0.0
image,SSP2-Base,Business As Usual,IE,Share|ElectricityHV|ImportsGB,share,0.0357130379225582,0.0181629254245074
image,SSP2-Base,Business As Usual,IE,Share|ElectricityHV|ImportsNO,share,0.0,0.0
image,SSP2-Base,Business As Usual,IE,Share|ElectricityHV|ImportsCZ,share,0.0,0.0
image,SSP2-Base,Business As Usual,IE,Share|ElectricityHV|ImportsMT,share,0.0030930488628749,0.0215142113543249
image,SSP2-Base,Business As Usual,IE,Share|ElectricityHV|ImportsDK,share,0.0,0.0
image,SSP2-Base,Business As Usual,IE,Share|ElectricityHV|ImportsIT,share,0.0,0.0
image,SSP2-Base,Business As Usual,IE,Share|ElectricityHV|ImportsLV,share,0.0,0.0
image,SSP2-Base,Business As Usual,IE,Share|ElectricityHV|ImportsDE,share,0.0,0.0
image,SSP2-Base,Business As Usual,IE,Share|ElectricityHV|ImportsPT,share,0.0,0.0
image,SSP2-Base,Business As Usual,IE,Share|ElectricityHV|ImportsFI,share,0.0,0.0
image,SSP2-Base,Business As Usual,IE,Share|ElectricityHV|ImportsBY,share,0.0,0.0
image,SSP2-Base,Business As Usual,IE,Share|ElectricityHV|ImportsGI,share,0.0,0.0
image,SSP2-Base,Business As Usual,IE,Share|ElectricityHV|ImportsAL,share,0.0,0.0
image,SSP2-Base,Business As Usual,IE,Share|ElectricityHV|ImportsHU,share,0.0,0.0
image,SSP2-Base,Business As Usual,IE,Share|ElectricityHV|ImportsCH,share,0.0,0.0
image,SSP2-Base,Business As Usual,IE,Share|ElectricityMV|TransformationHVMV,share,0.7999999999999999,0.1679336583720384
image,SSP2-Base,Business As Usual,IE,Share|ElectricityMV|SolarPVRoofCommercial,share,0.0999999999999999,0.7320663416279616
image,SSP2-Base,Business As Usual,IE,Share|ElectricityMV|Waste,share,0.0999999999999999,0.1
image,SSP2-Base,Business As Usual,IE,Share|ElectricityLV|TransformationMVLV,share,0.8371485886911334,0.8311355048006134
image,SSP2-Base,Business As Usual,IE,Share|ElectricityLV|BatteryChemical,share,0.0628514113088666,0.0188644951993865
image,SSP2-Base,Business As Usual,IE,Share|ElectricityLV|SolarPVRoofResidential,share,0.0999999999999999,0.15
image,SSP2-Base,Business As Usual,BE,Share|ElectricityHV|Coal,share,0.0344482825384378,0.0113028078030683
image,SSP2-Base,Business As Usual,BE,Share|ElectricityHV|CombinedCycle,share,0.0661509488802943,0.0178071999127056
image,SSP2-Base,Business As Usual,BE,Share|ElectricityHV|GasTurbine,share,0.0008140817847861,0.0123896841916662
image,SSP2-Base,Business As Usual,BE,Share|ElectricityHV|CogenerationGas,share,0.1032933889180572,0.0081586829305186
image,SSP2-Base,Business As Usual,BE,Share|ElectricityHV|Nuclear,share,0.0138819820954845,0.0095359200228433
image,SSP2-Base,Business As Usual,BE,Share|ElectricityHV|Oil,share,0.175044238760917,0.0131494117293803
image,SSP2-Base,Business As Usual,BE,Share|ElectricityHV|Geothermal,share,0.0337492372228024,0.0147744142880388
image,SSP2-Base,Business As Usual,BE,Share|ElectricityHV|HydroRunofRiver,share,0.0174109460613759,0.0400012196082682
image,SSP2-Base,Business As Usual,BE,Share|ElectricityHV|HydroReservoir,share,0.0458638375562403,0.236490952985759
image,SSP2-Base,Business As Usual,BE,Share|ElectricityHV|Biomass,share,0.0430133477730039,0.0629022657666069
image,SSP2-Base,Business As Usual,BE,Share|ElectricityHV|Biogas,share,0.0413893588559354,0.0457240263153616
image,SSP2-Base,Business As Usual,BE,Share|ElectricityHV|WindOnshore,share,0.0845471302242399,0.0266511548455381
image,SSP2-Base,Business As Usual,BE,Share|ElectricityHV|WindOffshore,share,0.0487571533269252,0.0150062060268888
image,SSP2-Base,Business As Usual,BE,Share|ElectricityHV|SolarThermal,share,0.0154500854148342,0.0532662410375389
image,SSP2-Base,Business As Usual,BE,Share|ElectricityHV|SolarPVOpen,share,0.0272907681640512,0.0570377864547921
image,SSP2-Base,Business As Usual,BE,Share|ElectricityHV|Hydrogen,share,0.2324761417342836,0.0068805256824736
image,SSP2-Base,Business As Usual,BE,Share|ElectricityHV|BatteryHydro,share,0.0136451658362882,0.314344223335732
image,SSP2-Base,Business As Usual,BE,Share|ElectricityHV|ImportsES,share,0.0,0.0
image,SSP2-Base,Business As Usual,BE,Share|ElectricityHV|ImportsBG,share,0.0,0.0
image,SSP2-Base,Business As Usual,BE,Share|ElectricityHV|ImportsSE,share,0.0,0.0
image,SSP2-Base,Business As Usual,BE,Share|ElectricityHV|ImportsAT,share,0.0,0.0
image,SSP2-Base,Business As Usual,BE,Share|ElectricityHV|ImportsMK,share,0.0,0.0
image,SSP2-Base,Business As Usual,BE,Share|ElectricityHV|ImportsMD,share,0.0,0.0
image,SSP2-Base,Business As Usual,BE,Share|ElectricityHV|ImportsHR,share,0.0,0.0
image,SSP2-Base,Business As Usual,BE,Share|ElectricityHV|ImportsXK,share,0.0,0.0
image,SSP2-Base,Business As Usual,BE,Share|ElectricityHV|ImportsLU,share,0.0,0.0
image,SSP2-Base,Business As Usual,BE,Share|ElectricityHV|ImportsGR,share,0.0,0.0
image,SSP2-Base,Business As Usual,BE,Share|ElectricityHV|ImportsIS,share,0.0,0.0
image,SSP2-Base,Business As Usual,BE,Share|ElectricityHV|ImportsBA,share,0.0,0.0
image,SSP2-Base,Business As Usual,BE,Share|ElectricityHV|ImportsEE,share,0.0,0.0
image,SSP2-Base,Business As Usual,BE,Share|ElectricityHV|ImportsSK,share,0.0,0.0
image,SSP2-Base,Business As Usual,BE,Share|ElectricityHV|ImportsME,share,0.0,0.0
image,SSP2-Base,Business As Usual,BE,Share|ElectricityHV|ImportsLT,share,0.0,0.0
image,SSP2-Base,Business As Usual,BE,Share|ElectricityHV|ImportsSI,share,0.0,0.0
image,SSP2-Base,Business As Usual,BE,Share|ElectricityHV|ImportsIE,share,0.0,0.0
image,SSP2-Base,Business As Usual,BE,Share|ElectricityHV|ImportsBE,share,0.0,0.0
image,SSP2-Base,Business As Usual,BE,Share|ElectricityHV|ImportsRS,share,0.0,0.0
image,SSP2-Base,Business As Usual,BE,Share|ElectricityHV|ImportsRO,share,0.0,0.0
image,SSP2-Base,Business As Usual,BE,Share|ElectricityHV|ImportsNL,share,0.0010499603021546,0.0258452609621283
image,SSP2-Base,Business As Usual,BE,Share|ElectricityHV|ImportsUA,share,0.0,0.0
image,SSP2-Base,Business As Usual,BE,Share|ElectricityHV|ImportsPL,share,0.0,0.0
image,SSP2-Base,Business As Usual,BE,Share|ElectricityHV|ImportsFR,share,0.0,0.0
image,SSP2-Base,Business As Usual,BE,Share|ElectricityHV|ImportsGB,share,0.0,0.0
image,SSP2-Base,Business As Usual,BE,Share|ElectricityHV|ImportsNO,share,0.0,0.0
image,SSP2-Base,Business As Usual,BE,Share|ElectricityHV|ImportsCZ,share,0.0,0.0
image,SSP2-Base,Business As Usual,BE,Share|ElectricityHV|ImportsMT,share,0.0,0.0
image,SSP2-Base,Business As Usual,BE,Share|ElectricityHV|ImportsDK,share,0.0,0.0
image,SSP2-Base,Business As Usual,BE,Share|ElectricityHV|ImportsIT,share,0.0,0.0
image,SSP2-Base,Business As Usual,BE,Share|ElectricityHV|ImportsLV,share,0.0012872123537385,0.0021164252123492
image,SSP2-Base,Business As Usual,BE,Share|ElectricityHV|ImportsDE,share,0.0,0.0
image,SSP2-Base,Business As Usual,BE,Share|ElectricityHV|ImportsPT,share,0.0,0.0
image,SSP2-Base,Business As Usual,BE,Share|ElectricityHV|ImportsFI,share,0.0,0.0
image,SSP2-Base,Business As Usual,BE,Share|ElectricityHV|ImportsBY,share,0.0,0.0
image,SSP2-Base,Business As Usual,BE,Share|ElectricityHV|ImportsGI,share,0.0,0.0
image,SSP2-Base,Business As Usual,BE,Share|ElectricityHV|ImportsAL,share,0.0,0.0
image,SSP2-Base,Business As Usual,BE,Share|ElectricityHV|ImportsHU,share,0.0,0.0
image,SSP2-Base,Business As Usual,BE,Share|ElectricityHV|ImportsCH,share,0.0004367321961489,0.0266155908883412
image,SSP2-Base,Business As Usual,BE,Share|ElectricityMV|TransformationHVMV,share,0.8,0.7498965409898258
image,SSP2-Base,Business As Usual,BE,Share|ElectricityMV|SolarPVRoofCommercial,share,0.1,0.1501034590101741
image,SSP2-Base,Business As Usual,BE,Share|ElectricityMV|Waste,share,0.1,0.1
image,SSP2-Base,Business As Usual,BE,Share|ElectricityLV|TransformationMVLV,share,0.769870405854223,0.705666631011844
image,SSP2-Base,Business As Usual,BE,Share|ElectricityLV|BatteryChemical,share,0.1301295941457771,0.2
image,SSP2-Base,Business As Usual,BE,Share|ElectricityLV|SolarPVRoofResidential,share,0.0999999999999999,0.094333368988156
image,SSP2-Base,Business As Usual,RS,Share|ElectricityHV|Coal,share,0.2187627174198465,0.0100873836678292
image,SSP2-Base,Business As Usual,RS,Share|ElectricityHV|CombinedCycle,share,0.0351327919554524,0.0246054883800243
image,SSP2-Base,Business As Usual,RS,Share|ElectricityHV|GasTurbine,share,0.2043703387374902,0.0244348465611036
image,SSP2-Base,Business As Usual,RS,Share|ElectricityHV|CogenerationGas,share,0.0803356060780663,0.0049713367468558
image,SSP2-Base,Business As Usual,RS,Share|ElectricityHV|Nuclear,share,0.010639514700867,0.0261256904455806
image,SSP2-Base,Business As Usual,RS,Share|ElectricityHV|Oil,share,0.0480972160419302,0.1263884280150619
image,SSP2-Base,Business As Usual,RS,Share|ElectricityHV|Geothermal,share,0.0174397179121072,0.1432865083808857
image,SSP2-Base,Business As Usual,RS,Share|ElectricityHV|HydroRunofRiver,share,0.0167512279454501,0.0138940821526726
image,SSP2-Base,Business As Usual,RS,Share|ElectricityHV|HydroReservoir,share,0.0111896006034288,0.0265760808205768
image,SSP2-Base,Business As Usual,RS,Share|ElectricityHV|Biomass,share,0.023451837227355,0.0849531452898931
image,SSP2-Base,Business As Usual,RS,Share|ElectricityHV|Biogas,share,0.0568498714048351,0.0274806608286009
image,SSP2-Base,Business As Usual,RS,Share|ElectricityHV|WindOnshore,share,0.0124782714570525,0.2647311428431182
image,SSP2-Base,Business As Usual,RS,Share|ElectricityHV|WindOffshore,share,0.0385657014062641,0.0111435345112467
image,SSP2-Base,Business As Usual,RS,Share|ElectricityHV|SolarThermal,share,0.0449964603588158,0.1442347686452303
image,SSP2-Base,Business As Usual,RS,Share|ElectricityHV|SolarPVOpen,share,0.0666465720454964,0.0072193074310852
image,SSP2-Base,Business As Usual,RS,Share|ElectricityHV|Hydrogen,share,0.0131804759631868,0.0210244675338623
image,SSP2-Base,Business As Usual,RS,Share|ElectricityHV|BatteryHydro,share,0.0215646569796433,0.0220382583800564
image,SSP2-Base,Business As Usual,RS,Share|ElectricityHV|ImportsES,share,0.0,0.0
image,SSP2-Base,Business As Usual,RS,Share|ElectricityHV|ImportsBG,share,0.0,0.0
image,SSP2-Base,Business As Usual,RS,Share|ElectricityHV|ImportsSE,share,0.0,0.0
image,SSP2-Base,Business As Usual,RS,Share|ElectricityHV|ImportsAT,share,0.0,0.0
image,SSP2-Base,Business As Usual,RS,Share|ElectricityHV|ImportsMK,share,0.0,0.0
image,SSP2-Base,Business As Usual,RS,Share|ElectricityHV|ImportsMD,share,0.0,0.0
image,SSP2-Base,Business As Usual,RS,Share|ElectricityHV|ImportsHR,share,0.0,0.0
image,SSP2-Base,Business As Usual,RS,Share|ElectricityHV|ImportsXK,share,0.0,0.0
image,SSP2-Base,Business As Usual,RS,Share|ElectricityHV|ImportsLU,share,0.0,0.0
image,SSP2-Base,Business As Usual,RS,Share|ElectricityHV|ImportsGR,share,0.0,0.0
image,SSP2-Base,Business As Usual,RS,Share|ElectricityHV|ImportsIS,share,0.0,0.0
image,SSP2-Base,Business As Usual,RS,Share|ElectricityHV|ImportsBA,share,0.0,0.0
image,SSP2-Base,Business As Usual,RS,Share|ElectricityHV|ImportsEE,share,0.0350598838750799,0.0030107578709288
image,SSP2-Base,Business As Usual,RS,Share|ElectricityHV|ImportsSK,share,0.0403830321566934,0.0133229061739727
image,SSP2-Base,Business As Usual,RS,Share|ElectricityHV|ImportsME,share,0.0,0.0
image,SSP2-Base,Business As Usual,RS,Share|ElectricityHV|ImportsLT,share,0.0,0.0
image,SSP2-Base,Business As Usual,RS,Share|ElectricityHV|ImportsSI,share,0.0,0.0
image,SSP2-Base,Business As Usual,RS,Share|ElectricityHV|ImportsIE,share,0.0,0.0
image,SSP2-Base,Business As Usual,RS,Share|ElectricityHV|ImportsBE,share,0.0,0.0
image,SSP2-Base,Business As Usual,RS,Share|ElectricityHV|ImportsRS,share,0.0,0.0
image,SSP2-Base,Business As Usual,RS,Share|ElectricityHV|ImportsRO,share,0.0,0.0
image,SSP2-Base,Business As Usual,RS,Share|ElectricityHV|ImportsNL,share,0.0,0.0
image,SSP2-Base,Business As Usual,RS,Share|ElectricityHV|ImportsUA,share,0.0,0.0
image,SSP2-Base,Business As Usual,RS,Share|ElectricityHV|ImportsPL,share,0.0041045057309382,0.0004712053214139
image,SSP2-Base,Business As Usual,RS,Share|ElectricityHV|ImportsFR,share,0.0,0.0
image,SSP2-Base,Business As Usual,RS,Share|ElectricityHV|ImportsGB,share,0.0,0.0
image,SSP2-Base,Business As Usual,RS,Share|ElectricityHV|ImportsNO,share,0.0,0.0
image,SSP2-Base,Business As Usual,RS,Share|ElectricityHV|ImportsCZ,share,0.0,0.0
image,SSP2-Base,Business As Usual,RS,Share|ElectricityHV|ImportsMT,share,0.0,0.0
image,SSP2-Base,Business As Usual,RS,Share|ElectricityHV|ImportsDK,share,0.0,0.0
image,SSP2-Base,Business As Usual,RS,Share|ElectricityHV|ImportsIT,share,0.0,0.0
image,SSP2-Base,Business As Usual,RS,Share|ElectricityHV|ImportsLV,share,0.0,0.0
image,SSP2-Base,Business As Usual,RS,Share|ElectricityHV|ImportsDE,share,0.0,0.0
image,SSP2-Base,Business As Usual,RS,Share|ElectricityHV|ImportsPT,share,0.0,0.0
image,SSP2-Base,Business As Usual,RS,Share|ElectricityHV|ImportsFI,share,0.0,0.0
image,SSP2-Base,Business As Usual,RS,Share|ElectricityHV|ImportsBY,share,0.0,0.0
image,SSP2-Base,Business As Usual,RS,Share|ElectricityHV|ImportsGI,share,0.0,0.0
image,SSP2-Base,Business As Usual,RS,Share|ElectricityHV|ImportsAL,share,0.0,0.0
image,SSP2-Base,Business As Usual,RS,Share|ElectricityHV|ImportsHU,share,0.0,0.0
image,SSP2-Base,Business As Usual,RS,Share|ElectricityHV|ImportsCH,share,0.0,0.0
image,SSP2-Base,Business As Usual,RS,Share|ElectricityMV|TransformationHVMV,share,0.8,0.8965110868621494
image,SSP2-Base,Business As Usual,RS,Share|ElectricityMV|SolarPVRoofCommercial,share,0.1,0.0034889131378506
image,SSP2-Base,Business As Usual,RS,Share|ElectricityMV|Waste,share,0.1,0.1
image,SSP2-Base,Business As Usual,RS,Share|ElectricityLV|TransformationMVLV,share,0.8354747078581607,0.7294383625689871
image,SSP2-Base,Business As Usual,RS,Share|ElectricityLV|BatteryChemical,share,0.0645252921418393,0.1999999999999999
image,SSP2-Base,Business As Usual,RS,Share|ElectricityLV|SolarPVRoofResidential,share,0.0999999999999999,0.0705616374310128
image,SSP2-Base,Business As Usual,RO,Share|ElectricityHV|Coal,share,0.0052544165161711,0.0144926692736587
image,SSP2-Base,Business As Usual,RO,Share|ElectricityHV|CombinedCycle,share,0.1795071963809704,0.0238154769895829
image,SSP2-Base,Business As Usual,RO,Share|ElectricityHV|GasTurbine,share,0.0390524204543194,0.0508900032193773
image,SSP2-Base,Business As Usual,RO,Share|ElectricityHV|CogenerationGas,share,0.1518117903521184,0.0358373967313009
image,SSP2-Base,Business As Usual,RO,Share|ElectricityHV|Nuclear,share,0.0251291023479119,0.001253646029678
image,SSP2-Base,Business As Usual,RO,Share|ElectricityHV|Oil,share,0.0453268221775156,0.0138013861595209
image,SSP2-Base,Business As Usual,RO,Share|ElectricityHV|Geothermal,share,0.0111603984521048,0.0647503510320516
image,SSP2-Base,Business As Usual,RO,Share|ElectricityHV|HydroRunofRiver,share,0.0212419840403326,0.1297086000722382
image,SSP2-Base,Business As Usual,RO,Share|ElectricityHV|HydroReservoir,share,0.0196994150484609,0.1307208219159173
image,SSP2-Base,Business As Usual,RO,Share|ElectricityHV|Biomass,share,0.0357971563164844,0.0479184181246714
image,SSP2-Base,Business As Usual,RO,Share|ElectricityHV|Biogas,share,0.0461533482806422,0.0480005135672075
image,SSP2-Base,Business As Usual,RO,Share|ElectricityHV|WindOnshore,share,0.0469659623701434,0.0164659183976921
image,SSP2-Base,Business As Usual,RO,Share|ElectricityHV|WindOffshore,share,0.0374508524924466,0.0252068522095873
image,SSP2-Base,Business As Usual,RO,Share|ElectricityHV|SolarThermal,share,0.0510746159833168,0.1207952312334817
image,SSP2-Base,Business As Usual,RO,Share|ElectricityHV|SolarPVOpen,share,0.0529721814813407,0.1081817338698096
image,SSP2-Base,Business As Usual,RO,Share|ElectricityHV|Hydrogen,share,0.0473083897241575,0.0175687895311151
image,SSP2-Base,Business As Usual,RO,Share|ElectricityHV|BatteryHydro,share,0.1076585073182741,0.0822876624007557
image,SSP2-Base,Business As Usual,RO,Share|ElectricityHV|ImportsES,share,0.0,0.0
image,SSP2-Base,Business As Usual,RO,Share|ElectricityHV|ImportsBG,share,0.0,0.0
image,SSP2-Base,Business As Usual,RO,Share|ElectricityHV|ImportsSE,share,0.0,0.0
image,SSP2-Base,Business As Usual,RO,Share|ElectricityHV|ImportsAT,share,0.0,0.0
image,SSP2-Base,Business As Usual,RO,Share|ElectricityHV|ImportsMK,share,0.0040773634361072,0.048106447269217
image,SSP2-Base,Business As Usual,RO,Share|ElectricityHV|ImportsMD,share,0.0,0.0
image,SSP2-Base,Business As Usual,RO,Share|ElectricityHV|ImportsHR,share,0.0,0.0
image,SSP2-Base,Business As Usual,RO,Share|ElectricityHV|ImportsXK,share,0.0,0.0
image,SSP2-Base,Business As Usual,RO,Share|ElectricityHV|ImportsLU,share,0.0,0.0
image,SSP2-Base,Business As Usual,RO,Share|ElectricityHV|ImportsGR,share,0.0,0.0
image,SSP2-Base,Business As Usual,RO,Share|ElectricityHV|ImportsIS,share,0.0,0.0
image,SSP2-Base,Business As Usual,RO,Share|ElectricityHV|ImportsBA,share,0.0,0.0
image,SSP2-Base,Business As Usual,RO,Share|ElectricityHV|ImportsEE,share,0.0,0.0
image,SSP2-Base,Business As Usual,RO,Share|ElectricityHV|ImportsSK,share,0.0,0.0
image,SSP2-Base,Business As Usual,RO,Share|ElectricityHV|ImportsME,share,0.0,0.0
image,SSP2-Base,Business As Usual,RO,Share|ElectricityHV|ImportsLT,share,0.0,0.0
image,SSP2-Base,Business As Usual,RO,Share|ElectricityHV|ImportsSI,share,0.028428911983903,0.0151358928087906
image,SSP2-Base,Business As Usual,RO,Share|ElectricityHV|ImportsIE,share,0.0,0.0
image,SSP2-Base,Business As Usual,RO,Share|ElectricityHV|ImportsBE,share,0.0,0.0
image,SSP2-Base,Business As Usual,RO,Share|ElectricityHV|ImportsRS,share,0.0,0.0
image,SSP2-Base,Business As Usual,RO,Share|ElectricityHV|ImportsRO,share,0.0,0.0
image,SSP2-Base,Business As Usual,RO,Share|ElectricityHV|ImportsNL,share,0.0,0.0
image,SSP2-Base,Business As Usual,RO,Share|ElectricityHV|ImportsUA,share,0.0439291648432781,0.0050621891643453
image,SSP2-Base,Business As Usual,RO,Share|ElectricityHV|ImportsPL,share,0.0,0.0
image,SSP2-Base,Business As Usual,RO,Share|ElectricityHV|ImportsFR,share,0.0,0.0
image,SSP2-Base,Business As Usual,RO,Share|ElectricityHV|ImportsGB,share,0.0,0.0
image,SSP2-Base,Business As Usual,RO,Share|ElectricityHV|ImportsNO,share,0.0,0.0
image,SSP2-Base,Business As Usual,RO,Share|ElectricityHV|ImportsCZ,share,0.0,0.0
image,SSP2-Base,Business As Usual,RO,Share|ElectricityHV|ImportsMT,share,0.0,0.0
image,SSP2-Base,Business As Usual,RO,Share|ElectricityHV|ImportsDK,share,0.0,0.0
image,SSP2-Base,Business As Usual,RO,Share|ElectricityHV|ImportsIT,share,0.0,0.0
image,SSP2-Base,Business As Usual,RO,Share|ElectricityHV|ImportsLV,share,0.0,0.0
image,SSP2-Base,Business As Usual,RO,Share|ElectricityHV|ImportsDE,share,0.0,0.0
image,SSP2-Base,Business As Usual,RO,Share|ElectricityHV|ImportsPT,share,0.0,0.0
image,SSP2-Base,Business As Usual,RO,Share|ElectricityHV|ImportsFI,share,0.0,0.0
image,SSP2-Base,Business As Usual,RO,Share|ElectricityHV|ImportsBY,share,0.0,0.0
image,SSP2-Base,Business As Usual,RO,Share|ElectricityHV|ImportsGI,share,0.0,0.0
image,SSP2-Base,Business As Usual,RO,Share|ElectricityHV|ImportsAL,share,0.0,0.0
image,SSP2-Base,Business As Usual,RO,Share|ElectricityHV|ImportsHU,share,0.0,0.0
image,SSP2-Base,Business As Usual,RO,Share|ElectricityHV|ImportsCH,share,0.0,0.0
image,SSP2-Base,Business As Usual,RO,Share|ElectricityMV|TransformationHVMV,share,0.8409553469793459,0.78595713481851
image,SSP2-Base,Business As Usual,RO,Share|ElectricityMV|SolarPVRoofCommercial,share,0.0590446530206541,0.1140428651814897
image,SSP2-Base,Business As Usual,RO,Share|ElectricityMV|Waste,share,0.1,0.0999999999999999
image,SSP2-Base,Business As Usual,RO,Share|ElectricityLV|TransformationMVLV,share,0.7977438097196216,0.7954488905701768
image,SSP2-Base,Business As Usual,RO,Share|ElectricityLV|BatteryChemical,share,0.1999999999999999,0.0545511094298231
image,SSP2-Base,Business As Usual,RO,Share|ElectricityLV|SolarPVRoofResidential,share,0.0022561902803782,0.15
image,SSP2-Base,Business As Usual,NL,Share|ElectricityHV|Coal,share,0.0103204947023525,0.0455088757559809
image,SSP2-Base,Business As Usual,NL,Share|ElectricityHV|CombinedCycle,share,0.042114543241771,0.0258193162375857
image,SSP2-Base,Business As Usual,NL,Share|ElectricityHV|GasTurbine,share,0.0916395477694238,0.0112382371095803
image,SSP2-Base,Business As Usual,NL,Share|ElectricityHV|CogenerationGas,share,0.1272942665533942,0.0028602260517715
image,SSP2-Base,Business As Usual,NL,Share|ElectricityHV|Nuclear,share,0.0218005736252702,0.0133878351635635
image,SSP2-Base,Business As Usual,NL,Share|ElectricityHV|Oil,share,0.0906094308902168,0.0087453362062078
image,SSP2-Base,Business As Usual,NL,Share|ElectricityHV|Geothermal,share,0.0018637554490244,0.0909781631438661
image,SSP2-Base,Business As Usual,NL,Share|ElectricityHV|HydroRunofRiver,share,0.0179809490164503,0.105346984435363
image,SSP2-Base,Business As Usual,NL,Share|ElectricityHV|HydroReservoir,share,0.0142640827732777,0.3755700866010746
image,SSP2-Base,Business As Usual,NL,Share|ElectricityHV|Biomass,share,0.1034134379407632,0.0304152121086134
image,SSP2-Base,Business As Usual,NL,Share|ElectricityHV|Biogas,share,0.0030620887955594,0.1126125072582031
image,SSP2-Base,Business As Usual,NL,Share|ElectricityHV|WindOnshore,share,0.0886328127409675,0.0326124034659963
image,SSP2-Base,Business As Usual,NL,Share|ElectricityHV|WindOffshore,share,0.0125139159499102,0.0181394116040485
image,SSP2-Base,Business As Usual,NL,Share|ElectricityHV|SolarThermal,share,0.019664851341491,0.0572323833340658
image,SSP2-Base,Business As Usual,NL,Share|ElectricityHV|SolarPVOpen,share,0.016244870364541,0.0250409674010126
image,SSP2-Base,Business As Usual,NL,Share|ElectricityHV|Hydrogen,share,0.1434819791029707,0.00031152521783
image,SSP2-Base,Business As Usual,NL,Share|ElectricityHV|BatteryHydro,share,0.013498369617513,0.0077421988252672
image,SSP2-Base,Business As Usual,NL,Share|ElectricityHV|ImportsES,share,0.0,0.0
image,SSP2-Base,Business As Usual,NL,Share|ElectricityHV|ImportsBG,share,0.0,0.0
image,SSP2-Base,Business As Usual,NL,Share|ElectricityHV|ImportsSE,share,0.0,0.0
image,SSP2-Base,Business As Usual,NL,Share|ElectricityHV|ImportsAT,share,0.0,0.0
image,SSP2-Base,Business As Usual,NL,Share|ElectricityHV|ImportsMK,share,0.0,0.0
image,SSP2-Base,Business As Usual,NL,Share|ElectricityHV|ImportsMD,share,0.0,0.0
image,SSP2-Base,Business As Usual,NL,Share|ElectricityHV|ImportsHR,share,0.0,0.0
image,SSP2-Base,Business As Usual,NL,Share|ElectricityHV|ImportsXK,share,0.0,0.0
image,SSP2-Base,Business As Usual,NL,Share|ElectricityHV|ImportsLU,share,0.0,0.0
image,SSP2-Base,Business As Usual,NL,Share|ElectricityHV|ImportsGR,share,0.0,0.0
image,SSP2-Base,Business As Usual,NL,Share|ElectricityHV|ImportsIS,share,0.0,0.0
image,SSP2-Base,Business As Usual,NL,Share|ElectricityHV|ImportsBA,share,0.0,0.0
image,SSP2-Base,Business As Usual,NL,Share|ElectricityHV|ImportsEE,share,0.0653326779912791,0.0166136439814517
image,SSP2-Base,Business As Usual,NL,Share|ElectricityHV|ImportsSK,share,0.0,0.0
image,SSP2-Base,Business As Usual,NL,Share|ElectricityHV|ImportsME,share,0.0,0.0
image,SSP2-Base,Business As Usual,NL,Share|ElectricityHV|ImportsLT,share,0.0,0.0
image,SSP2-Base,Business As Usual,NL,Share|ElectricityHV|ImportsSI,share,0.0,0.0
image,SSP2-Base,Business As Usual,NL,Share|ElectricityHV|ImportsIE,share,0.0946374294378502,0.0082889865405766
image,SSP2-Base,Business As Usual,NL,Share|ElectricityHV|ImportsBE,share,0.0,0.0
image,SSP2-Base,Business As Usual,NL,Share|ElectricityHV|ImportsRS,share,0.0,0.0
image,SSP2-Base,Business As Usual,NL,Share|ElectricityHV|ImportsRO,share,0.0,0.0
image,SSP2-Base,Business As Usual,NL,Share|ElectricityHV|ImportsNL,share,0.0,0.0
image,SSP2-Base,Business As Usual,NL,Share|ElectricityHV|ImportsUA,share,0.0216299226959729,0.0115356995579406
image,SSP2-Base,Business As Usual,NL,Share|ElectricityHV|ImportsPL,share,0.0,0.0
image,SSP2-Base,Business As Usual,NL,Share|ElectricityHV|ImportsFR,share,0.0,0.0
image,SSP2-Base,Business As Usual,NL,Share|ElectricityHV|ImportsGB,share,0.0,0.0
image,SSP2-Base,Business As Usual,NL,Share|ElectricityHV|ImportsNO,share,0.0,0.0
image,SSP2-Base,Business As Usual,NL,Share|ElectricityHV|ImportsCZ,share,0.0,0.0
image,SSP2-Base,Business As Usual,NL,Share|ElectricityHV|ImportsMT,share,0.0,0.0
image,SSP2-Base,Business As Usual,NL,Share|ElectricityHV|ImportsDK,share,0.0,0.0
image,SSP2-Base,Business As Usual,NL,Share|ElectricityHV|ImportsIT,share,0.0,0.0
image,SSP2-Base,Business As Usual,NL,Share|ElectricityHV|ImportsLV,share,0.0,0.0
image,SSP2-Base,Business As Usual,NL,Share|ElectricityHV|ImportsDE,share,0.0,0.0
image,SSP2-Base,Business As Usual,NL,Share|ElectricityHV|ImportsPT,share,0.0,0.0
image,SSP2-Base,Business As Usual,NL,Share|ElectricityHV|ImportsFI,share,0.0,0.0
image,SSP2-Base,Business As Usual,NL,Share|ElectricityHV|ImportsBY,share,0.0,0.0
image,SSP2-Base,Business As Usual,NL,Share|ElectricityHV|ImportsGI,share,0.0,0.0
image,SSP2-Base,Business As Usual,NL,Share|ElectricityHV|ImportsAL,share,0.0,0.0
image,SSP2-Base,Business As Usual,NL,Share|ElectricityHV|ImportsHU,share,0.0,0.0
image,SSP2-Base,Business As Usual,NL,Share|ElectricityHV|ImportsCH,share,0.0,0.0
image,SSP2-Base,Business As Usual,NL,Share|ElectricityMV|TransformationHVMV,share,0.8000000000000002,0.708939157347378
image,SSP2-Base,Business As Usual,NL,Share|ElectricityMV|SolarPVRoofCommercial,share,0.1,0.1910608426526219
image,SSP2-Base,Business As Usual,NL,Share|ElectricityMV|Waste,share,0.0999999999999999,0.0999999999999999
image,SSP2-Base,Business As Usual,NL,Share|ElectricityLV|TransformationMVLV,share,0.8200727483565586,0.7700332287936564
image,SSP2-Base,Business As Usual,NL,Share|ElectricityLV|BatteryChemical,share,0.0799272516434412,0.0799667712063436
image,SSP2-Base,Business As Usual,NL,Share|ElectricityLV|SolarPVRoofResidential,share,0.1,0.15
image,SSP2-Base,Business As Usual,UA,Share|ElectricityHV|Coal,share,0.0004145446316465,0.0009106412983766
image,SSP2-Base,Business As Usual,UA,Share|ElectricityHV|CombinedCycle,share,0.1249293535560863,0.0029621268497743
image,SSP2-Base,Business As Usual,UA,Share|ElectricityHV|GasTurbine,share,0.0539301938934195,0.0020258882332688
image,SSP2-Base,Business As Usual,UA,Share|ElectricityHV|CogenerationGas,share,0.0674536770916168,0.0045162692922418
image,SSP2-Base,Business As Usual,UA,Share|ElectricityHV|Nuclear,share,0.0980337731759432,0.0001281988422669
image,SSP2-Base,Business As Usual,UA,Share|ElectricityHV|Oil,share,0.0599884945325612,0.0032057772629205
image,SSP2-Base,Business As Usual,UA,Share|ElectricityHV|Geothermal,share,0.016163982868576,0.0658832598403936
image,SSP2-Base,Business As Usual,UA,Share|ElectricityHV|HydroRunofRiver,share,0.0958776822257302,0.092227391329439
image,SSP2-Base,Business As Usual,UA,Share|ElectricityHV|HydroReservoir,share,0.0490090695859058,0.0246330595458541
image,SSP2-Base,Business As Usual,UA,Share|ElectricityHV|Biomass,share,0.0113032692843327,0.2241145711720701
image,SSP2-Base,Business As Usual,UA,Share|ElectricityHV|Biogas,share,0.0795894780674873,0.0717334475913495
image,SSP2-Base,Business As Usual,UA,Share|ElectricityHV|WindOnshore,share,0.0013308222839278,0.0388809054344682
image,SSP2-Base,Business As Usual,UA,Share|ElectricityHV|WindOffshore,share,0.1007870998106641,0.0282266823664542
image,SSP2-Base,Business As Usual,UA,Share|ElectricityHV|SolarThermal,share,0.0390846061609951,0.0963113051627101
image,SSP2-Base,Business As Usual,UA,Share|ElectricityHV|SolarPVOpen,share,0.0010285164799574,0.1578797045440319
image,SSP2-Base,Business As Usual,UA,Share|ElectricityHV|Hydrogen,share,0.0804287022205529,0.0018270579818822
image,SSP2-Base,Business As Usual,UA,Share|ElectricityHV|BatteryHydro,share,0.0149419463966889,0.1801096730132291
image,SSP2-Base,Business As Usual,UA,Share|ElectricityHV|ImportsES,share,0.0221170530990829,0.0007849204847737
image,SSP2-Base,Business As Usual,UA,Share|ElectricityHV|ImportsBG,share,0.0,0.0
image,SSP2-Base,Business As Usual,UA,Share|ElectricityHV|ImportsSE,share,0.0,0.0
image,SSP2-Base,Business As Usual,UA,Share|ElectricityHV|ImportsAT,share,0.0,0.0
image,SSP2-Base,Business As Usual,UA,Share|ElectricityHV|ImportsMK,share,0.0,0.0
image,SSP2-Base,Business As Usual,UA,Share|ElectricityHV|ImportsMD,share,0.0,0.0
image,SSP2-Base,Business As Usual,UA,Share|ElectricityHV|ImportsHR,share,0.0,0.0
image,SSP2-Base,Business As Usual,UA,Share|ElectricityHV|ImportsXK,share,0.0,0.0
image,SSP2-Base,Business As Usual,UA,Share|ElectricityHV|ImportsLU,share,0.0,0.0
image,SSP2-Base,Business As Usual,UA,Share|ElectricityHV|ImportsGR,share,0.0,0.0
image,SSP2-Base,Business As Usual,UA,Share|ElectricityHV|ImportsIS,share,0.0,0.0
image,SSP2-Base,Business As Usual,UA,Share|ElectricityHV|ImportsBA,share,0.0,0.0
image,SSP2-Base,Business As Usual,UA,Share|ElectricityHV|ImportsEE,share,0.0,0.0
image,SSP2-Base,Business As Usual,UA,Share|ElectricityHV|ImportsSK,share,0.0,0.0
image,SSP2-Base,Business As Usual,UA,Share|ElectricityHV|ImportsME,share,0.0,0.0
image,SSP2-Base,Business As Usual,UA,Share|ElectricityHV|ImportsLT,share,0.0,0.0
image,SSP2-Base,Business As Usual,UA,Share|ElectricityHV|ImportsSI,share,0.0729653333439801,0.002118788223302
image,SSP2-Base,Business As Usual,UA,Share|ElectricityHV|ImportsIE,share,0.0,0.0
image,SSP2-Base,Business As Usual,UA,Share|ElectricityHV|ImportsBE,share,0.0,0.0
image,SSP2-Base,Business As Usual,UA,Share|ElectricityHV|ImportsRS,share,0.0,0.0
image,SSP2-Base,Business As Usual,UA,Share|ElectricityHV|ImportsRO,share,0.0106224012908445,0.0015203315311928
image,SSP2-Base,Business As Usual,UA,Share|ElectricityHV|ImportsNL,share,0.0,0.0
image,SSP2-Base,Business As Usual,UA,Share|ElectricityHV|ImportsUA,share,0.0,0.0
image,SSP2-Base,Business As Usual,UA,Share|ElectricityHV|ImportsPL,share,0.0,0.0
image,SSP2-Base,Business As Usual,UA,Share|ElectricityHV|ImportsFR,share,0.0,0.0
image,SSP2-Base,Business As Usual,UA,Share|ElectricityHV|ImportsGB,share,0.0,0.0
image,SSP2-Base,Business As Usual,UA,Share|ElectricityHV|ImportsNO,share,0.0,0.0
image,SSP2-Base,Business As Usual,UA,Share|ElectricityHV|ImportsCZ,share,0.0,0.0
image,SSP2-Base,Business As Usual,UA,Share|ElectricityHV|ImportsMT,share,0.0,0.0
image,SSP2-Base,Business As Usual,UA,Share|ElectricityHV|ImportsDK,share,0.0,0.0
image,SSP2-Base,Business As Usual,UA,Share|ElectricityHV|ImportsIT,share,0.0,0.0
image,SSP2-Base,Business As Usual,UA,Share|ElectricityHV|ImportsLV,share,0.0,0.0
image,SSP2-Base,Business As Usual,UA,Share|ElectricityHV|ImportsDE,share,0.0,0.0
image,SSP2-Base,Business As Usual,UA,Share|ElectricityHV|ImportsPT,share,0.0,0.0
image,SSP2-Base,Business As Usual,UA,Share|ElectricityHV|ImportsFI,share,0.0,0.0
image,SSP2-Base,Business As Usual,UA,Share|ElectricityHV|ImportsBY,share,0.0,0.0
image,SSP2-Base,Business As Usual,UA,Share|ElectricityHV|ImportsGI,share,0.0,0.0
image,SSP2-Base,Business As Usual,UA,Share|ElectricityHV|ImportsAL,share,0.0,0.0
image,SSP2-Base,Business As Usual,UA,Share|ElectricityHV|ImportsHU,share,0.0,0.0
image,SSP2-Base,Business As Usual,UA,Share|ElectricityHV|ImportsCH,share,0.0,0.0
image,SSP2-Base,Business As Usual,UA,Share|ElectricityMV|TransformationHVMV,share,0.8,0.6276151615943268
image,SSP2-Base,Business As Usual,UA,Share|ElectricityMV|SolarPVRoofCommercial,share,0.1,0.2723848384056731
image,SSP2-Base,Business As Usual,UA,Share|ElectricityMV|Waste,share,0.1,0.0999999999999999
image,SSP2-Base,Business As Usual,UA,Share|ElectricityLV|TransformationMVLV,share,0.8505278704349793,0.779651612656453
image,SSP2-Base,Business As Usual,UA,Share|ElectricityLV|BatteryChemical,share,0.0494721295650206,0.0703483873435471
image,SSP2-Base,Business As Usual,UA,Share|ElectricityLV|SolarPVRoofResidential,share,0.0999999999999999,0.15
image,SSP2-Base,Business As Usual,PL,Share|ElectricityHV|Coal,share,0.1139665875511174,0.0130837266499703
image,SSP2-Base,Business As Usual,PL,Share|ElectricityHV|CombinedCycle,share,0.1506029343318533,0.0382276564138928
image,SSP2-Base,Business As Usual,PL,Share|ElectricityHV|GasTurbine,share,0.0545877918464797,0.0102425874674345
image,SSP2-Base,Business As Usual,PL,Share|ElectricityHV|CogenerationGas,share,0.013799581005432,0.0064254725992474
image,SSP2-Base,Business As Usual,PL,Share|ElectricityHV|Nuclear,share,0.0354718372088555,0.0118190456617283
image,SSP2-Base,Business As Usual,PL,Share|ElectricityHV|Oil,share,0.0063330108894302,0.0036960242807683
image,SSP2-Base,Business As Usual,PL,Share|ElectricityHV|Geothermal,share,0.0524863840476003,0.0628929453877832
image,SSP2-Base,Business As Usual,PL,Share|ElectricityHV|HydroRunofRiver,share,0.0153506847909711,0.0406358116622645
image,SSP2-Base,Business As Usual,PL,Share|ElectricityHV|HydroReservoir,share,0.0104807034327433,0.4785563069602218
image,SSP2-Base,Business As Usual,PL,Share|ElectricityHV|Biomass,share,0.0572683354704111,0.0260814202066398
image,SSP2-Base,Business As Usual,PL,Share|ElectricityHV|Biogas,share,0.0977917151836551,0.036891003616021
image,SSP2-Base,Business As Usual,PL,Share|ElectricityHV|WindOnshore,share,0.0104196523939739,0.021460721411401
image,SSP2-Base,Business As Usual,PL,Share|ElectricityHV|WindOffshore,share,0.0300877591237607,0.1170201088033901
image,SSP2-Base,Business As Usual,PL,Share|ElectricityHV|SolarThermal,share,0.0203629154346509,0.0314568817086616
image,SSP2-Base,Business As Usual,PL,Share|ElectricityHV|SolarPVOpen,share,0.0857225102396845,0.0087102203129198
image,SSP2-Base,Business As Usual,PL,Share|ElectricityHV|Hydrogen,share,0.0421685319991267,0.0147408944247912
image,SSP2-Base,Business As Usual,PL,Share|ElectricityHV|BatteryHydro,share,0.0065425661848826,0.0550195601104785
image,SSP2-Base,Business As Usual,PL,Share|ElectricityHV|ImportsES,share,0.0477295068629875,0.0017986755739072
image,SSP2-Base,Business As Usual,PL,Share|ElectricityHV|ImportsBG,share,0.0,0.0
image,SSP2-Base,Business As Usual,PL,Share|ElectricityHV|ImportsSE,share,0.0,0.0
image,SSP2-Base,Business As Usual,PL,Share|ElectricityHV|ImportsAT,share,0.0,0.0
image,SSP2-Base,Business As Usual,PL,Share|ElectricityHV|ImportsMK,share,0.0,0.0
image,SSP2-Base,Business As Usual,PL,Share|ElectricityHV|ImportsMD,share,0.0,0.0
image,SSP2-Base,Business As Usual,PL,Share|ElectricityHV|ImportsHR,share,0.0,0.0
image,SSP2-Base,Business As Usual,PL,Share|ElectricityHV|ImportsXK,share,0.0,0.0
image,SSP2-Base,Business As Usual,PL,Share|ElectricityHV|ImportsLU,share,0.0,0.0
image,SSP2-Base,Business As Usual,PL,Share|ElectricityHV|ImportsGR,share,0.0446178663235191,0.009356938232586
image,SSP2-Base,Business As Usual,PL,Share|ElectricityHV|ImportsIS,share,0.0,0.0
image,SSP2-Base,Business As Usual,PL,Share|ElectricityHV|ImportsBA,share,0.0,0.0
image,SSP2-Base,Business As Usual,PL,Share|ElectricityHV|ImportsEE,share,0.0,0.0
image,SSP2-Base,Business As Usual,PL,Share|ElectricityHV|ImportsSK,share,0.0,0.0
image,SSP2-Base,Business As Usual,PL,Share|ElectricityHV|ImportsME,share,0.0,0.0
image,SSP2-Base,Business As Usual,PL,Share|ElectricityHV|ImportsLT,share,0.0,0.0
image,SSP2-Base,Business As Usual,PL,Share|ElectricityHV|ImportsSI,share,0.0,0.0
image,SSP2-Base,Business As Usual,PL,Share|ElectricityHV|ImportsIE,share,0.0,0.0
image,SSP2-Base,Business As Usual,PL,Share|ElectricityHV|ImportsBE,share,0.0,0.0
image,SSP2-Base,Business As Usual,PL,Share|ElectricityHV|ImportsRS,share,0.0,0.0
image,SSP2-Base,Business As Usual,PL,Share|ElectricityHV|ImportsRO,share,0.0,0.0
image,SSP2-Base,Business As Usual,PL,Share|ElectricityHV|ImportsNL,share,0.0,0.0
image,SSP2-Base,Business As Usual,PL,Share|ElectricityHV|ImportsUA,share,0.0,0.0
image,SSP2-Base,Business As Usual,PL,Share|ElectricityHV|ImportsPL,share,0.0,0.0
image,SSP2-Base,Business As Usual,PL,Share|ElectricityHV|ImportsFR,share,0.0,0.0
image,SSP2-Base,Business As Usual,PL,Share|ElectricityHV|ImportsGB,share,0.0,0.0
image,SSP2-Base,Business As Usual,PL,Share|ElectricityHV|ImportsNO,share,0.1042091256788642,0.011883998515892
image,SSP2-Base,Business As Usual,PL,Share|ElectricityHV|ImportsCZ,share,0.0,0.0
image,SSP2-Base,Business As Usual,PL,Share|ElectricityHV|ImportsMT,share,0.0,0.0
image,SSP2-Base,Business As Usual,PL,Share|ElectricityHV|ImportsDK,share,0.0,0.0
image,SSP2-Base,Business As Usual,PL,Share|ElectricityHV|ImportsIT,share,0.0,0.0
image,SSP2-Base,Business As Usual,PL,Share|ElectricityHV|ImportsLV,share,0.0,0.0
image,SSP2-Base,Business As Usual,PL,Share|ElectricityHV|ImportsDE,share,0.0,0.0
image,SSP2-Base,Business As Usual,PL,Share|ElectricityHV|ImportsPT,share,0.0,0.0
image,SSP2-Base,Business As Usual,PL,Share|ElectricityHV|ImportsFI,share,0.0,0.0
image,SSP2-Base,Business As Usual,PL,Share|ElectricityHV|ImportsBY,share,0.0,0.0
image,SSP2-Base,Business As Usual,PL,Share|ElectricityHV|ImportsGI,share,0.0,0.0
image,SSP2-Base,Business As Usual,PL,Share|ElectricityHV|ImportsAL,share,0.0,0.0
image,SSP2-Base,Business As Usual,PL,Share|ElectricityHV|ImportsHU,share,0.0,0.0
image,SSP2-Base,Business As Usual,PL,Share|ElectricityHV|ImportsCH,share,0.0,0.0
image,SSP2-Base,Business As Usual,PL,Share|ElectricityMV|TransformationHVMV,share,0.7999999999999999,0.5479874821621042
image,SSP2-Base,Business As Usual,PL,Share|ElectricityMV|SolarPVRoofCommercial,share,0.0999999999999999,0.3520125178378956
image,SSP2-Base,Business As Usual,PL,Share|ElectricityMV|Waste,share,0.0999999999999999,0.0999999999999999
image,SSP2-Base,Business As Usual,PL,Share|ElectricityLV|TransformationMVLV,share,0.8589172233247412,0.7806050336456397
image,SSP2-Base,Business As Usual,PL,Share|ElectricityLV|BatteryChemical,share,0.0410827766752587,0.0693949663543603
image,SSP2-Base,Business As Usual,PL,Share|ElectricityLV|SolarPVRoofResidential,share,0.1,0.15
image,SSP2-Base,Business As Usual,FR,Share|ElectricityHV|Coal,share,0.0609746171093644,0.0040565250687589
image,SSP2-Base,Business As Usual,FR,Share|ElectricityHV|CombinedCycle,share,0.0555283243126993,0.0297911083326878
image,SSP2-Base,Business As Usual,FR,Share|ElectricityHV|GasTurbine,share,0.0386184397120258,0.030417659993424
image,SSP2-Base,Business As Usual,FR,Share|ElectricityHV|CogenerationGas,share,0.0376074734981503,0.0097370037841298
image,SSP2-Base,Business As Usual,FR,Share|ElectricityHV|Nuclear,share,0.0349088807936154,0.0028365297436688
image,SSP2-Base,Business As Usual,FR,Share|ElectricityHV|Oil,share,0.0460440361803065,0.007425238292244
image,SSP2-Base,Business As Usual,FR,Share|ElectricityHV|Geothermal,share,0.0565504702524571,0.0625957896350543
image,SSP2-Base,Business As Usual,FR,Share|ElectricityHV|HydroRunofRiver,share,0.0262856278043689,0.0103473297245601
image,SSP2-Base,Business As Usual,FR,Share|ElectricityHV|HydroReservoir,share,0.0011907871741205,0.0777373414517481
image,SSP2-Base,Business As Usual,FR,Share|ElectricityHV|Biomass,share,0.0108086153673892,0.1254565336956652
image,SSP2-Base,Business As Usual,FR,Share|ElectricityHV|Biogas,share,0.0067626956854614,0.0041441230250225
image,SSP2-Base,Business As Usual,FR,Share|ElectricityHV|WindOnshore,share,0.0999961192049674,0.1272262456897217
image,SSP2-Base,Business As Usual,FR,Share|ElectricityHV|WindOffshore,share,0.0928064124015496,0.0235640624487914
image,SSP2-Base,Business As Usual,FR,Share|ElectricityHV|SolarThermal,share,0.0212917708424209,0.2393744562430803
image,SSP2-Base,Business As Usual,FR,Share|ElectricityHV|SolarPVOpen,share,0.0063458750441114,0.115262474410025
image,SSP2-Base,Business As Usual,FR,Share|ElectricityHV|Hydrogen,share,0.2711669004018268,0.0205694885684998
image,SSP2-Base,Business As Usual,FR,Share|ElectricityHV|BatteryHydro,share,0.007335518162485,0.0463177473452928
image,SSP2-Base,Business As Usual,FR,Share|ElectricityHV|ImportsES,share,0.0,0.0
image,SSP2-Base,Business As Usual,FR,Share|ElectricityHV|ImportsBG,share,0.0,0.0
image,SSP2-Base,Business As Usual,FR,Share|ElectricityHV|ImportsSE,share,0.0,0.0
image,SSP2-Base,Business As Usual,FR,Share|ElectricityHV|ImportsAT,share,0.0,0.0
image,SSP2-Base,Business As Usual,FR,Share|ElectricityHV|ImportsMK,share,0.0,0.0
image,SSP2-Base,Business As Usual,FR,Share|ElectricityHV|ImportsMD,share,0.0,0.0
image,SSP2-Base,Business As Usual,FR,Share|ElectricityHV|ImportsHR,share,0.0,0.0
image,SSP2-Base,Business As Usual,FR,Share|ElectricityHV|ImportsXK,share,0.0,0.0
image,SSP2-Base,Business As Usual,FR,Share|ElectricityHV|ImportsLU,share,0.0,0.0
image,SSP2-Base,Business As Usual,FR,Share|ElectricityHV|ImportsGR,share,0.0,0.0
image,SSP2-Base,Business As Usual,FR,Share|ElectricityHV|ImportsIS,share,0.0,0.0
image,SSP2-Base,Business As Usual,FR,Share|ElectricityHV|ImportsBA,share,0.0,0.0
image,SSP2-Base,Business As Usual,FR,Share|ElectricityHV|ImportsEE,share,0.0,0.0
image,SSP2-Base,Business As Usual,FR,Share|ElectricityHV|ImportsSK,share,0.0,0.0
image,SSP2-Base,Business As Usual,FR,Share|ElectricityHV|ImportsME,share,0.0,0.0
image,SSP2-Base,Business As Usual,FR,Share|ElectricityHV|ImportsLT,share,0.0,0.0
image,SSP2-Base,Business As Usual,FR,Share|ElectricityHV|ImportsSI,share,0.0,0.0
image,SSP2-Base,Business As Usual,FR,Share|ElectricityHV|ImportsIE,share,0.0,0.0
image,SSP2-Base,Business As Usual,FR,Share|ElectricityHV|ImportsBE,share,0.0111916382552872,0.0112703573662703
image,SSP2-Base,Business As Usual,FR,Share|ElectricityHV|ImportsRS,share,0.0,0.0
image,SSP2-Base,Business As Usual,FR,Share|ElectricityHV|ImportsRO,share,0.0050411385005475,0.0139613494844763
image,SSP2-Base,Business As Usual,FR,Share|ElectricityHV|ImportsNL,share,0.0,0.0
image,SSP2-Base,Business As Usual,FR,Share|ElectricityHV|ImportsUA,share,0.0,0.0
image,SSP2-Base,Business As Usual,FR,Share|ElectricityHV|ImportsPL,share,0.0,0.0
image,SSP2-Base,Business As Usual,FR,Share|ElectricityHV|ImportsFR,share,0.0,0.0
image,SSP2-Base,Business As Usual,FR,Share|ElectricityHV|ImportsGB,share,0.0,0.0
image,SSP2-Base,Business As Usual,FR,Share|ElectricityHV|ImportsNO,share,0.0,0.0
image,SSP2-Base,Business As Usual,FR,Share|ElectricityHV|ImportsCZ,share,0.1095446592968444,0.0379086356968781
image,SSP2-Base,Business As Usual,FR,Share|ElectricityHV|ImportsMT,share,0.0,0.0
image,SSP2-Base,Business As Usual,FR,Share|ElectricityHV|ImportsDK,share,0.0,0.0
image,SSP2-Base,Business As Usual,FR,Share|ElectricityHV|ImportsIT,share,0.0,0.0
image,SSP2-Base,Business As Usual,FR,Share|ElectricityHV|ImportsLV,share,0.0,0.0
image,SSP2-Base,Business As Usual,FR,Share|ElectricityHV|ImportsDE,share,0.0,0.0
image,SSP2-Base,Business As Usual,FR,Share|ElectricityHV|ImportsPT,share,0.0,0.0
image,SSP2-Base,Business As Usual,FR,Share|ElectricityHV|ImportsFI,share,0.0,0.0
image,SSP2-Base,Business As Usual,FR,Share|ElectricityHV|ImportsBY,share,0.0,0.0
image,SSP2-Base,Business As Usual,FR,Share|ElectricityHV|ImportsGI,share,0.0,0.0
image,SSP2-Base,Business As Usual,FR,Share|ElectricityHV|ImportsAL,share,0.0,0.0
image,SSP2-Base,Business As Usual,FR,Share|ElectricityHV|ImportsHU,share,0.0,0.0
image,SSP2-Base,Business As Usual,FR,Share|ElectricityHV|ImportsCH,share,0.0,0.0
image,SSP2-Base,Business As Usual,FR,Share|ElectricityMV|TransformationHVMV,share,0.8731208048740013,0.2943774915664086
image,SSP2-Base,Business As Usual,FR,Share|ElectricityMV|SolarPVRoofCommercial,share,0.0847299221273756,0.6056225084335914
image,SSP2-Base,Business As Usual,FR,Share|ElectricityMV|Waste,share,0.042149272998623,0.1
image,SSP2-Base,Business As Usual,FR,Share|ElectricityLV|TransformationMVLV,share,0.845027737833052,0.7185385985940528
image,SSP2-Base,Business As Usual,FR,Share|ElectricityLV|BatteryChemical,share,0.054972262166948,0.1314614014059472
image,SSP2-Base,Business As Usual,FR,Share|ElectricityLV|SolarPVRoofResidential,share,0.0999999999999999,0.15
image,SSP2-Base,Business As Usual,GB,Share|ElectricityHV|Coal,share,0.0069260164910233,0.0243689402927549
image,SSP2-Base,Business As Usual,GB,Share|ElectricityHV|CombinedCycle,share,0.034875846616077,0.0029702946305896
image,SSP2-Base,Business As Usual,GB,Share|ElectricityHV|GasTurbine,share,0.0280758102780941,0.0057026913691941
image,SSP2-Base,Business As Usual,GB,Share|ElectricityHV|CogenerationGas,share,0.0280214240982822,0.0297923521005162
image,SSP2-Base,Business As Usual,GB,Share|ElectricityHV|Nuclear,share,0.1110579497418747,0.041935739156667
image,SSP2-Base,Business As Usual,GB,Share|ElectricityHV|Oil,share,0.1170666516245774,0.0155774260954868
image,SSP2-Base,Business As Usual,GB,Share|ElectricityHV|Geothermal,share,0.0367620348782495,0.2376765480805346
image,SSP2-Base,Business As Usual,GB,Share|ElectricityHV|HydroRunofRiver,share,0.0068004163978194,0.0709217775674763
image,SSP2-Base,Business As Usual,GB,Share|ElectricityHV|HydroReservoir,share,0.023851789783752,0.0196529291947027
image,SSP2-Base,Business As Usual,GB,Share|ElectricityHV|Biomass,share,0.1305786812156149,0.1146372152526957
image,SSP2-Base,Business As Usual,GB,Share|ElectricityHV|Biogas,share,0.1838027946642255,0.0103226606449791
image,SSP2-Base,Business As Usual,GB,Share|ElectricityHV|WindOnshore,share,0.0668374761623066,0.2302366199792444
image,SSP2-Base,Business As Usual,GB,Share|ElectricityHV|WindOffshore,share,0.0072200174501572,0.10865798604146
image,SSP2-Base,Business As Usual,GB,Share|ElectricityHV|SolarThermal,share,0.0240860165498487,0.0269904297697483
image,SSP2-Base,Business As Usual,GB,Share|ElectricityHV|SolarPVOpen,share,0.0343809834385036,0.0020635422683877
image,SSP2-Base,Business As Usual,GB,Share|ElectricityHV|Hydrogen,share,0.0574650078496315,9.260209193626357e-05
image,SSP2-Base,Business As Usual,GB,Share|ElectricityHV|BatteryHydro,share,0.0731583753616936,0.0327257046140151
image,SSP2-Base,Business As Usual,GB,Share|ElectricityHV|ImportsES,share,0.0,0.0
image,SSP2-Base,Business As Usual,GB,Share|ElectricityHV|ImportsBG,share,0.0,0.0
image,SSP2-Base,Business As Usual,GB,Share|ElectricityHV|ImportsSE,share,0.0,0.0
image,SSP2-Base,Business As Usual,GB,Share|ElectricityHV|ImportsAT,share,0.0,0.0
image,SSP2-Base,Business As Usual,GB,Share|ElectricityHV|ImportsMK,share,0.0045572409080941,0.004751746466108
image,SSP2-Base,Business As Usual,GB,Share|ElectricityHV|ImportsMD,share,0.0,0.0
image,SSP2-Base,Business As Usual,GB,Share|ElectricityHV|ImportsHR,share,0.0,0.0
image,SSP2-Base,Business As Usual,GB,Share|ElectricityHV|ImportsXK,share,0.0,0.0
image,SSP2-Base,Business As Usual,GB,Share|ElectricityHV|ImportsLU,share,0.0,0.0
image,SSP2-Base,Business As Usual,GB,Share|ElectricityHV|ImportsGR,share,0.0,0.0
image,SSP2-Base,Business As Usual,GB,Share|ElectricityHV|ImportsIS,share,0.0,0.0
image,SSP2-Base,Business As Usual,GB,Share|ElectricityHV|ImportsBA,share,0.0,0.0
image,SSP2-Base,Business As Usual,GB,Share|ElectricityHV|ImportsEE,share,0.0,0.0
image,SSP2-Base,Business As Usual,GB,Share|ElectricityHV|ImportsSK,share,0.0,0.0
image,SSP2-Base,Business As Usual,GB,Share|ElectricityHV|ImportsME,share,0.0,0.0
image,SSP2-Base,Business As Usual,GB,Share|ElectricityHV|ImportsLT,share,0.0,0.0
image,SSP2-Base,Business As Usual,GB,Share|ElectricityHV|ImportsSI,share,0.0,0.0
image,SSP2-Base,Business As Usual,GB,Share|ElectricityHV|ImportsIE,share,0.0,0.0
image,SSP2-Base,Business As Usual,GB,Share|ElectricityHV|ImportsBE,share,0.0,0.0
image,SSP2-Base,Business As Usual,GB,Share|ElectricityHV|ImportsRS,share,0.0242977400081046,0.0208656380392243
image,SSP2-Base,Business As Usual,GB,Share|ElectricityHV|ImportsRO,share,0.0,0.0
image,SSP2-Base,Business As Usual,GB,Share|ElectricityHV|ImportsNL,share,0.0,0.0
image,SSP2-Base,Business As Usual,GB,Share|ElectricityHV|ImportsUA,share,0.0,0.0
image,SSP2-Base,Business As Usual,GB,Share|ElectricityHV|ImportsPL,share,0.0,0.0
image,SSP2-Base,Business As Usual,GB,Share|ElectricityHV|ImportsFR,share,0.0,0.0
image,SSP2-Base,Business As Usual,GB,Share|ElectricityHV|ImportsGB,share,0.0,0.0
image,SSP2-Base,Business As Usual,GB,Share|ElectricityHV|ImportsNO,share,0.0,0.0
image,SSP2-Base,Business As Usual,GB,Share|ElectricityHV|ImportsCZ,share,0.0,0.0
image,SSP2-Base,Business As Usual,GB,Share|ElectricityHV|ImportsMT,share,0.0,0.0
image,SSP2-Base,Business As Usual,GB,Share|ElectricityHV|ImportsDK,share,0.0,0.0
image,SSP2-Base,Business As Usual,GB,Share|ElectricityHV|ImportsIT,share,0.0,0.0
image,SSP2-Base,Business As Usual,GB,Share|ElectricityHV|ImportsLV,share,0.0,0.0
image,SSP2-Base,Business As Usual,GB,Share|ElectricityHV|ImportsDE,share,0.0,0.0
image,SSP2-Base,Business As Usual,GB,Share|ElectricityHV|ImportsPT,share,0.0,0.0
image,SSP2-Base,Business As Usual,GB,Share|ElectricityHV|ImportsFI,share,0.0,0.0
image,SSP2-Base,Business As Usual,GB,Share|ElectricityHV|ImportsBY,share,0.0,0.0
image,SSP2-Base,Business As Usual,GB,Share|ElectricityHV|ImportsGI,share,0.0,0.0
image,SSP2-Base,Business As Usual,GB,Share|ElectricityHV|ImportsAL,share,0.0,0.0
image,SSP2-Base,Business As Usual,GB,Share|ElectricityHV|ImportsHU,share,0.0001777264820692,5.71563442779988e-05
image,SSP2-Base,Business As Usual,GB,Share|ElectricityHV|ImportsCH,share,0.0,0.0
image,SSP2-Base,Business As Usual,GB,Share|ElectricityMV|TransformationHVMV,share,0.7999999999999999,0.5402300743614366
image,SSP2-Base,Business As Usual,GB,Share|ElectricityMV|SolarPVRoofCommercial,share,0.0999999999999999,0.3597699256385634
image,SSP2-Base,Business As Usual,GB,Share|ElectricityMV|Waste,share,0.0999999999999999,0.1
image,SSP2-Base,Business As Usual,GB,Share|ElectricityLV|TransformationMVLV,share,0.7074647355841094,0.7463259219101666
image,SSP2-Base,Business As Usual,GB,Share|ElectricityLV|BatteryChemical,share,0.1925352644158905,0.1999999999999999
image,SSP2-Base,Business As Usual,GB,Share|ElectricityLV|SolarPVRoofResidential,share,0.0999999999999999,0.0536740780898333
image,SSP2-Base,Business As Usual,NO,Share|ElectricityHV|Coal,share,0.0730848155828001,0.007527696975344
image,SSP2-Base,Business As Usual,NO,Share|ElectricityHV|CombinedCycle,share,0.1949325846487173,0.0007388282392759
image,SSP2-Base,Business As Usual,NO,Share|ElectricityHV|GasTurbine,share,0.0130316121864712,0.0026938462054629
image,SSP2-Base,Business As Usual,NO,Share|ElectricityHV|CogenerationGas,share,0.0207613464049674,0.0063454265362798
image,SSP2-Base,Business As Usual,NO,Share|ElectricityHV|Nuclear,share,0.0082082138243486,0.0045591126581673
image,SSP2-Base,Business As Usual,NO,Share|ElectricityHV|Oil,share,0.0221679017425332,0.0006112208860577
image,SSP2-Base,Business As Usual,NO,Share|ElectricityHV|Geothermal,share,0.059612228553104,0.0761192442392863
image,SSP2-Base,Business As Usual,NO,Share|ElectricityHV|HydroRunofRiver,share,0.0038551318044548,0.0575230021380432
image,SSP2-Base,Business As Usual,NO,Share|ElectricityHV|HydroReservoir,share,0.0110138893336446,0.1901750583417486
image,SSP2-Base,Business As Usual,NO,Share|ElectricityHV|Biomass,share,0.080439342907204,0.287634185444505
image,SSP2-Base,Business As Usual,NO,Share|ElectricityHV|Biogas,share,0.010867587550703,0.1429055609418658
image,SSP2-Base,Business As Usual,NO,Share|ElectricityHV|WindOnshore,share,0.0013869331262747,0.0539848303905212
image,SSP2-Base,Business As Usual,NO,Share|ElectricityHV|WindOffshore,share,0.0175719488293391,0.0632576616586311
image,SSP2-Base,Business As Usual,NO,Share|ElectricityHV|SolarThermal,share,0.112095521218918,0.0207598944780345
image,SSP2-Base,Business As Usual,NO,Share|ElectricityHV|SolarPVOpen,share,0.0287247227200434,0.0266417688859728
image,SSP2-Base,Business As Usual,NO,Share|ElectricityHV|Hydrogen,share,0.0440370328069441,0.003412278734988
image,SSP2-Base,Business As Usual,NO,Share|ElectricityHV|BatteryHydro,share,0.108895673589528,0.0448828722409547
image,SSP2-Base,Business As Usual,NO,Share|ElectricityHV|ImportsES,share,0.0,0.0
image,SSP2-Base,Business As Usual,NO,Share|ElectricityHV|ImportsBG,share,0.0,0.0
image,SSP2-Base,Business As Usual,NO,Share|ElectricityHV|ImportsSE,share,0.0,0.0
image,SSP2-Base,Business As Usual,NO,Share|ElectricityHV|ImportsAT,share,0.0,0.0
image,SSP2-Base,Business As Usual,NO,Share|ElectricityHV|ImportsMK,share,0.0,0.0
image,SSP2-Base,Business As Usual,NO,Share|ElectricityHV|ImportsMD,share,0.0,0.0
image,SSP2-Base,Business As Usual,NO,Share|ElectricityHV|ImportsHR,share,0.0,0.0
image,SSP2-Base,Business As Usual,NO,Share|ElectricityHV|ImportsXK,share,0.0775540363851684,0.0034865574976378
image,SSP2-Base,Business As Usual,NO,Share|ElectricityHV|ImportsLU,share,0.0,0.0
image,SSP2-Base,Business As Usual,NO,Share|ElectricityHV|ImportsGR,share,0.0208751208872545,0.0029743912252806
image,SSP2-Base,Business As Usual,NO,Share|ElectricityHV|ImportsIS,share,0.0,0.0
image,SSP2-Base,Business As Usual,NO,Share|ElectricityHV|ImportsBA,share,0.0,0.0
image,SSP2-Base,Business As Usual,NO,Share|ElectricityHV|ImportsEE,share,0.0,0.0
image,SSP2-Base,Business As Usual,NO,Share|ElectricityHV|ImportsSK,share,0.0,0.0
image,SSP2-Base,Business As Usual,NO,Share|ElectricityHV|ImportsME,share,0.0,0.0
image,SSP2-Base,Business As Usual,NO,Share|ElectricityHV|ImportsLT,share,0.0,0.0
image,SSP2-Base,Business As Usual,NO,Share|ElectricityHV|ImportsSI,share,0.0,0.0
image,SSP2-Base,Business As Usual,NO,Share|ElectricityHV|ImportsIE,share,0.0908843558975807,0.0037665622819421
image,SSP2-Base,Business As Usual,NO,Share|ElectricityHV|ImportsBE,share,0.0,0.0
image,SSP2-Base,Business As Usual,NO,Share|ElectricityHV|ImportsRS,share,0.0,0.0
image,SSP2-Base,Business As Usual,NO,Share|ElectricityHV|ImportsRO,share,0.0,0.0
image,SSP2-Base,Business As Usual,NO,Share|ElectricityHV|ImportsNL,share,0.0,0.0
image,SSP2-Base,Business As Usual,NO,Share|ElectricityHV|ImportsUA,share,0.0,0.0
image,SSP2-Base,Business As Usual,NO,Share|ElectricityHV|ImportsPL,share,0.0,0.0
image,SSP2-Base,Business As Usual,NO,Share|ElectricityHV|ImportsFR,share,0.0,0.0
image,SSP2-Base,Business As Usual,NO,Share|ElectricityHV|ImportsGB,share,0.0,0.0
image,SSP2-Base,Business As Usual,NO,Share|ElectricityHV|ImportsNO,share,0.0,0.0
image,SSP2-Base,Business As Usual,NO,Share|ElectricityHV|ImportsCZ,share,0.0,0.0
image,SSP2-Base,Business As Usual,NO,Share|ElectricityHV|ImportsMT,share,0.0,0.0
image,SSP2-Base,Business As Usual,NO,Share|ElectricityHV|ImportsDK,share,0.0,0.0
image,SSP2-Base,Business As Usual,NO,Share|ElectricityHV|ImportsIT,share,0.0,0.0
image,SSP2-Base,Business As Usual,NO,Share|ElectricityHV|ImportsLV,share,0.0,0.0
image,SSP2-Base,Business As Usual,NO,Share|ElectricityHV|ImportsDE,share,0.0,0.0
image,SSP2-Base,Business As Usual,NO,Share|ElectricityHV|ImportsPT,share,0.0,0.0
image,SSP2-Base,Business As Usual,NO,Share|ElectricityHV|ImportsFI,share,0.0,0.0
image,SSP2-Base,Business As Usual,NO,Share|ElectricityHV|ImportsBY,share,0.0,0.0
image,SSP2-Base,Business As Usual,NO,Share|ElectricityHV|ImportsGI,share,0.0,0.0
image,SSP2-Base,Business As Usual,NO,Share|ElectricityHV|ImportsAL,share,0.0,0.0
image,SSP2-Base,Business As Usual,NO,Share|ElectricityHV|ImportsHU,share,0.0,0.0
image,SSP2-Base,Business As Usual,NO,Share|ElectricityHV|ImportsCH,share,0.0,0.0
image,SSP2-Base,Business As Usual,NO,Share|ElectricityMV|TransformationHVMV,share,0.8,0.607582616567606
image,SSP2-Base,Business As Usual,NO,Share|ElectricityMV|SolarPVRoofCommercial,share,0.1,0.2924173834323939
image,SSP2-Base,Business As Usual,NO,Share|ElectricityMV|Waste,share,0.1,0.0999999999999999
image,SSP2-Base,Business As Usual,NO,Share|ElectricityLV|TransformationMVLV,share,0.7164455132325915,0.8173287344298681
image,SSP2-Base,Business As Usual,NO,Share|ElectricityLV|BatteryChemical,share,0.1835544867674085,0.0326712655701318
image,SSP2-Base,Business As Usual,NO,Share|ElectricityLV|SolarPVRoofResidential,share,0.0999999999999999,0.15
image,SSP2-Base,Business As Usual,CZ,Share|ElectricityHV|Coal,share,0.1382800547233452,0.0034175264586962
image,SSP2-Base,Business As Usual,CZ,Share|ElectricityHV|CombinedCycle,share,0.1918564071474231,0.0094020689108705
image,SSP2-Base,Business As Usual,CZ,Share|ElectricityHV|GasTurbine,share,0.0202894978226856,0.0114684206512037
image,SSP2-Base,Business As Usual,CZ,Share|ElectricityHV|CogenerationGas,share,0.0535386057982476,0.0202123611843752
image,SSP2-Base,Business As Usual,CZ,Share|ElectricityHV|Nuclear,share,0.0698228863403263,0.0196356997382589
image,SSP2-Base,Business As Usual,CZ,Share|ElectricityHV|Oil,share,0.0923010343287071,0.016510617272509
image,SSP2-Base,Business As Usual,CZ,Share|ElectricityHV|Geothermal,share,0.0413500917092174,0.1467978227265644
image,SSP2-Base,Business As Usual,CZ,Share|ElectricityHV|HydroRunofRiver,share,0.0466706159555756,0.0322350766411606
image,SSP2-Base,Business As Usual,CZ,Share|ElectricityHV|HydroReservoir,share,0.0259525540099611,0.1178966842300512
image,SSP2-Base,Business As Usual,CZ,Share|ElectricityHV|Biomass,share,0.0266482061406667,0.1974809820513216
image,SSP2-Base,Business As Usual,CZ,Share|ElectricityHV|Biogas,share,0.0252901100365489,0.0316499420531133
image,SSP2-Base,Business As Usual,CZ,Share|ElectricityHV|WindOnshore,share,0.0161093614698313,0.0053085254076142
image,SSP2-Base,Business As Usual,CZ,Share|ElectricityHV|WindOffshore,share,0.0187344933150108,0.2472687759448263
image,SSP2-Base,Business As Usual,CZ,Share|ElectricityHV|SolarThermal,share,0.0482255192998036,0.0208419804552252
image,SSP2-Base,Business As Usual,CZ,Share|ElectricityHV|SolarPVOpen,share,0.0991704273687209,0.0510746538308507
image,SSP2-Base,Business As Usual,CZ,Share|ElectricityHV|Hydrogen,share,0.0155571058720379,0.0332522543011835
image,SSP2-Base,Business As Usual,CZ,Share|ElectricityHV|BatteryHydro,share,0.0265375040492534,0.0293445116799928
image,SSP2-Base,Business As Usual,CZ,Share|ElectricityHV|ImportsES,share,0.0,0.0
image,SSP2-Base,Business As Usual,CZ,Share|ElectricityHV|ImportsBG,share,0.0,0.0
image,SSP2-Base,Business As Usual,CZ,Share|ElectricityHV|ImportsSE,share,0.0,0.0
image,SSP2-Base,Business As Usual,CZ,Share|ElectricityHV|ImportsAT,share,0.0222492561261055,0.0028624278852798
image,SSP2-Base,Business As Usual,CZ,Share|ElectricityHV|ImportsMK,share,0.009323130932214,0.001015345011698
image,SSP2-Base,Business As Usual,CZ,Share|ElectricityHV|ImportsMD,share,0.0,0.0
image,SSP2-Base,Business As Usual,CZ,Share|ElectricityHV|ImportsHR,share,0.0,0.0
image,SSP2-Base,Business As Usual,CZ,Share|ElectricityHV|ImportsXK,share,0.0,0.0
image,SSP2-Base,Business As Usual,CZ,Share|ElectricityHV|ImportsLU,share,0.0,0.0
image,SSP2-Base,Business As Usual,CZ,Share|ElectricityHV|ImportsGR,share,0.0,0.0
image,SSP2-Base,Business As Usual,CZ,Share|ElectricityHV|ImportsIS,share,0.0,0.0
image,SSP2-Base,Business As Usual,CZ,Share|ElectricityHV|ImportsBA,share,0.0,0.0
image,SSP2-Base,Business As Usual,CZ,Share|ElectricityHV|ImportsEE,share,0.0,0.0
image,SSP2-Base,Business As Usual,CZ,Share|ElectricityHV|ImportsSK,share,0.0,0.0
image,SSP2-Base,Business As Usual,CZ,Share|ElectricityHV|ImportsME,share,0.0,0.0
image,SSP2-Base,Business As Usual,CZ,Share|ElectricityHV|ImportsLT,share,0.0,0.0
image,SSP2-Base,Business As Usual,CZ,Share|ElectricityHV|ImportsSI,share,0.0,0.0
image,SSP2-Base,Business As Usual,CZ,Share|ElectricityHV|ImportsIE,share,0.0,0.0
image,SSP2-Base,Business As Usual,CZ,Share|ElectricityHV|ImportsBE,share,0.0,0.0
image,SSP2-Base,Business As Usual,CZ,Share|ElectricityHV|ImportsRS,share,0.0,0.0
image,SSP2-Base,Business As Usual,CZ,Share|ElectricityHV|ImportsRO,share,0.0,0.0
image,SSP2-Base,Business As Usual,CZ,Share|ElectricityHV|ImportsNL,share,0.0,0.0
image,SSP2-Base,Business As Usual,CZ,Share|ElectricityHV|ImportsUA,share,0.0,0.0
image,SSP2-Base,Business As Usual,CZ,Share|ElectricityHV|ImportsPL,share,0.012093137554317,0.002324323565204
image,SSP2-Base,Business As Usual,CZ,Share|ElectricityHV|ImportsFR,share,0.0,0.0
image,SSP2-Base,Business As Usual,CZ,Share|ElectricityHV|ImportsGB,share,0.0,0.0
image,SSP2-Base,Business As Usual,CZ,Share|ElectricityHV|ImportsNO,share,0.0,0.0
image,SSP2-Base,Business As Usual,CZ,Share|ElectricityHV|ImportsCZ,share,0.0,0.0
image,SSP2-Base,Business As Usual,CZ,Share|ElectricityHV|ImportsMT,share,0.0,0.0
image,SSP2-Base,Business As Usual,CZ,Share|ElectricityHV|ImportsDK,share,0.0,0.0
image,SSP2-Base,Business As Usual,CZ,Share|ElectricityHV|ImportsIT,share,0.0,0.0
image,SSP2-Base,Business As Usual,CZ,Share|ElectricityHV|ImportsLV,share,0.0,0.0
image,SSP2-Base,Business As Usual,CZ,Share|ElectricityHV|ImportsDE,share,0.0,0.0
image,SSP2-Base,Business As Usual,CZ,Share|ElectricityHV|ImportsPT,share,0.0,0.0
image,SSP2-Base,Business As Usual,CZ,Share|ElectricityHV|ImportsFI,share,0.0,0.0
image,SSP2-Base,Business As Usual,CZ,Share|ElectricityHV|ImportsBY,share,0.0,0.0
image,SSP2-Base,Business As Usual,CZ,Share|ElectricityHV|ImportsGI,share,0.0,0.0
image,SSP2-Base,Business As Usual,CZ,Share|ElectricityHV|ImportsAL,share,0.0,0.0
image,SSP2-Base,Business As Usual,CZ,Share|ElectricityHV|ImportsHU,share,0.0,0.0
image,SSP2-Base,Business As Usual,CZ,Share|ElectricityHV|ImportsCH,share,0.0,0.0
image,SSP2-Base,Business As Usual,CZ,Share|ElectricityMV|TransformationHVMV,share,0.8,0.2865903246080927
image,SSP2-Base,Business As Usual,CZ,Share|ElectricityMV|SolarPVRoofCommercial,share,0.1,0.6134096753919073
image,SSP2-Base,Business As Usual,CZ,Share|ElectricityMV|Waste,share,0.0999999999999999,0.1
image,SSP2-Base,Business As Usual,CZ,Share|ElectricityLV|TransformationMVLV,share,0.8191313940740264,0.767140774400705
image,SSP2-Base,Business As Usual,CZ,Share|ElectricityLV|BatteryChemical,share,0.0808686059259736,0.0828592255992949
image,SSP2-Base,Business As Usual,CZ,Share|ElectricityLV|SolarPVRoofResidential,share,0.0999999999999999,0.15
image,SSP2-Base,Business As Usual,MT,Share|ElectricityHV|Coal,share,0.0629178968376962,0.0090432001684257
image,SSP2-Base,Business As Usual,MT,Share|ElectricityHV|CombinedCycle,share,0.0267013105593635,0.0366481911594949
image,SSP2-Base,Business As Usual,MT,Share|ElectricityHV|GasTurbine,share,0.1254303979295588,0.0410949965532061
image,SSP2-Base,Business As Usual,MT,Share|ElectricityHV|CogenerationGas,share,0.06963030440759,0.0302693759040689
image,SSP2-Base,Business As Usual,MT,Share|ElectricityHV|Nuclear,share,0.0352106411007996,0.0100996060666581
image,SSP2-Base,Business As Usual,MT,Share|ElectricityHV|Oil,share,0.2022246542489242,0.0040643240649078
image,SSP2-Base,Business As Usual,MT,Share|ElectricityHV|Geothermal,share,0.0604039393514141,0.1872423030498223
image,SSP2-Base,Business As Usual,MT,Share|ElectricityHV|HydroRunofRiver,share,0.0288633165231074,0.1008030568501908
image,SSP2-Base,Business As Usual,MT,Share|ElectricityHV|HydroReservoir,share,0.0130928907036744,0.0048708142852555
image,SSP2-Base,Business As Usual,MT,Share|ElectricityHV|Biomass,share,0.0463110741213589,0.1162452171161552
image,SSP2-Base,Business As Usual,MT,Share|ElectricityHV|Biogas,share,0.0518578942357783,0.14173503844258
image,SSP2-Base,Business As Usual,MT,Share|ElectricityHV|WindOnshore,share,0.0314417832332283,0.009632437739313
image,SSP2-Base,Business As Usual,MT,Share|ElectricityHV|WindOffshore,share,0.0455836097823948,0.1679851377499889
image,SSP2-Base,Business As Usual,MT,Share|ElectricityHV|SolarThermal,share,0.0109335567164049,0.0128374348811931
image,SSP2-Base,Business As Usual,MT,Share|ElectricityHV|SolarPVOpen,share,0.0307389821848546,0.0393356977620469
image,SSP2-Base,Business As Usual,MT,Share|ElectricityHV|Hydrogen,share,0.0247976767622973,0.0028822825805785
image,SSP2-Base,Business As Usual,MT,Share|ElectricityHV|BatteryHydro,share,0.0264642607382974,0.0339772424872535
image,SSP2-Base,Business As Usual,MT,Share|ElectricityHV|ImportsES,share,0.0,0.0
image,SSP2-Base,Business As Usual,MT,Share|ElectricityHV|ImportsBG,share,0.0,0.0
image,SSP2-Base,Business As Usual,MT,Share|ElectricityHV|ImportsSE,share,0.0,0.0
image,SSP2-Base,Business As Usual,MT,Share|ElectricityHV|ImportsAT,share,0.0,0.0
image,SSP2-Base,Business As Usual,MT,Share|ElectricityHV|ImportsMK,share,0.0,0.0
image,SSP2-Base,Business As Usual,MT,Share|ElectricityHV|ImportsMD,share,0.0,0.0
image,SSP2-Base,Business As Usual,MT,Share|ElectricityHV|ImportsHR,share,0.0,0.0
image,SSP2-Base,Business As Usual,MT,Share|ElectricityHV|ImportsXK,share,0.0,0.0
image,SSP2-Base,Business As Usual,MT,Share|ElectricityHV|ImportsLU,share,0.0,0.0
image,SSP2-Base,Business As Usual,MT,Share|ElectricityHV|ImportsGR,share,0.0,0.0
image,SSP2-Base,Business As Usual,MT,Share|ElectricityHV|ImportsIS,share,0.0304480765215531,0.00387321286876
image,SSP2-Base,Business As Usual,MT,Share|ElectricityHV|ImportsBA,share,0.0513174240568421,0.0062989458175847
image,SSP2-Base,Business As Usual,MT,Share|ElectricityHV|ImportsEE,share,0.0,0.0
image,SSP2-Base,Business As Usual,MT,Share|ElectricityHV|ImportsSK,share,0.0,0.0
image,SSP2-Base,Business As Usual,MT,Share|ElectricityHV|ImportsME,share,0.0,0.0
image,SSP2-Base,Business As Usual,MT,Share|ElectricityHV|ImportsLT,share,0.0,0.0
image,SSP2-Base,Business As Usual,MT,Share|ElectricityHV|ImportsSI,share,0.0,0.0
image,SSP2-Base,Business As Usual,MT,Share|ElectricityHV|ImportsIE,share,0.0,0.0
image,SSP2-Base,Business As Usual,MT,Share|ElectricityHV|ImportsBE,share,0.0,0.0
image,SSP2-Base,Business As Usual,MT,Share|ElectricityHV|ImportsRS,share,0.0,0.0
image,SSP2-Base,Business As Usual,MT,Share|ElectricityHV|ImportsRO,share,0.0,0.0
image,SSP2-Base,Business As Usual,MT,Share|ElectricityHV|ImportsNL,share,0.0256303099848613,0.0410614844525151
image,SSP2-Base,Business As Usual,MT,Share|ElectricityHV|ImportsUA,share,0.0,0.0
image,SSP2-Base,Business As Usual,MT,Share|ElectricityHV|ImportsPL,share,0.0,0.0
image,SSP2-Base,Business As Usual,MT,Share|ElectricityHV|ImportsFR,share,0.0,0.0
image,SSP2-Base,Business As Usual,MT,Share|ElectricityHV|ImportsGB,share,0.0,0.0
image,SSP2-Base,Business As Usual,MT,Share|ElectricityHV|ImportsNO,share,0.0,0.0
image,SSP2-Base,Business As Usual,MT,Share|ElectricityHV|ImportsCZ,share,0.0,0.0
image,SSP2-Base,Business As Usual,MT,Share|ElectricityHV|ImportsMT,share,0.0,0.0
image,SSP2-Base,Business As Usual,MT,Share|ElectricityHV|ImportsDK,share,0.0,0.0
image,SSP2-Base,Business As Usual,MT,Share|ElectricityHV|ImportsIT,share,0.0,0.0
image,SSP2-Base,Business As Usual,MT,Share|ElectricityHV|ImportsLV,share,0.0,0.0
image,SSP2-Base,Business As Usual,MT,Share|ElectricityHV|ImportsDE,share,0.0,0.0
image,SSP2-Base,Business As Usual,MT,Share|ElectricityHV|ImportsPT,share,0.0,0.0
image,SSP2-Base,Business As Usual,MT,Share|ElectricityHV|ImportsFI,share,0.0,0.0
image,SSP2-Base,Business As Usual,MT,Share|ElectricityHV|ImportsBY,share,0.0,0.0
image,SSP2-Base,Business As Usual,MT,Share|ElectricityHV|ImportsGI,share,0.0,0.0
image,SSP2-Base,Business As Usual,MT,Share|ElectricityHV|ImportsAL,share,0.0,0.0
image,SSP2-Base,Business As Usual,MT,Share|ElectricityHV|ImportsHU,share,0.0,0.0
image,SSP2-Base,Business As Usual,MT,Share|ElectricityHV|ImportsCH,share,0.0,0.0
image,SSP2-Base,Business As Usual,MT,Share|ElectricityMV|TransformationHVMV,share,0.8,0.4470461258236738
image,SSP2-Base,Business As Usual,MT,Share|ElectricityMV|SolarPVRoofCommercial,share,0.1,0.4529538741763262
image,SSP2-Base,Business As Usual,MT,Share|ElectricityMV|Waste,share,0.0999999999999999,0.1
image,SSP2-Base,Business As Usual,MT,Share|ElectricityLV|TransformationMVLV,share,0.8065672703493857,0.8184260632540951
image,SSP2-Base,Business As Usual,MT,Share|ElectricityLV|BatteryChemical,share,0.0934327296506143,0.0315739367459049
image,SSP2-Base,Business As Usual,MT,Share|ElectricityLV|SolarPVRoofResidential,share,0.1,0.15
image,SSP2-Base,Business As Usual,DK,Share|ElectricityHV|Coal,share,0.0471157730964873,0.0084920969829959
image,SSP2-Base,Business As Usual,DK,Share|ElectricityHV|CombinedCycle,share,0.0077341714266115,0.0028215993630732
image,SSP2-Base,Business As Usual,DK,Share|ElectricityHV|GasTurbine,share,0.0055722728384141,0.0490235556763856
image,SSP2-Base,Business As Usual,DK,Share|ElectricityHV|CogenerationGas,share,0.1844416013080723,0.0185861609726416
image,SSP2-Base,Business As Usual,DK,Share|ElectricityHV|Nuclear,share,0.1137631919446753,0.0119809678000655
image,SSP2-Base,Business As Usual,DK,Share|ElectricityHV|Oil,share,0.0861667061343624,0.0044148017389957
image,SSP2-Base,Business As Usual,DK,Share|ElectricityHV|Geothermal,share,0.0559652633103764,0.0413704177581934
image,SSP2-Base,Business As Usual,DK,Share|ElectricityHV|HydroRunofRiver,share,0.0056052997530596,0.0388594132656226
image,SSP2-Base,Business As Usual,DK,Share|ElectricityHV|HydroReservoir,share,0.0092593453634018,0.0126296625542081
image,SSP2-Base,Business As Usual,DK,Share|ElectricityHV|Biomass,share,0.0360112270153381,0.0008779256629902
image,SSP2-Base,Business As Usual,DK,Share|ElectricityHV|Biogas,share,0.0388707375383198,0.037782370091563
image,SSP2-Base,Business As Usual,DK,Share|ElectricityHV|WindOnshore,share,0.0038093646378376,0.1245296143243444
image,SSP2-Base,Business As Usual,DK,Share|ElectricityHV|WindOffshore,share,0.0335076331227433,0.1896288240482335
image,SSP2-Base,Business As Usual,DK,Share|ElectricityHV|SolarThermal,share,0.0263133301901731,0.1514990442163618
image,SSP2-Base,Business As Usual,DK,Share|ElectricityHV|SolarPVOpen,share,0.0673411171064475,0.1592988561259831
image,SSP2-Base,Business As Usual,DK,Share|ElectricityHV|Hydrogen,share,0.071331429735741,0.0031505627054595
image,SSP2-Base,Business As Usual,DK,Share|ElectricityHV|BatteryHydro,share,0.1107600954160412,0.0797789151567872
image,SSP2-Base,Business As Usual,DK,Share|ElectricityHV|ImportsES,share,0.0410582691535064,0.0574982607250667
image,SSP2-Base,Business As Usual,DK,Share|ElectricityHV|ImportsBG,share,0.0,0.0
image,SSP2-Base,Business As Usual,DK,Share|ElectricityHV|ImportsSE,share,0.0,0.0
image,SSP2-Base,Business As Usual,DK,Share|ElectricityHV|ImportsAT,share,0.0,0.0
image,SSP2-Base,Business As Usual,DK,Share|ElectricityHV|ImportsMK,share,0.0,0.0
image,SSP2-Base,Business As Usual,DK,Share|ElectricityHV|ImportsMD,share,0.0,0.0
image,SSP2-Base,Business As Usual,DK,Share|ElectricityHV|ImportsHR,share,0.0,0.0
image,SSP2-Base,Business As Usual,DK,Share|ElectricityHV|ImportsXK,share,0.0,0.0
image,SSP2-Base,Business As Usual,DK,Share|ElectricityHV|ImportsLU,share,0.0,0.0
image,SSP2-Base,Business As Usual,DK,Share|ElectricityHV|ImportsGR,share,0.0,0.0
image,SSP2-Base,Business As Usual,DK,Share|ElectricityHV|ImportsIS,share,0.0,0.0
image,SSP2-Base,Business As Usual,DK,Share|ElectricityHV|ImportsBA,share,0.0,0.0
image,SSP2-Base,Business As Usual,DK,Share|ElectricityHV|ImportsEE,share,0.0,0.0
image,SSP2-Base,Business As Usual,DK,Share|ElectricityHV|ImportsSK,share,0.0,0.0
image,SSP2-Base,Business As Usual,DK,Share|ElectricityHV|ImportsME,share,0.0,0.0
image,SSP2-Base,Business As Usual,DK,Share|ElectricityHV|ImportsLT,share,0.0,0.0
image,SSP2-Base,Business As Usual,DK,Share|ElectricityHV|ImportsSI,share,0.0,0.0
image,SSP2-Base,Business As Usual,DK,Share|ElectricityHV|ImportsIE,share,0.0,0.0
image,SSP2-Base,Business As Usual,DK,Share|ElectricityHV|ImportsBE,share,0.0,0.0
image,SSP2-Base,Business As Usual,DK,Share|ElectricityHV|ImportsRS,share,0.0,0.0
image,SSP2-Base,Business As Usual,DK,Share|ElectricityHV|ImportsRO,share,0.0,0.0
image,SSP2-Base,Business As Usual,DK,Share|ElectricityHV|ImportsNL,share,0.0,0.0
image,SSP2-Base,Business As Usual,DK,Share|ElectricityHV|ImportsUA,share,0.0293721608836759,0.0004251441941685
image,SSP2-Base,Business As Usual,DK,Share|ElectricityHV|ImportsPL,share,0.0,0.0
image,SSP2-Base,Business As Usual,DK,Share|ElectricityHV|ImportsFR,share,0.0,0.0
image,SSP2-Base,Business As Usual,DK,Share|ElectricityHV|ImportsGB,share,0.0,0.0
image,SSP2-Base,Business As Usual,DK,Share|ElectricityHV|ImportsNO,share,0.0,0.0
image,SSP2-Base,Business As Usual,DK,Share|ElectricityHV|ImportsCZ,share,0.0260010100247142,0.0073518066368596
image,SSP2-Base,Business As Usual,DK,Share|ElectricityHV|ImportsMT,share,0.0,0.0
image,SSP2-Base,Business As Usual,DK,Share|ElectricityHV|ImportsDK,share,0.0,0.0
image,SSP2-Base,Business As Usual,DK,Share|ElectricityHV|ImportsIT,share,0.0,0.0
image,SSP2-Base,Business As Usual,DK,Share|ElectricityHV|ImportsLV,share,0.0,0.0
image,SSP2-Base,Business As Usual,DK,Share|ElectricityHV|ImportsDE,share,0.0,0.0
image,SSP2-Base,Business As Usual,DK,Share|ElectricityHV|ImportsPT,share,0.0,0.0
image,SSP2-Base,Business As Usual,DK,Share|ElectricityHV|ImportsFI,share,0.0,0.0
image,SSP2-Base,Business As Usual,DK,Share|ElectricityHV|ImportsBY,share,0.0,0.0
image,SSP2-Base,Business As Usual,DK,Share|ElectricityHV|ImportsGI,share,0.0,0.0
image,SSP2-Base,Business As Usual,DK,Share|ElectricityHV|ImportsAL,share,0.0,0.0
image,SSP2-Base,Business As Usual,DK,Share|ElectricityHV|ImportsHU,share,0.0,0.0
image,SSP2-Base,Business As Usual,DK,Share|ElectricityHV|ImportsCH,share,0.0,0.0
image,SSP2-Base,Business As Usual,DK,Share|ElectricityMV|TransformationHVMV,share,0.8,0.4466049210577546
image,SSP2-Base,Business As Usual,DK,Share|ElectricityMV|SolarPVRoofCommercial,share,0.1,0.4533950789422454
image,SSP2-Base,Business As Usual,DK,Share|ElectricityMV|Waste,share,0.1,0.1
image,SSP2-Base,Business As Usual,DK,Share|ElectricityLV|TransformationMVLV,share,0.8644174310193685,0.6612028072224311
image,SSP2-Base,Business As Usual,DK,Share|ElectricityLV|BatteryChemical,share,0.0355825689806314,0.2
image,SSP2-Base,Business As Usual,DK,Share|ElectricityLV|SolarPVRoofResidential,share,0.1,0.1387971927775689
image,SSP2-Base,Business As Usual,IT,Share|ElectricityHV|Coal,share,0.0744586260714025,0.0200199549948794
image,SSP2-Base,Business As Usual,IT,Share|ElectricityHV|CombinedCycle,share,0.0025012699111236,0.0127787491379317
image,SSP2-Base,Business As Usual,IT,Share|ElectricityHV|GasTurbine,share,0.077454287748681,0.016857944181408
image,SSP2-Base,Business As Usual,IT,Share|ElectricityHV|CogenerationGas,share,0.0552753072907682,0.0092840053241973
image,SSP2-Base,Business As Usual,IT,Share|ElectricityHV|Nuclear,share,0.0168613768918104,0.0012937015361045
image,SSP2-Base,Business As Usual,IT,Share|ElectricityHV|Oil,share,0.0489337710678369,0.012265814263729
image,SSP2-Base,Business As Usual,IT,Share|ElectricityHV|Geothermal,share,0.1621380575436359,0.1510745625772121
image,SSP2-Base,Business As Usual,IT,Share|ElectricityHV|HydroRunofRiver,share,0.0041896047608916,0.0231027400945744
image,SSP2-Base,Business As Usual,IT,Share|ElectricityHV|HydroReservoir,share,0.0511225707283884,0.1040676081149793
image,SSP2-Base,Business As Usual,IT,Share|ElectricityHV|Biomass,share,0.0666974034420958,0.3856073287677397
image,SSP2-Base,Business As Usual,IT,Share|ElectricityHV|Biogas,share,0.0420751556927487,0.0760776197337252
image,SSP2-Base,Business As Usual,IT,Share|ElectricityHV|WindOnshore,share,0.0854135659349887,0.0803565293344505
image,SSP2-Base,Business As Usual,IT,Share|ElectricityHV|WindOffshore,share,0.0264365113414648,0.0072758687822826
image,SSP2-Base,Business As Usual,IT,Share|ElectricityHV|SolarThermal,share,0.0184563331164869,0.0192216338328364
image,SSP2-Base,Business As Usual,IT,Share|ElectricityHV|SolarPVOpen,share,0.0100520379660968,0.0301367822824152
image,SSP2-Base,Business As Usual,IT,Share|ElectricityHV|Hydrogen,share,0.0686628130808456,0.0218713214205012
image,SSP2-Base,Business As Usual,IT,Share|ElectricityHV|BatteryHydro,share,0.0490819682327925,0.02549920386892
image,SSP2-Base,Business As Usual,IT,Share|ElectricityHV|ImportsES,share,0.0,0.0
image,SSP2-Base,Business As Usual,IT,Share|ElectricityHV|ImportsBG,share,0.0,0.0
image,SSP2-Base,Business As Usual,IT,Share|ElectricityHV|ImportsSE,share,0.0240155812444677,0.0007088404763411
image,SSP2-Base,Business As Usual,IT,Share|ElectricityHV|ImportsAT,share,0.0,0.0
image,SSP2-Base,Business As Usual,IT,Share|ElectricityHV|ImportsMK,share,0.0,0.0
image,SSP2-Base,Business As Usual,IT,Share|ElectricityHV|ImportsMD,share,0.0,0.0
image,SSP2-Base,Business As Usual,IT,Share|ElectricityHV|ImportsHR,share,0.0,0.0
image,SSP2-Base,Business As Usual,IT,Share|ElectricityHV|ImportsXK,share,0.0,0.0
image,SSP2-Base,Business As Usual,IT,Share|ElectricityHV|ImportsLU,share,0.0,0.0
image,SSP2-Base,Business As Usual,IT,Share|ElectricityHV|ImportsGR,share,0.0,0.0
image,SSP2-Base,Business As Usual,IT,Share|ElectricityHV|ImportsIS,share,0.0,0.0
image,SSP2-Base,Business As Usual,IT,Share|ElectricityHV|ImportsBA,share,0.0,0.0
image,SSP2-Base,Business As Usual,IT,Share|ElectricityHV|ImportsEE,share,0.0,0.0
image,SSP2-Base,Business As Usual,IT,Share|ElectricityHV|ImportsSK,share,0.0,0.0
image,SSP2-Base,Business As Usual,IT,Share|ElectricityHV|ImportsME,share,0.0,0.0
image,SSP2-Base,Business As Usual,IT,Share|ElectricityHV|ImportsLT,share,0.0,0.0
image,SSP2-Base,Business As Usual,IT,Share|ElectricityHV|ImportsSI,share,0.0,0.0
image,SSP2-Base,Business As Usual,IT,Share|ElectricityHV|ImportsIE,share,0.0,0.0
image,SSP2-Base,Business As Usual,IT,Share|ElectricityHV|ImportsBE,share,0.0,0.0
image,SSP2-Base,Business As Usual,IT,Share|ElectricityHV|ImportsRS,share,0.0,0.0
image,SSP2-Base,Business As Usual,IT,Share|ElectricityHV|ImportsRO,share,0.0,0.0
image,SSP2-Base,Business As Usual,IT,Share|ElectricityHV|ImportsNL,share,0.0,0.0
image,SSP2-Base,Business As Usual,IT,Share|ElectricityHV|ImportsUA,share,0.0,0.0
image,SSP2-Base,Business As Usual,IT,Share|ElectricityHV|ImportsPL,share,0.0,0.0
image,SSP2-Base,Business As Usual,IT,Share|ElectricityHV|ImportsFR,share,0.0,0.0
image,SSP2-Base,Business As Usual,IT,Share|ElectricityHV|ImportsGB,share,0.0,0.0
image,SSP2-Base,Business As Usual,IT,Share|ElectricityHV|ImportsNO,share,0.0,0.0
image,SSP2-Base,Business As Usual,IT,Share|ElectricityHV|ImportsCZ,share,0.0,0.0
image,SSP2-Base,Business As Usual,IT,Share|ElectricityHV|ImportsMT,share,0.0172540155855754,0.0007435445855398
image,SSP2-Base,Business As Usual,IT,Share|ElectricityHV|ImportsDK,share,0.0,0.0
image,SSP2-Base,Business As Usual,IT,Share|ElectricityHV|ImportsIT,share,0.0,0.0
image,SSP2-Base,Business As Usual,IT,Share|ElectricityHV|ImportsLV,share,0.0,0.0
image,SSP2-Base,Business As Usual,IT,Share|ElectricityHV|ImportsDE,share,0.0989197423478977,0.0017562466902316
image,SSP2-Base,Business As Usual,IT,Share|ElectricityHV|ImportsPT,share,0.0,0.0
image,SSP2-Base,Business As Usual,IT,Share|ElectricityHV|ImportsFI,share,0.0,0.0
image,SSP2-Base,Business As Usual,IT,Share|ElectricityHV|ImportsBY,share,0.0,0.0
image,SSP2-Base,Business As Usual,IT,Share|ElectricityHV|ImportsGI,share,0.0,0.0
image,SSP2-Base,Business As Usual,IT,Share|ElectricityHV|ImportsAL,share,0.0,0.0
image,SSP2-Base,Business As Usual,IT,Share|ElectricityHV|ImportsHU,share,0.0,0.0
image,SSP2-Base,Business As Usual,IT,Share|ElectricityHV|ImportsCH,share,0.0,0.0
image,SSP2-Base,Business As Usual,IT,Share|ElectricityMV|TransformationHVMV,share,0.8342697359867881,0.7328382322725892
image,SSP2-Base,Business As Usual,IT,Share|ElectricityMV|SolarPVRoofCommercial,share,0.1,0.1671617677274109
image,SSP2-Base,Business As Usual,IT,Share|ElectricityMV|Waste,share,0.0657302640132119,0.1
image,SSP2-Base,Business As Usual,IT,Share|ElectricityLV|TransformationMVLV,share,0.7855165822848581,0.7461085091656224
image,SSP2-Base,Business As Usual,IT,Share|ElectricityLV|BatteryChemical,share,0.1144834177151419,0.1038914908343775
image,SSP2-Base,Business As Usual,IT,Share|ElectricityLV|SolarPVRoofResidential,share,0.1,0.15
image,SSP2-Base,Business As Usual,LV,Share|ElectricityHV|Coal,share,0.0344805478738959,0.0370321739575157
image,SSP2-Base,Business As Usual,LV,Share|ElectricityHV|CombinedCycle,share,0.0081108579014892,0.0386215922871929
image,SSP2-Base,Business As Usual,LV,Share|ElectricityHV|GasTurbine,share,0.0229708367570092,0.001002171283754
image,SSP2-Base,Business As Usual,LV,Share|ElectricityHV|CogenerationGas,share,0.0369326276710403,0.0303440110209881
image,SSP2-Base,Business As Usual,LV,Share|ElectricityHV|Nuclear,share,0.2546761341928721,0.0016859895839941
image,SSP2-Base,Business As Usual,LV,Share|ElectricityHV|Oil,share,0.0545368199296819,0.0001452729858544
image,SSP2-Base,Business As Usual,LV,Share|ElectricityHV|Geothermal,share,0.0756908414995097,0.1367033057027585
image,SSP2-Base,Business As Usual,LV,Share|ElectricityHV|HydroRunofRiver,share,0.017033645316209,0.0271683945295482
image,SSP2-Base,Business As Usual,LV,Share|ElectricityHV|HydroReservoir,share,0.0146356259532371,0.1203729473710558
image,SSP2-Base,Business As Usual,LV,Share|ElectricityHV|Biomass,share,0.0022711331991641,0.1110030676816743
image,SSP2-Base,Business As Usual,LV,Share|ElectricityHV|Biogas,share,0.1354685937499699,0.0986487441683248
image,SSP2-Base,Business As Usual,LV,Share|ElectricityHV|WindOnshore,share,0.0983610077607078,0.05389865219287
image,SSP2-Base,Business As Usual,LV,Share|ElectricityHV|WindOffshore,share,0.0354980291864656,0.0088858989430113
image,SSP2-Base,Business As Usual,LV,Share|ElectricityHV|SolarThermal,share,0.0215544184713491,0.0356277460467431
image,SSP2-Base,Business As Usual,LV,Share|ElectricityHV|SolarPVOpen,share,0.0309762525118091,0.1707979720196444
image,SSP2-Base,Business As Usual,LV,Share|ElectricityHV|Hydrogen,share,0.0075492224235561,0.0282396955121652
image,SSP2-Base,Business As Usual,LV,Share|ElectricityHV|BatteryHydro,share,0.0452440021271842,0.0378239971660549
image,SSP2-Base,Business As Usual,LV,Share|ElectricityHV|ImportsES,share,0.0,0.0
image,SSP2-Base,Business As Usual,LV,Share|ElectricityHV|ImportsBG,share,0.0,0.0
image,SSP2-Base,Business As Usual,LV,Share|ElectricityHV|ImportsSE,share,0.0,0.0
image,SSP2-Base,Business As Usual,LV,Share|ElectricityHV|ImportsAT,share,0.0,0.0
image,SSP2-Base,Business As Usual,LV,Share|ElectricityHV|ImportsMK,share,0.0,0.0
image,SSP2-Base,Business As Usual,LV,Share|ElectricityHV|ImportsMD,share,0.0,0.0
image,SSP2-Base,Business As Usual,LV,Share|ElectricityHV|ImportsHR,share,0.0,0.0
image,SSP2-Base,Business As Usual,LV,Share|ElectricityHV|ImportsXK,share,0.0,0.0
image,SSP2-Base,Business As Usual,LV,Share|ElectricityHV|ImportsLU,share,0.0,0.0
image,SSP2-Base,Business As Usual,LV,Share|ElectricityHV|ImportsGR,share,0.0,0.0
image,SSP2-Base,Business As Usual,LV,Share|ElectricityHV|ImportsIS,share,0.0,0.0
image,SSP2-Base,Business As Usual,LV,Share|ElectricityHV|ImportsBA,share,0.0,0.0
image,SSP2-Base,Business As Usual,LV,Share|ElectricityHV|ImportsEE,share,0.0,0.0
image,SSP2-Base,Business As Usual,LV,Share|ElectricityHV|ImportsSK,share,0.0,0.0
image,SSP2-Base,Business As Usual,LV,Share|ElectricityHV|ImportsME,share,0.0,0.0
image,SSP2-Base,Business As Usual,LV,Share|ElectricityHV|ImportsLT,share,0.0,0.0
image,SSP2-Base,Business As Usual,LV,Share|ElectricityHV|ImportsSI,share,0.0,0.0
image,SSP2-Base,Business As Usual,LV,Share|ElectricityHV|ImportsIE,share,0.0,0.0
image,SSP2-Base,Business As Usual,LV,Share|ElectricityHV|ImportsBE,share,0.0,0.0
image,SSP2-Base,Business As Usual,LV,Share|ElectricityHV|ImportsRS,share,0.0,0.0
image,SSP2-Base,Business As Usual,LV,Share|ElectricityHV|ImportsRO,share,0.0,0.0
image,SSP2-Base,Business As Usual,LV,Share|ElectricityHV|ImportsNL,share,0.0,0.0
image,SSP2-Base,Business As Usual,LV,Share|ElectricityHV|ImportsUA,share,0.0,0.0
image,SSP2-Base,Business As Usual,LV,Share|ElectricityHV|ImportsPL,share,0.0,0.0
image,SSP2-Base,Business As Usual,LV,Share|ElectricityHV|ImportsFR,share,0.0,0.0
image,SSP2-Base,Business As Usual,LV,Share|ElectricityHV|ImportsGB,share,0.0639165757020538,0.0184538448164605
image,SSP2-Base,Business As Usual,LV,Share|ElectricityHV|ImportsNO,share,0.0,0.0
image,SSP2-Base,Business As Usual,LV,Share|ElectricityHV|ImportsCZ,share,0.0,0.0
image,SSP2-Base,Business As Usual,LV,Share|ElectricityHV|ImportsMT,share,0.0221359970858569,0.0199614099078382
image,SSP2-Base,Business As Usual,LV,Share|ElectricityHV|ImportsDK,share,0.0,0.0
image,SSP2-Base,Business As Usual,LV,Share|ElectricityHV|ImportsIT,share,0.0,0.0
image,SSP2-Base,Business As Usual,LV,Share|ElectricityHV|ImportsLV,share,0.0,0.0
image,SSP2-Base,Business As Usual,LV,Share|ElectricityHV|ImportsDE,share,0.0,0.0
image,SSP2-Base,Business As Usual,LV,Share|ElectricityHV|ImportsPT,share,0.0,0.0
image,SSP2-Base,Business As Usual,LV,Share|ElectricityHV|ImportsFI,share,0.0,0.0
image,SSP2-Base,Business As Usual,LV,Share|ElectricityHV|ImportsBY,share,0.0,0.0
image,SSP2-Base,Business As Usual,LV,Share|ElectricityHV|ImportsGI,share,0.0,0.0
image,SSP2-Base,Business As Usual,LV,Share|ElectricityHV|ImportsAL,share,0.017956830686938,0.023583112822551
image,SSP2-Base,Business As Usual,LV,Share|ElectricityHV|ImportsHU,share,0.0,0.0
image,SSP2-Base,Business As Usual,LV,Share|ElectricityHV|ImportsCH,share,0.0,0.0
image,SSP2-Base,Business As Usual,LV,Share|ElectricityMV|TransformationHVMV,share,0.8000000000000002,0.4974631223554422
image,SSP2-Base,Business As Usual,LV,Share|ElectricityMV|SolarPVRoofCommercial,share,0.1,0.4025368776445578
image,SSP2-Base,Business As Usual,LV,Share|ElectricityMV|Waste,share,0.0999999999999999,0.1
image,SSP2-Base,Business As Usual,LV,Share|ElectricityLV|TransformationMVLV,share,0.8546915744086631,0.7534280407070358
image,SSP2-Base,Business As Usual,LV,Share|ElectricityLV|BatteryChemical,share,0.045308425591337,0.0965719592929641
image,SSP2-Base,Business As Usual,LV,Share|ElectricityLV|SolarPVRoofResidential,share,0.1,0.15
image,SSP2-Base,Business As Usual,DE,Share|ElectricityHV|Coal,share,0.0096991064873722,0.0138923826653934
image,SSP2-Base,Business As Usual,DE,Share|ElectricityHV|CombinedCycle,share,0.0465521945386624,0.0131520886801112
image,SSP2-Base,Business As Usual,DE,Share|ElectricityHV|GasTurbine,share,0.0242864734501836,0.0057817737698572
image,SSP2-Base,Business As Usual,DE,Share|ElectricityHV|CogenerationGas,share,0.0975077803166886,0.0075912598704851
image,SSP2-Base,Business As Usual,DE,Share|ElectricityHV|Nuclear,share,0.1024771894629183,0.0008851302110058
image,SSP2-Base,Business As Usual,DE,Share|ElectricityHV|Oil,share,0.0308876399670372,0.0327092385809375
image,SSP2-Base,Business As Usual,DE,Share|ElectricityHV|Geothermal,share,0.0960879837109387,0.0318838443645944
image,SSP2-Base,Business As Usual,DE,Share|ElectricityHV|HydroRunofRiver,share,0.0643551599955032,0.1758167886267123
image,SSP2-Base,Business As Usual,DE,Share|ElectricityHV|HydroReservoir,share,0.0070478235120292,0.0420889165936113
image,SSP2-Base,Business As Usual,DE,Share|ElectricityHV|Biomass,share,0.0021869915049103,0.017727878736555
image,SSP2-Base,Business As Usual,DE,Share|ElectricityHV|Biogas,share,0.0277734704451702,0.1110640082118745
image,SSP2-Base,Business As Usual,DE,Share|ElectricityHV|WindOnshore,share,0.0556637307847372,0.0532784475532555
image,SSP2-Base,Business As Usual,DE,Share|ElectricityHV|WindOffshore,share,0.0128869332940435,0.2310990037080386
image,SSP2-Base,Business As Usual,DE,Share|ElectricityHV|SolarThermal,share,0.0415957861680066,0.0171625479896876
image,SSP2-Base,Business As Usual,DE,Share|ElectricityHV|SolarPVOpen,share,0.0305806173259295,0.1150351902738553
image,SSP2-Base,Business As Usual,DE,Share|ElectricityHV|Hydrogen,share,0.27989762724672,0.0220609796767741
image,SSP2-Base,Business As Usual,DE,Share|ElectricityHV|BatteryHydro,share,0.0069736848457952,0.0729533473808374
image,SSP2-Base,Business As Usual,DE,Share|ElectricityHV|ImportsES,share,0.0,0.0
image,SSP2-Base,Business As Usual,DE,Share|ElectricityHV|ImportsBG,share,0.0,0.0
image,SSP2-Base,Business As Usual,DE,Share|ElectricityHV|ImportsSE,share,0.0,0.0
image,SSP2-Base,Business As Usual,DE,Share|ElectricityHV|ImportsAT,share,0.0,0.0
image,SSP2-Base,Business As Usual,DE,Share|ElectricityHV|ImportsMK,share,0.0,0.0
image,SSP2-Base,Business As Usual,DE,Share|ElectricityHV|ImportsMD,share,0.0,0.0
image,SSP2-Base,Business As Usual,DE,Share|ElectricityHV|ImportsHR,share,0.0,0.0
image,SSP2-Base,Business As Usual,DE,Share|ElectricityHV|ImportsXK,share,0.0086583737591757,0.0231306695519889
image,SSP2-Base,Business As Usual,DE,Share|ElectricityHV|ImportsLU,share,0.0,0.0
image,SSP2-Base,Business As Usual,DE,Share|ElectricityHV|ImportsGR,share,0.0176008111935497,0.0010381958683504
image,SSP2-Base,Business As Usual,DE,Share|ElectricityHV|ImportsIS,share,0.0,0.0
image,SSP2-Base,Business As Usual,DE,Share|ElectricityHV|ImportsBA,share,0.0,0.0
image,SSP2-Base,Business As Usual,DE,Share|ElectricityHV|ImportsEE,share,0.0,0.0
image,SSP2-Base,Business As Usual,DE,Share|ElectricityHV|ImportsSK,share,0.0,0.0
image,SSP2-Base,Business As Usual,DE,Share|ElectricityHV|ImportsME,share,0.0,0.0
image,SSP2-Base,Business As Usual,DE,Share|ElectricityHV|ImportsLT,share,0.0,0.0
image,SSP2-Base,Business As Usual,DE,Share|ElectricityHV|ImportsSI,share,0.0,0.0
image,SSP2-Base,Business As Usual,DE,Share|ElectricityHV|ImportsIE,share,0.0,0.0
image,SSP2-Base,Business As Usual,DE,Share|ElectricityHV|ImportsBE,share,0.0,0.0
image,SSP2-Base,Business As Usual,DE,Share|ElectricityHV|ImportsRS,share,0.0,0.0
image,SSP2-Base,Business As Usual,DE,Share|ElectricityHV|ImportsRO,share,0.0,0.0
image,SSP2-Base,Business As Usual,DE,Share|ElectricityHV|ImportsNL,share,0.0,0.0
image,SSP2-Base,Business As Usual,DE,Share|ElectricityHV|ImportsUA,share,0.0372806219906277,0.0116483076860735
image,SSP2-Base,Business As Usual,DE,Share|ElectricityHV|ImportsPL,share,0.0,0.0
image,SSP2-Base,Business As Usual,DE,Share|ElectricityHV|ImportsFR,share,0.0,0.0
image,SSP2-Base,Business As Usual,DE,Share|ElectricityHV|ImportsGB,share,0.0,0.0
image,SSP2-Base,Business As Usual,DE,Share|ElectricityHV|ImportsNO,share,0.0,0.0
image,SSP2-Base,Business As Usual,DE,Share|ElectricityHV|ImportsCZ,share,0.0,0.0
image,SSP2-Base,Business As Usual,DE,Share|ElectricityHV|ImportsMT,share,0.0,0.0
image,SSP2-Base,Business As Usual,DE,Share|ElectricityHV|ImportsDK,share,0.0,0.0
image,SSP2-Base,Business As Usual,DE,Share|ElectricityHV|ImportsIT,share,0.0,0.0
image,SSP2-Base,Business As Usual,DE,Share|ElectricityHV|ImportsLV,share,0.0,0.0
image,SSP2-Base,Business As Usual,DE,Share|ElectricityHV|ImportsDE,share,0.0,0.0
image,SSP2-Base,Business As Usual,DE,Share|ElectricityHV|ImportsPT,share,0.0,0.0
image,SSP2-Base,Business As Usual,DE,Share|ElectricityHV|ImportsFI,share,0.0,0.0
image,SSP2-Base,Business As Usual,DE,Share|ElectricityHV|ImportsBY,share,0.0,0.0
image,SSP2-Base,Business As Usual,DE,Share|ElectricityHV|ImportsGI,share,0.0,0.0
image,SSP2-Base,Business As Usual,DE,Share|ElectricityHV|ImportsAL,share,0.0,0.0
image,SSP2-Base,Business As Usual,DE,Share|ElectricityHV|ImportsHU,share,0.0,0.0
image,SSP2-Base,Business As Usual,DE,Share|ElectricityHV|ImportsCH,share,0.0,0.0
image,SSP2-Base,Business As Usual,DE,Share|ElectricityMV|TransformationHVMV,share,0.807024478194402,0.6044273420668627
image,SSP2-Base,Business As Usual,DE,Share|ElectricityMV|SolarPVRoofCommercial,share,0.1,0.2955726579331373
image,SSP2-Base,Business As Usual,DE,Share|ElectricityMV|Waste,share,0.092975521805598,0.1
image,SSP2-Base,Business As Usual,DE,Share|ElectricityLV|TransformationMVLV,share,0.8315957370868151,0.7492209269220854
image,SSP2-Base,Business As Usual,DE,Share|ElectricityLV|BatteryChemical,share,0.0684042629131849,0.2
image,SSP2-Base,Business As Usual,DE,Share|ElectricityLV|SolarPVRoofResidential,share,0.0999999999999999,0.0507790730779145
image,SSP2-Base,Business As Usual,PT,Share|ElectricityHV|Coal,share,0.0070212023215227,0.0005696986533371
image,SSP2-Base,Business As Usual,PT,Share|ElectricityHV|CombinedCycle,share,0.2053564275056718,0.0968993005664289
image,SSP2-Base,Business As Usual,PT,Share|ElectricityHV|GasTurbine,share,0.0228952699173175,0.0352863847536486
image,SSP2-Base,Business As Usual,PT,Share|ElectricityHV|CogenerationGas,share,0.0052784985522548,0.0212103121193779
image,SSP2-Base,Business As Usual,PT,Share|ElectricityHV|Nuclear,share,0.0320420617332681,0.0337751958311353
image,SSP2-Base,Business As Usual,PT,Share|ElectricityHV|Oil,share,0.0533599813699942,0.0115329553282944
image,SSP2-Base,Business As Usual,PT,Share|ElectricityHV|Geothermal,share,0.0361355259984644,0.1027291289184987
image,SSP2-Base,Business As Usual,PT,Share|ElectricityHV|HydroRunofRiver,share,0.0551914698945217,0.1196644586191619
image,SSP2-Base,Business As Usual,PT,Share|ElectricityHV|HydroReservoir,share,0.0394769769515078,0.2548090860513811
image,SSP2-Base,Business As Usual,PT,Share|ElectricityHV|Biomass,share,0.1329896676706042,0.0710959804147403
image,SSP2-Base,Business As Usual,PT,Share|ElectricityHV|Biogas,share,0.0278856137950322,0.0113949941352659
image,SSP2-Base,Business As Usual,PT,Share|ElectricityHV|WindOnshore,share,0.0415681448316356,0.0287983147314641
image,SSP2-Base,Business As Usual,PT,Share|ElectricityHV|WindOffshore,share,0.0382387125052745,0.0649744502596897
image,SSP2-Base,Business As Usual,PT,Share|ElectricityHV|SolarThermal,share,0.0022623005079041,0.0137627638152941
image,SSP2-Base,Business As Usual,PT,Share|ElectricityHV|SolarPVOpen,share,0.0061751716217117,0.0246279968661314
image,SSP2-Base,Business As Usual,PT,Share|ElectricityHV|Hydrogen,share,0.0583011230273901,0.0072848283613008
image,SSP2-Base,Business As Usual,PT,Share|ElectricityHV|BatteryHydro,share,0.0466086367092732,0.0601661040832392
image,SSP2-Base,Business As Usual,PT,Share|ElectricityHV|ImportsES,share,0.0,0.0
image,SSP2-Base,Business As Usual,PT,Share|ElectricityHV|ImportsBG,share,0.0,0.0
image,SSP2-Base,Business As Usual,PT,Share|ElectricityHV|ImportsSE,share,0.0,0.0
image,SSP2-Base,Business As Usual,PT,Share|ElectricityHV|ImportsAT,share,0.0,0.0
image,SSP2-Base,Business As Usual,PT,Share|ElectricityHV|ImportsMK,share,0.0,0.0
image,SSP2-Base,Business As Usual,PT,Share|ElectricityHV|ImportsMD,share,0.0,0.0
image,SSP2-Base,Business As Usual,PT,Share|ElectricityHV|ImportsHR,share,0.0,0.0
image,SSP2-Base,Business As Usual,PT,Share|ElectricityHV|ImportsXK,share,0.0,0.0
image,SSP2-Base,Business As Usual,PT,Share|ElectricityHV|ImportsLU,share,0.0,0.0
image,SSP2-Base,Business As Usual,PT,Share|ElectricityHV|ImportsGR,share,0.0,0.0
image,SSP2-Base,Business As Usual,PT,Share|ElectricityHV|ImportsIS,share,0.0,0.0
image,SSP2-Base,Business As Usual,PT,Share|ElectricityHV|ImportsBA,share,0.0,0.0
image,SSP2-Base,Business As Usual,PT,Share|ElectricityHV|ImportsEE,share,0.0,0.0
image,SSP2-Base,Business As Usual,PT,Share|ElectricityHV|ImportsSK,share,0.0,0.0
image,SSP2-Base,Business As Usual,PT,Share|ElectricityHV|ImportsME,share,0.0747030322796581,0.012110342214644
image,SSP2-Base,Business As Usual,PT,Share|ElectricityHV|ImportsLT,share,0.0,0.0
image,SSP2-Base,Business As Usual,PT,Share|ElectricityHV|ImportsSI,share,0.0,0.0
image,SSP2-Base,Business As Usual,PT,Share|ElectricityHV|ImportsIE,share,0.0,0.0
image,SSP2-Base,Business As Usual,PT,Share|ElectricityHV|ImportsBE,share,0.0,0.0
image,SSP2-Base,Business As Usual,PT,Share|ElectricityHV|ImportsRS,share,0.0,0.0
image,SSP2-Base,Business As Usual,PT,Share|ElectricityHV|ImportsRO,share,0.0,0.0
image,SSP2-Base,Business As Usual,PT,Share|ElectricityHV|ImportsNL,share,0.0,0.0
image,SSP2-Base,Business As Usual,PT,Share|ElectricityHV|ImportsUA,share,0.0,0.0
image,SSP2-Base,Business As Usual,PT,Share|ElectricityHV|ImportsPL,share,0.0,0.0
image,SSP2-Base,Business As Usual,PT,Share|ElectricityHV|ImportsFR,share,0.032681989031207,0.014170828014448
image,SSP2-Base,Business As Usual,PT,Share|ElectricityHV|ImportsGB,share,0.0,0.0
image,SSP2-Base,Business As Usual,PT,Share|ElectricityHV|ImportsNO,share,0.0,0.0
image,SSP2-Base,Business As Usual,PT,Share|ElectricityHV|ImportsCZ,share,0.0,0.0
image,SSP2-Base,Business As Usual,PT,Share|ElectricityHV|ImportsMT,share,0.0818281937757857,0.0151368762625176
image,SSP2-Base,Business As Usual,PT,Share|ElectricityHV|ImportsDK,share,0.0,0.0
image,SSP2-Base,Business As Usual,PT,Share|ElectricityHV|ImportsIT,share,0.0,0.0
image,SSP2-Base,Business As Usual,PT,Share|ElectricityHV|ImportsLV,share,0.0,0.0
image,SSP2-Base,Business As Usual,PT,Share|ElectricityHV|ImportsDE,share,0.0,0.0
image,SSP2-Base,Business As Usual,PT,Share|ElectricityHV|ImportsPT,share,0.0,0.0
image,SSP2-Base,Business As Usual,PT,Share|ElectricityHV|ImportsFI,share,0.0,0.0
image,SSP2-Base,Business As Usual,PT,Share|ElectricityHV|ImportsBY,share,0.0,0.0
image,SSP2-Base,Business As Usual,PT,Share|ElectricityHV|ImportsGI,share,0.0,0.0
image,SSP2-Base,Business As Usual,PT,Share|ElectricityHV|ImportsAL,share,0.0,0.0
image,SSP2-Base,Business As Usual,PT,Share|ElectricityHV|ImportsHU,share,0.0,0.0
image,SSP2-Base,Business As Usual,PT,Share|ElectricityHV|ImportsCH,share,0.0,0.0
image,SSP2-Base,Business As Usual,PT,Share|ElectricityMV|TransformationHVMV,share,0.8,0.772409176004221
image,SSP2-Base,Business As Usual,PT,Share|ElectricityMV|SolarPVRoofCommercial,share,0.1,0.127590823995779
image,SSP2-Base,Business As Usual,PT,Share|ElectricityMV|Waste,share,0.1,0.1
image,SSP2-Base,Business As Usual,PT,Share|ElectricityLV|TransformationMVLV,share,0.8510730172227073,0.6960119385891274
image,SSP2-Base,Business As Usual,PT,Share|ElectricityLV|BatteryChemical,share,0.0489269827772926,0.1539880614108726
image,SSP2-Base,Business As Usual,PT,Share|ElectricityLV|SolarPVRoofResidential,share,0.1,0.15
image,SSP2-Base,Business As Usual,FI,Share|ElectricityHV|Coal,share,0.0026807555101914,0.0060922171364878
image,SSP2-Base,Business As Usual,FI,Share|ElectricityHV|CombinedCycle,share,0.3676710094055727,0.0182967510170155
image,SSP2-Base,Business As Usual,FI,Share|ElectricityHV|GasTurbine,share,0.0030015823637158,0.0288535861347745
image,SSP2-Base,Business As Usual,FI,Share|ElectricityHV|CogenerationGas,share,0.0185341765344393,0.0057237431986449
image,SSP2-Base,Business As Usual,FI,Share|ElectricityHV|Nuclear,share,0.0332718592950526,0.0135674110382152
image,SSP2-Base,Business As Usual,FI,Share|ElectricityHV|Oil,share,0.037582993611462,0.0868504614150684
image,SSP2-Base,Business As Usual,FI,Share|ElectricityHV|Geothermal,share,0.0191883093146549,0.0474012539950095
image,SSP2-Base,Business As Usual,FI,Share|ElectricityHV|HydroRunofRiver,share,0.0198369861654379,0.0539504446661018
image,SSP2-Base,Business As Usual,FI,Share|ElectricityHV|HydroReservoir,share,0.0368876011353345,0.1516964323388659
image,SSP2-Base,Business As Usual,FI,Share|ElectricityHV|Biomass,share,0.014724986618485,0.0200126475586592
image,SSP2-Base,Business As Usual,FI,Share|ElectricityHV|Biogas,share,0.0337222657903404,0.0787489175603258
image,SSP2-Base,Business As Usual,FI,Share|ElectricityHV|WindOnshore,share,0.0230672714342164,0.0325911594700009
image,SSP2-Base,Business As Usual,FI,Share|ElectricityHV|WindOffshore,share,0.0583884586572771,0.1130157587999709
image,SSP2-Base,Business As Usual,FI,Share|ElectricityHV|SolarThermal,share,0.0585226880896172,0.0981564584044341
image,SSP2-Base,Business As Usual,FI,Share|ElectricityHV|SolarPVOpen,share,0.0148127672475524,0.1245965890552219
image,SSP2-Base,Business As Usual,FI,Share|ElectricityHV|Hydrogen,share,0.0697345906705449,0.0139766482419781
image,SSP2-Base,Business As Usual,FI,Share|ElectricityHV|BatteryHydro,share,0.0665529136790335,0.063075181095263
image,SSP2-Base,Business As Usual,FI,Share|ElectricityHV|ImportsES,share,0.0,0.0
image,SSP2-Base,Business As Usual,FI,Share|ElectricityHV|ImportsBG,share,0.0,0.0
image,SSP2-Base,Business As Usual,FI,Share|ElectricityHV|ImportsSE,share,0.0,0.0
image,SSP2-Base,Business As Usual,FI,Share|ElectricityHV|ImportsAT,share,0.0,0.0
image,SSP2-Base,Business As Usual,FI,Share|ElectricityHV|ImportsMK,share,0.0,0.0
image,SSP2-Base,Business As Usual,FI,Share|ElectricityHV|ImportsMD,share,0.0014446364557357,0.0134924830138901
image,SSP2-Base,Business As Usual,FI,Share|ElectricityHV|ImportsHR,share,0.0,0.0
image,SSP2-Base,Business As Usual,FI,Share|ElectricityHV|ImportsXK,share,0.0,0.0
image,SSP2-Base,Business As Usual,FI,Share|ElectricityHV|ImportsLU,share,0.0,0.0
image,SSP2-Base,Business As Usual,FI,Share|ElectricityHV|ImportsGR,share,0.0,0.0
image,SSP2-Base,Business As Usual,FI,Share|ElectricityHV|ImportsIS,share,0.0,0.0
image,SSP2-Base,Business As Usual,FI,Share|ElectricityHV|ImportsBA,share,0.0,0.0
image,SSP2-Base,Business As Usual,FI,Share|ElectricityHV|ImportsEE,share,0.0,0.0
image,SSP2-Base,Business As Usual,FI,Share|ElectricityHV|ImportsSK,share,0.0,0.0
image,SSP2-Base,Business As Usual,FI,Share|ElectricityHV|ImportsME,share,0.0,0.0
image,SSP2-Base,Business As Usual,FI,Share|ElectricityHV|ImportsLT,share,0.0,0.0
image,SSP2-Base,Business As Usual,FI,Share|ElectricityHV|ImportsSI,share,0.0,0.0
image,SSP2-Base,Business As Usual,FI,Share|ElectricityHV|ImportsIE,share,0.0,0.0
image,SSP2-Base,Business As Usual,FI,Share|ElectricityHV|ImportsBE,share,0.0,0.0
image,SSP2-Base,Business As Usual,FI,Share|ElectricityHV|ImportsRS,share,0.0,0.0
image,SSP2-Base,Business As Usual,FI,Share|ElectricityHV|ImportsRO,share,0.0,0.0
image,SSP2-Base,Business As Usual,FI,Share|ElectricityHV|ImportsNL,share,0.0,0.0
image,SSP2-Base,Business As Usual,FI,Share|ElectricityHV|ImportsUA,share,0.0,0.0
image,SSP2-Base,Business As Usual,FI,Share|ElectricityHV|ImportsPL,share,0.0,0.0
image,SSP2-Base,Business As Usual,FI,Share|ElectricityHV|ImportsFR,share,0.0,0.0
image,SSP2-Base,Business As Usual,FI,Share|ElectricityHV|ImportsGB,share,0.0,0.0
image,SSP2-Base,Business As Usual,FI,Share|ElectricityHV|ImportsNO,share,0.0471220732728041,0.0162095314646288
image,SSP2-Base,Business As Usual,FI,Share|ElectricityHV|ImportsCZ,share,0.0,0.0
image,SSP2-Base,Business As Usual,FI,Share|ElectricityHV|ImportsMT,share,0.0,0.0
image,SSP2-Base,Business As Usual,FI,Share|ElectricityHV|ImportsDK,share,0.0,0.0
image,SSP2-Base,Business As Usual,FI,Share|ElectricityHV|ImportsIT,share,0.0,0.0
image,SSP2-Base,Business As Usual,FI,Share|ElectricityHV|ImportsLV,share,0.0732520747485315,0.0136923243954427
image,SSP2-Base,Business As Usual,FI,Share|ElectricityHV|ImportsDE,share,0.0,0.0
image,SSP2-Base,Business As Usual,FI,Share|ElectricityHV|ImportsPT,share,0.0,0.0
image,SSP2-Base,Business As Usual,FI,Share|ElectricityHV|ImportsFI,share,0.0,0.0
image,SSP2-Base,Business As Usual,FI,Share|ElectricityHV|ImportsBY,share,0.0,0.0
image,SSP2-Base,Business As Usual,FI,Share|ElectricityHV|ImportsGI,share,0.0,0.0
image,SSP2-Base,Business As Usual,FI,Share|ElectricityHV|ImportsAL,share,0.0,0.0
image,SSP2-Base,Business As Usual,FI,Share|ElectricityHV|ImportsHU,share,0.0,0.0
image,SSP2-Base,Business As Usual,FI,Share|ElectricityHV|ImportsCH,share,0.0,0.0
image,SSP2-Base,Business As Usual,FI,Share|ElectricityMV|TransformationHVMV,share,0.8,0.6590230184223137
image,SSP2-Base,Business As Usual,FI,Share|ElectricityMV|SolarPVRoofCommercial,share,0.1,0.2409769815776863
image,SSP2-Base,Business As Usual,FI,Share|ElectricityMV|Waste,share,0.0999999999999999,0.1
image,SSP2-Base,Business As Usual,FI,Share|ElectricityLV|TransformationMVLV,share,0.7108033068900599,0.74178375568674
image,SSP2-Base,Business As Usual,FI,Share|ElectricityLV|BatteryChemical,share,0.2,0.1082162443132599
image,SSP2-Base,Business As Usual,FI,Share|ElectricityLV|SolarPVRoofResidential,share,0.0891966931099401,0.15
image,SSP2-Base,Business As Usual,BY,Share|ElectricityHV|Coal,share,0.1512848432800094,0.0067982742591801
image,SSP2-Base,Business As Usual,BY,Share|ElectricityHV|CombinedCycle,share,0.1196480045979877,0.0024043607713792
image,SSP2-Base,Business As Usual,BY,Share|ElectricityHV|GasTurbine,share,0.0092013372085686,0.0014003690852958
image,SSP2-Base,Business As Usual,BY,Share|ElectricityHV|CogenerationGas,share,0.0740946455999023,0.000918208344207
image,SSP2-Base,Business As Usual,BY,Share|ElectricityHV|Nuclear,share,0.0137116787370572,0.0002728546977492
image,SSP2-Base,Business As Usual,BY,Share|ElectricityHV|Oil,share,0.041871585994618,0.0005444421801604
image,SSP2-Base,Business As Usual,BY,Share|ElectricityHV|Geothermal,share,0.0066401878154312,0.0682469675580993
image,SSP2-Base,Business As Usual,BY,Share|ElectricityHV|HydroRunofRiver,share,0.0070380305344037,0.0932517762406817
image,SSP2-Base,Business As Usual,BY,Share|ElectricityHV|HydroReservoir,share,0.055887531347699,0.0380015757926572
image,SSP2-Base,Business As Usual,BY,Share|ElectricityHV|Biomass,share,0.0507117240595865,0.3250561009363666
image,SSP2-Base,Business As Usual,BY,Share|ElectricityHV|Biogas,share,0.0374980285392775,0.0120105802001417
image,SSP2-Base,Business As Usual,BY,Share|ElectricityHV|WindOnshore,share,0.0206266438183621,0.004922382935348
image,SSP2-Base,Business As Usual,BY,Share|ElectricityHV|WindOffshore,share,0.0058641818925124,0.3206333864334137
image,SSP2-Base,Business As Usual,BY,Share|ElectricityHV|SolarThermal,share,0.0230348743534169,0.0072155809477453
image,SSP2-Base,Business As Usual,BY,Share|ElectricityHV|SolarPVOpen,share,0.0509328624019842,0.0374238203030792
image,SSP2-Base,Business As Usual,BY,Share|ElectricityHV|Hydrogen,share,0.0910296915888545,0.0010212029084024
image,SSP2-Base,Business As Usual,BY,Share|ElectricityHV|BatteryHydro,share,0.125110127372432,0.073237828652467
image,SSP2-Base,Business As Usual,BY,Share|ElectricityHV|ImportsES,share,0.0,0.0
image,SSP2-Base,Business As Usual,BY,Share|ElectricityHV|ImportsBG,share,0.0,0.0
image,SSP2-Base,Business As Usual,BY,Share|ElectricityHV|ImportsSE,share,0.0,0.0
image,SSP2-Base,Business As Usual,BY,Share|ElectricityHV|ImportsAT,share,0.0484455183652159,0.0012981571243382
image,SSP2-Base,Business As Usual,BY,Share|ElectricityHV|ImportsMK,share,0.0,0.0
image,SSP2-Base,Business As Usual,BY,Share|ElectricityHV|ImportsMD,share,0.0,0.0
image,SSP2-Base,Business As Usual,BY,Share|ElectricityHV|ImportsHR,share,0.0,0.0
image,SSP2-Base,Business As Usual,BY,Share|ElectricityHV|ImportsXK,share,0.0,0.0
image,SSP2-Base,Business As Usual,BY,Share|ElectricityHV|ImportsLU,share,0.0,0.0
image,SSP2-Base,Business As Usual,BY,Share|ElectricityHV|ImportsGR,share,0.0,0.0
image,SSP2-Base,Business As Usual,BY,Share|ElectricityHV|ImportsIS,share,0.0,0.0
image,SSP2-Base,Business As Usual,BY,Share|ElectricityHV|ImportsBA,share,0.0,0.0
image,SSP2-Base,Business As Usual,BY,Share|ElectricityHV|ImportsEE,share,0.0,0.0
image,SSP2-Base,Business As Usual,BY,Share|ElectricityHV|ImportsSK,share,0.0,0.0
image,SSP2-Base,Business As Usual,BY,Share|ElectricityHV|ImportsME,share,0.0,0.0
image,SSP2-Base,Business As Usual,BY,Share|ElectricityHV|ImportsLT,share,0.0,0.0
image,SSP2-Base,Business As Usual,BY,Share|ElectricityHV|ImportsSI,share,0.0,0.0
image,SSP2-Base,Business As Usual,BY,Share|ElectricityHV|ImportsIE,share,0.0,0.0
image,SSP2-Base,Business As Usual,BY,Share|ElectricityHV|ImportsBE,share,0.0,0.0
image,SSP2-Base,Business As Usual,BY,Share|ElectricityHV|ImportsRS,share,0.0,0.0
image,SSP2-Base,Business As Usual,BY,Share|ElectricityHV|ImportsRO,share,0.0,0.0
image,SSP2-Base,Business As Usual,BY,Share|ElectricityHV|ImportsNL,share,0.0,0.0
image,SSP2-Base,Business As Usual,BY,Share|ElectricityHV|ImportsUA,share,0.0,0.0
image,SSP2-Base,Business As Usual,BY,Share|ElectricityHV|ImportsPL,share,0.0,0.0
image,SSP2-Base,Business As Usual,BY,Share|ElectricityHV|ImportsFR,share,0.0,0.0
image,SSP2-Base,Business As Usual,BY,Share|ElectricityHV|ImportsGB,share,0.0,0.0
image,SSP2-Base,Business As Usual,BY,Share|ElectricityHV|ImportsNO,share,0.0,0.0
image,SSP2-Base,Business As Usual,BY,Share|ElectricityHV|ImportsCZ,share,0.0,0.0
image,SSP2-Base,Business As Usual,BY,Share|ElectricityHV|ImportsMT,share,0.0039309453044884,0.0014695699998272
image,SSP2-Base,Business As Usual,BY,Share|ElectricityHV|ImportsDK,share,0.0,0.0
image,SSP2-Base,Business As Usual,BY,Share|ElectricityHV|ImportsIT,share,0.0,0.0
image,SSP2-Base,Business As Usual,BY,Share|ElectricityHV|ImportsLV,share,0.0,0.0
image,SSP2-Base,Business As Usual,BY,Share|ElectricityHV|ImportsDE,share,0.0,0.0
image,SSP2-Base,Business As Usual,BY,Share|ElectricityHV|ImportsPT,share,0.0,0.0
image,SSP2-Base,Business As Usual,BY,Share|ElectricityHV|ImportsFI,share,0.0,0.0
image,SSP2-Base,Business As Usual,BY,Share|ElectricityHV|ImportsBY,share,0.0,0.0
image,SSP2-Base,Business As Usual,BY,Share|ElectricityHV|ImportsGI,share,0.0634375571881916,0.0038725606294603
image,SSP2-Base,Business As Usual,BY,Share|ElectricityHV|ImportsAL,share,0.0,0.0
image,SSP2-Base,Business As Usual,BY,Share|ElectricityHV|ImportsHU,share,0.0,0.0
image,SSP2-Base,Business As Usual,BY,Share|ElectricityHV|ImportsCH,share,0.0,0.0
image,SSP2-Base,Business As Usual,BY,Share|ElectricityMV|TransformationHVMV,share,0.8,0.7280819287189055
image,SSP2-Base,Business As Usual,BY,Share|ElectricityMV|SolarPVRoofCommercial,share,0.1,0.1719180712810944
image,SSP2-Base,Business As Usual,BY,Share|ElectricityMV|Waste,share,0.1,0.0999999999999999
image,SSP2-Base,Business As Usual,BY,Share|ElectricityLV|TransformationMVLV,share,0.8315150270337436,0.7522386444432921
image,SSP2-Base,Business As Usual,BY,Share|ElectricityLV|BatteryChemical,share,0.0684849729662564,0.0977613555567078
image,SSP2-Base,Business As Usual,BY,Share|ElectricityLV|SolarPVRoofResidential,share,0.1,0.15
image,SSP2-Base,Business As Usual,GI,Share|ElectricityHV|Coal,share,0.1673317833998792,0.0302155173658454
image,SSP2-Base,Business As Usual,GI,Share|ElectricityHV|CombinedCycle,share,0.02600942862009,0.0138536461410915
image,SSP2-Base,Business As Usual,GI,Share|ElectricityHV|GasTurbine,share,0.0313649499079747,0.0073281575142473
image,SSP2-Base,Business As Usual,GI,Share|ElectricityHV|CogenerationGas,share,0.2137160211622712,0.0186167326141676
image,SSP2-Base,Business As Usual,GI,Share|ElectricityHV|Nuclear,share,0.1122410813878457,0.0262046373681747
image,SSP2-Base,Business As Usual,GI,Share|ElectricityHV|Oil,share,0.0515319097068866,0.0046848699127674
image,SSP2-Base,Business As Usual,GI,Share|ElectricityHV|Geothermal,share,0.0094073969520305,0.065968481741426
image,SSP2-Base,Business As Usual,GI,Share|ElectricityHV|HydroRunofRiver,share,0.0166456317091804,0.0672841400290885
image,SSP2-Base,Business As Usual,GI,Share|ElectricityHV|HydroReservoir,share,0.0030050607881419,0.1757418118220555
image,SSP2-Base,Business As Usual,GI,Share|ElectricityHV|Biomass,share,0.0449028927816631,0.0353798088152503
image,SSP2-Base,Business As Usual,GI,Share|ElectricityHV|Biogas,share,0.0155175180714055,0.0174361474500513
image,SSP2-Base,Business As Usual,GI,Share|ElectricityHV|WindOnshore,share,0.0484692345376609,0.0732646813085206
image,SSP2-Base,Business As Usual,GI,Share|ElectricityHV|WindOffshore,share,0.0716173442283818,0.0983530442587922
image,SSP2-Base,Business As Usual,GI,Share|ElectricityHV|SolarThermal,share,0.0491607068205978,0.0607676562595924
image,SSP2-Base,Business As Usual,GI,Share|ElectricityHV|SolarPVOpen,share,0.0233729281639865,0.1857824109426491
image,SSP2-Base,Business As Usual,GI,Share|ElectricityHV|Hydrogen,share,0.0242817113351385,0.0071871783026227
image,SSP2-Base,Business As Usual,GI,Share|ElectricityHV|BatteryHydro,share,0.0075217438770438,0.0622824837641057
image,SSP2-Base,Business As Usual,GI,Share|ElectricityHV|ImportsES,share,0.0,0.0
image,SSP2-Base,Business As Usual,GI,Share|ElectricityHV|ImportsBG,share,0.0,0.0
image,SSP2-Base,Business As Usual,GI,Share|ElectricityHV|ImportsSE,share,0.0,0.0
image,SSP2-Base,Business As Usual,GI,Share|ElectricityHV|ImportsAT,share,0.0,0.0
image,SSP2-Base,Business As Usual,GI,Share|ElectricityHV|ImportsMK,share,0.0,0.0
image,SSP2-Base,Business As Usual,GI,Share|ElectricityHV|ImportsMD,share,0.0,0.0
image,SSP2-Base,Business As Usual,GI,Share|ElectricityHV|ImportsHR,share,0.0,0.0
image,SSP2-Base,Business As Usual,GI,Share|ElectricityHV|ImportsXK,share,0.0,0.0
image,SSP2-Base,Business As Usual,GI,Share|ElectricityHV|ImportsLU,share,0.0,0.0
image,SSP2-Base,Business As Usual,GI,Share|ElectricityHV|ImportsGR,share,0.0,0.0
image,SSP2-Base,Business As Usual,GI,Share|ElectricityHV|ImportsIS,share,0.0,0.0
image,SSP2-Base,Business As Usual,GI,Share|ElectricityHV|ImportsBA,share,0.0,0.0
image,SSP2-Base,Business As Usual,GI,Share|ElectricityHV|ImportsEE,share,0.0,0.0
image,SSP2-Base,Business As Usual,GI,Share|ElectricityHV|ImportsSK,share,0.0,0.0
image,SSP2-Base,Business As Usual,GI,Share|ElectricityHV|ImportsME,share,0.0,0.0
image,SSP2-Base,Business As Usual,GI,Share|ElectricityHV|ImportsLT,share,0.0,0.0
image,SSP2-Base,Business As Usual,GI,Share|ElectricityHV|ImportsSI,share,0.0,0.0
image,SSP2-Base,Business As Usual,GI,Share|ElectricityHV|ImportsIE,share,0.0,0.0
image,SSP2-Base,Business As Usual,GI,Share|ElectricityHV|ImportsBE,share,0.0,0.0
image,SSP2-Base,Business As Usual,GI,Share|ElectricityHV|ImportsRS,share,0.0,0.0
image,SSP2-Base,Business As Usual,GI,Share|ElectricityHV|ImportsRO,share,0.0117384913457697,0.0074958450877222
image,SSP2-Base,Business As Usual,GI,Share|ElectricityHV|ImportsNL,share,0.0,0.0
image,SSP2-Base,Business As Usual,GI,Share|ElectricityHV|ImportsUA,share,0.0,0.0
image,SSP2-Base,Business As Usual,GI,Share|ElectricityHV|ImportsPL,share,0.0,0.0
image,SSP2-Base,Business As Usual,GI,Share|ElectricityHV|ImportsFR,share,0.0,0.0
image,SSP2-Base,Business As Usual,GI,Share|ElectricityHV|ImportsGB,share,0.0,0.0
image,SSP2-Base,Business As Usual,GI,Share|ElectricityHV|ImportsNO,share,0.0,0.0
image,SSP2-Base,Business As Usual,GI,Share|ElectricityHV|ImportsCZ,share,0.0,0.0
image,SSP2-Base,Business As Usual,GI,Share|ElectricityHV|ImportsMT,share,0.0,0.0
image,SSP2-Base,Business As Usual,GI,Share|ElectricityHV|ImportsDK,share,0.0,0.0
image,SSP2-Base,Business As Usual,GI,Share|ElectricityHV|ImportsIT,share,0.0313676145077862,0.011562500010449
image,SSP2-Base,Business As Usual,GI,Share|ElectricityHV|ImportsLV,share,0.0,0.0
image,SSP2-Base,Business As Usual,GI,Share|ElectricityHV|ImportsDE,share,0.0407965506962652,0.0305902492913797
image,SSP2-Base,Business As Usual,GI,Share|ElectricityHV|ImportsPT,share,0.0,0.0
image,SSP2-Base,Business As Usual,GI,Share|ElectricityHV|ImportsFI,share,0.0,0.0
image,SSP2-Base,Business As Usual,GI,Share|ElectricityHV|ImportsBY,share,0.0,0.0
image,SSP2-Base,Business As Usual,GI,Share|ElectricityHV|ImportsGI,share,0.0,0.0
image,SSP2-Base,Business As Usual,GI,Share|ElectricityHV|ImportsAL,share,0.0,0.0
image,SSP2-Base,Business As Usual,GI,Share|ElectricityHV|ImportsHU,share,0.0,0.0
image,SSP2-Base,Business As Usual,GI,Share|ElectricityHV|ImportsCH,share,0.0,0.0
image,SSP2-Base,Business As Usual,GI,Share|ElectricityMV|TransformationHVMV,share,0.8,0.8195216459802435
image,SSP2-Base,Business As Usual,GI,Share|ElectricityMV|SolarPVRoofCommercial,share,0.1,0.0804783540197563
image,SSP2-Base,Business As Usual,GI,Share|ElectricityMV|Waste,share,0.0999999999999999,0.0999999999999999
image,SSP2-Base,Business As Usual,GI,Share|ElectricityLV|TransformationMVLV,share,0.7209134990276163,0.6533297931509731
image,SSP2-Base,Business As Usual,GI,Share|ElectricityLV|BatteryChemical,share,0.2,0.2
image,SSP2-Base,Business As Usual,GI,Share|ElectricityLV|SolarPVRoofResidential,share,0.0790865009723838,0.1466702068490268
image,SSP2-Base,Business As Usual,AL,Share|ElectricityHV|Coal,share,0.134948275484075,0.0047825807815573
image,SSP2-Base,Business As Usual,AL,Share|ElectricityHV|CombinedCycle,share,0.1065515557814883,0.0214731691193651
image,SSP2-Base,Business As Usual,AL,Share|ElectricityHV|GasTurbine,share,0.0772451918648547,0.0214421800610094
image,SSP2-Base,Business As Usual,AL,Share|ElectricityHV|CogenerationGas,share,0.0270340754051401,0.0193214677132275
image,SSP2-Base,Business As Usual,AL,Share|ElectricityHV|Nuclear,share,0.0725011156935023,0.021724241619676
image,SSP2-Base,Business As Usual,AL,Share|ElectricityHV|Oil,share,0.021026427589459,0.0046927923427552
image,SSP2-Base,Business As Usual,AL,Share|ElectricityHV|Geothermal,share,0.0291283820648246,0.043421469010053
image,SSP2-Base,Business As Usual,AL,Share|ElectricityHV|HydroRunofRiver,share,0.0252480864764036,0.2310110828749452
image,SSP2-Base,Business As Usual,AL,Share|ElectricityHV|HydroReservoir,share,0.0270341601480777,0.112376401050334
image,SSP2-Base,Business As Usual,AL,Share|ElectricityHV|Biomass,share,0.0058118799963215,0.0296664513598981
image,SSP2-Base,Business As Usual,AL,Share|ElectricityHV|Biogas,share,0.0204124774374237,0.0233173409791767
image,SSP2-Base,Business As Usual,AL,Share|ElectricityHV|WindOnshore,share,0.0879325774599313,0.179762854609043
image,SSP2-Base,Business As Usual,AL,Share|ElectricityHV|WindOffshore,share,0.0350546847282614,0.0271112268207461
image,SSP2-Base,Business As Usual,AL,Share|ElectricityHV|SolarThermal,share,0.082535791107178,0.0295501615006469
image,SSP2-Base,Business As Usual,AL,Share|ElectricityHV|SolarPVOpen,share,0.0114078381647773,0.017200958605763
image,SSP2-Base,Business As Usual,AL,Share|ElectricityHV|Hydrogen,share,0.0358305039010691,0.0254496614853501
image,SSP2-Base,Business As Usual,AL,Share|ElectricityHV|BatteryHydro,share,0.193039752619533,0.1641571857205743
image,SSP2-Base,Business As Usual,AL,Share|ElectricityHV|ImportsES,share,0.0,0.0
image,SSP2-Base,Business As Usual,AL,Share|ElectricityHV|ImportsBG,share,0.0,0.0
image,SSP2-Base,Business As Usual,AL,Share|ElectricityHV|ImportsSE,share,0.0,0.0
image,SSP2-Base,Business As Usual,AL,Share|ElectricityHV|ImportsAT,share,0.0,0.0
image,SSP2-Base,Business As Usual,AL,Share|ElectricityHV|ImportsMK,share,0.0,0.0
image,SSP2-Base,Business As Usual,AL,Share|ElectricityHV|ImportsMD,share,0.0,0.0
image,SSP2-Base,Business As Usual,AL,Share|ElectricityHV|ImportsHR,share,0.0,0.0
image,SSP2-Base,Business As Usual,AL,Share|ElectricityHV|ImportsXK,share,0.0,0.0
image,SSP2-Base,Business As Usual,AL,Share|ElectricityHV|ImportsLU,share,0.0,0.0
image,SSP2-Base,Business As Usual,AL,Share|ElectricityHV|ImportsGR,share,0.0,0.0
image,SSP2-Base,Business As Usual,AL,Share|ElectricityHV|ImportsIS,share,0.0,0.0
image,SSP2-Base,Business As Usual,AL,Share|ElectricityHV|ImportsBA,share,0.0,0.0
image,SSP2-Base,Business As Usual,AL,Share|ElectricityHV|ImportsEE,share,0.0,0.0
image,SSP2-Base,Business As Usual,AL,Share|ElectricityHV|ImportsSK,share,0.0,0.0
image,SSP2-Base,Business As Usual,AL,Share|ElectricityHV|ImportsME,share,0.0,0.0
image,SSP2-Base,Business As Usual,AL,Share|ElectricityHV|ImportsLT,share,0.0021391838199145,0.0111860502140542
image,SSP2-Base,Business As Usual,AL,Share|ElectricityHV|ImportsSI,share,0.0,0.0
image,SSP2-Base,Business As Usual,AL,Share|ElectricityHV|ImportsIE,share,0.0,0.0
image,SSP2-Base,Business As Usual,AL,Share|ElectricityHV|ImportsBE,share,0.0,0.0
image,SSP2-Base,Business As Usual,AL,Share|ElectricityHV|ImportsRS,share,0.0,0.0
image,SSP2-Base,Business As Usual,AL,Share|ElectricityHV|ImportsRO,share,0.0,0.0
image,SSP2-Base,Business As Usual,AL,Share|ElectricityHV|ImportsNL,share,0.0,0.0
image,SSP2-Base,Business As Usual,AL,Share|ElectricityHV|ImportsUA,share,0.0,0.0
image,SSP2-Base,Business As Usual,AL,Share|ElectricityHV|ImportsPL,share,0.0,0.0
image,SSP2-Base,Business As Usual,AL,Share|ElectricityHV|ImportsFR,share,0.0040665178779167,0.0091833212218074
image,SSP2-Base,Business As Usual,AL,Share|ElectricityHV|ImportsGB,share,0.0,0.0
image,SSP2-Base,Business As Usual,AL,Share|ElectricityHV|ImportsNO,share,0.0,0.0
image,SSP2-Base,Business As Usual,AL,Share|ElectricityHV|ImportsCZ,share,0.0,0.0
image,SSP2-Base,Business As Usual,AL,Share|ElectricityHV|ImportsMT,share,0.0,0.0
image,SSP2-Base,Business As Usual,AL,Share|ElectricityHV|ImportsDK,share,0.0,0.0
image,SSP2-Base,Business As Usual,AL,Share|ElectricityHV|ImportsIT,share,0.0010515223798473,0.0031694029100165
image,SSP2-Base,Business As Usual,AL,Share|ElectricityHV|ImportsLV,share,0.0,0.0
image,SSP2-Base,Business As Usual,AL,Share|ElectricityHV|ImportsDE,share,0.0,0.0
image,SSP2-Base,Business As Usual,AL,Share|ElectricityHV|ImportsPT,share,0.0,0.0
image,SSP2-Base,Business As Usual,AL,Share|ElectricityHV|ImportsFI,share,0.0,0.0
image,SSP2-Base,Business As Usual,AL,Share|ElectricityHV|ImportsBY,share,0.0,0.0
image,SSP2-Base,Business As Usual,AL,Share|ElectricityHV|ImportsGI,share,0.0,0.0
image,SSP2-Base,Business As Usual,AL,Share|ElectricityHV|ImportsAL,share,0.0,0.0
image,SSP2-Base,Business As Usual,AL,Share|ElectricityHV|ImportsHU,share,0.0,0.0
image,SSP2-Base,Business As Usual,AL,Share|ElectricityHV|ImportsCH,share,0.0,0.0
image,SSP2-Base,Business As Usual,AL,Share|ElectricityMV|TransformationHVMV,share,0.8,0.0795002141194931
image,SSP2-Base,Business As Usual,AL,Share|ElectricityMV|SolarPVRoofCommercial,share,0.1,0.8358030715818859
image,SSP2-Base,Business As Usual,AL,Share|ElectricityMV|Waste,share,0.0999999999999999,0.084696714298621
image,SSP2-Base,Business As Usual,AL,Share|ElectricityLV|TransformationMVLV,share,0.8303824766224555,0.7800776515327247
image,SSP2-Base,Business As Usual,AL,Share|ElectricityLV|BatteryChemical,share,0.0696175233775445,0.2
image,SSP2-Base,Business As Usual,AL,Share|ElectricityLV|SolarPVRoofResidential,share,0.1,0.0199223484672753
image,SSP2-Base,Business As Usual,HU,Share|ElectricityHV|Coal,share,0.1089492649139605,0.0052166915260235
image,SSP2-Base,Business As Usual,HU,Share|ElectricityHV|CombinedCycle,share,0.0501001008045046,0.0022516814869232
image,SSP2-Base,Business As Usual,HU,Share|ElectricityHV|GasTurbine,share,0.0134280309813086,3.28946752359568e-05
image,SSP2-Base,Business As Usual,HU,Share|ElectricityHV|CogenerationGas,share,0.0581962795209128,0.0006038802947759
image,SSP2-Base,Business As Usual,HU,Share|ElectricityHV|Nuclear,share,0.1695420789924899,0.0028653365359709
image,SSP2-Base,Business As Usual,HU,Share|ElectricityHV|Oil,share,0.0697390965202022,0.0056593967192504
image,SSP2-Base,Business As Usual,HU,Share|ElectricityHV|Geothermal,share,0.011124346556149,0.0327200649822798
image,SSP2-Base,Business As Usual,HU,Share|ElectricityHV|HydroRunofRiver,share,0.0081495998372977,0.0892770224509483
image,SSP2-Base,Business As Usual,HU,Share|ElectricityHV|HydroReservoir,share,0.0524401903746334,0.0336156611063621
image,SSP2-Base,Business As Usual,HU,Share|ElectricityHV|Biomass,share,0.0005311041487426,0.0557714836874525
image,SSP2-Base,Business As Usual,HU,Share|ElectricityHV|Biogas,share,0.1019529541215141,0.0284075390425031
image,SSP2-Base,Business As Usual,HU,Share|ElectricityHV|WindOnshore,share,0.0041570420020769,0.0953901781709755
image,SSP2-Base,Business As Usual,HU,Share|ElectricityHV|WindOffshore,share,0.0337016691236643,0.1366618371422985
image,SSP2-Base,Business As Usual,HU,Share|ElectricityHV|SolarThermal,share,0.0519304714406855,0.1281111389137118
image,SSP2-Base,Business As Usual,HU,Share|ElectricityHV|SolarPVOpen,share,0.014060951603754,0.3317438722628174
image,SSP2-Base,Business As Usual,HU,Share|ElectricityHV|Hydrogen,share,0.1619628795281218,0.0007199794852425
image,SSP2-Base,Business As Usual,HU,Share|ElectricityHV|BatteryHydro,share,0.0610432383812314,0.0483012022406505
image,SSP2-Base,Business As Usual,HU,Share|ElectricityHV|ImportsES,share,0.0,0.0
image,SSP2-Base,Business As Usual,HU,Share|ElectricityHV|ImportsBG,share,0.0,0.0
image,SSP2-Base,Business As Usual,HU,Share|ElectricityHV|ImportsSE,share,0.0,0.0
image,SSP2-Base,Business As Usual,HU,Share|ElectricityHV|ImportsAT,share,0.0,0.0
image,SSP2-Base,Business As Usual,HU,Share|ElectricityHV|ImportsMK,share,0.0,0.0
image,SSP2-Base,Business As Usual,HU,Share|ElectricityHV|ImportsMD,share,0.0,0.0
image,SSP2-Base,Business As Usual,HU,Share|ElectricityHV|ImportsHR,share,0.0,0.0
image,SSP2-Base,Business As Usual,HU,Share|ElectricityHV|ImportsXK,share,0.0051376955565966,2.114653705802073e-05
image,SSP2-Base,Business As Usual,HU,Share|ElectricityHV|ImportsLU,share,0.0,0.0
image,SSP2-Base,Business As Usual,HU,Share|ElectricityHV|ImportsGR,share,0.0,0.0
image,SSP2-Base,Business As Usual,HU,Share|ElectricityHV|ImportsIS,share,0.0,0.0
image,SSP2-Base,Business As Usual,HU,Share|ElectricityHV|ImportsBA,share,0.0,0.0
image,SSP2-Base,Business As Usual,HU,Share|ElectricityHV|ImportsEE,share,0.0,0.0
image,SSP2-Base,Business As Usual,HU,Share|ElectricityHV|ImportsSK,share,0.0,0.0
image,SSP2-Base,Business As Usual,HU,Share|ElectricityHV|ImportsME,share,0.0,0.0
image,SSP2-Base,Business As Usual,HU,Share|ElectricityHV|ImportsLT,share,0.0,0.0
image,SSP2-Base,Business As Usual,HU,Share|ElectricityHV|ImportsSI,share,0.0,0.0
image,SSP2-Base,Business As Usual,HU,Share|ElectricityHV|ImportsIE,share,0.0,0.0
image,SSP2-Base,Business As Usual,HU,Share|ElectricityHV|ImportsBE,share,0.0,0.0
image,SSP2-Base,Business As Usual,HU,Share|ElectricityHV|ImportsRS,share,0.0,0.0
image,SSP2-Base,Business As Usual,HU,Share|ElectricityHV|ImportsRO,share,0.0,0.0
image,SSP2-Base,Business As Usual,HU,Share|ElectricityHV|ImportsNL,share,0.0,0.0
image,SSP2-Base,Business As Usual,HU,Share|ElectricityHV|ImportsUA,share,0.0,0.0
image,SSP2-Base,Business As Usual,HU,Share|ElectricityHV|ImportsPL,share,0.0002841556316388,0.0018114001999655
image,SSP2-Base,Business As Usual,HU,Share|ElectricityHV|ImportsFR,share,0.0,0.0
image,SSP2-Base,Business As Usual,HU,Share|ElectricityHV|ImportsGB,share,0.0,0.0
image,SSP2-Base,Business As Usual,HU,Share|ElectricityHV|ImportsNO,share,0.0,0.0
image,SSP2-Base,Business As Usual,HU,Share|ElectricityHV|ImportsCZ,share,0.0,0.0
image,SSP2-Base,Business As Usual,HU,Share|ElectricityHV|ImportsMT,share,0.0,0.0
image,SSP2-Base,Business As Usual,HU,Share|ElectricityHV|ImportsDK,share,0.0,0.0
image,SSP2-Base,Business As Usual,HU,Share|ElectricityHV|ImportsIT,share,0.0,0.0
image,SSP2-Base,Business As Usual,HU,Share|ElectricityHV|ImportsLV,share,0.0,0.0
image,SSP2-Base,Business As Usual,HU,Share|ElectricityHV|ImportsDE,share,0.0,0.0
image,SSP2-Base,Business As Usual,HU,Share|ElectricityHV|ImportsPT,share,0.0,0.0
image,SSP2-Base,Business As Usual,HU,Share|ElectricityHV|ImportsFI,share,0.0,0.0
image,SSP2-Base,Business As Usual,HU,Share|ElectricityHV|ImportsBY,share,0.0,0.0
image,SSP2-Base,Business As Usual,HU,Share|ElectricityHV|ImportsGI,share,0.0235688499605143,0.0008175925395537
image,SSP2-Base,Business As Usual,HU,Share|ElectricityHV|ImportsAL,share,0.0,0.0
image,SSP2-Base,Business As Usual,HU,Share|ElectricityHV|ImportsHU,share,0.0,0.0
image,SSP2-Base,Business As Usual,HU,Share|ElectricityHV|ImportsCH,share,0.0,0.0
image,SSP2-Base,Business As Usual,HU,Share|ElectricityMV|TransformationHVMV,share,0.8037680166064961,0.6508798047249834
image,SSP2-Base,Business As Usual,HU,Share|ElectricityMV|SolarPVRoofCommercial,share,0.1,0.2491201952750166
image,SSP2-Base,Business As Usual,HU,Share|ElectricityMV|Waste,share,0.0962319833935039,0.1
image,SSP2-Base,Business As Usual,HU,Share|ElectricityLV|TransformationMVLV,share,0.8102517938745508,0.6626009208973176
image,SSP2-Base,Business As Usual,HU,Share|ElectricityLV|BatteryChemical,share,0.089748206125449,0.1873990791026825
image,SSP2-Base,Business As Usual,HU,Share|ElectricityLV|SolarPVRoofResidential,share,0.1,0.15
image,SSP2-Base,Business As Usual,CH,Share|ElectricityHV|Coal,share,0.0804117141163279,0.0171244768227111
image,SSP2-Base,Business As Usual,CH,Share|ElectricityHV|CombinedCycle,share,0.034479357557171,0.0117800315016901
image,SSP2-Base,Business As Usual,CH,Share|ElectricityHV|GasTurbine,share,0.026166674550241,0.0648775695133201
image,SSP2-Base,Business As Usual,CH,Share|ElectricityHV|CogenerationGas,share,0.0217046782196901,0.0094181271638753
image,SSP2-Base,Business As Usual,CH,Share|ElectricityHV|Nuclear,share,0.1689498647059053,0.0064456729101752
image,SSP2-Base,Business As Usual,CH,Share|ElectricityHV|Oil,share,0.0096515618856586,0.0159942410690105
image,SSP2-Base,Business As Usual,CH,Share|ElectricityHV|Geothermal,share,0.0487321493481612,0.094487235268697
image,SSP2-Base,Business As Usual,CH,Share|ElectricityHV|HydroRunofRiver,share,0.0486920538376658,0.1017841700816896
image,SSP2-Base,Business As Usual,CH,Share|ElectricityHV|HydroReservoir,share,0.0678394227478151,0.1008163522777728
image,SSP2-Base,Business As Usual,CH,Share|ElectricityHV|Biomass,share,0.0211837082085047,0.0758017204497116
image,SSP2-Base,Business As Usual,CH,Share|ElectricityHV|Biogas,share,0.1115929042695638,0.0701645246861007
image,SSP2-Base,Business As Usual,CH,Share|ElectricityHV|WindOnshore,share,0.0696668950438364,0.1312550955396335
image,SSP2-Base,Business As Usual,CH,Share|ElectricityHV|WindOffshore,share,0.0203511606106085,0.0208702065183081
image,SSP2-Base,Business As Usual,CH,Share|ElectricityHV|SolarThermal,share,0.0135167575902798,0.0297664499660597
image,SSP2-Base,Business As Usual,CH,Share|ElectricityHV|SolarPVOpen,share,0.028400939113076,0.0072515691985032
image,SSP2-Base,Business As Usual,CH,Share|ElectricityHV|Hydrogen,share,0.035600054761817,0.0046700838391695
image,SSP2-Base,Business As Usual,CH,Share|ElectricityHV|BatteryHydro,share,0.0107704268596939,0.1878056864929152
image,SSP2-Base,Business As Usual,CH,Share|ElectricityHV|ImportsES,share,0.0,0.0
image,SSP2-Base,Business As Usual,CH,Share|ElectricityHV|ImportsBG,share,0.0,0.0
image,SSP2-Base,Business As Usual,CH,Share|ElectricityHV|ImportsSE,share,0.0,0.0
image,SSP2-Base,Business As Usual,CH,Share|ElectricityHV|ImportsAT,share,0.0,0.0
image,SSP2-Base,Business As Usual,CH,Share|ElectricityHV|ImportsMK,share,0.0,0.0
image,SSP2-Base,Business As Usual,CH,Share|ElectricityHV|ImportsMD,share,0.0,0.0
image,SSP2-Base,Business As Usual,CH,Share|ElectricityHV|ImportsHR,share,0.0,0.0
image,SSP2-Base,Business As Usual,CH,Share|ElectricityHV|ImportsXK,share,0.0,0.0
image,SSP2-Base,Business As Usual,CH,Share|ElectricityHV|ImportsLU,share,0.0,0.0
image,SSP2-Base,Business As Usual,CH,Share|ElectricityHV|ImportsGR,share,0.0,0.0
image,SSP2-Base,Business As Usual,CH,Share|ElectricityHV|ImportsIS,share,0.0,0.0
image,SSP2-Base,Business As Usual,CH,Share|ElectricityHV|ImportsBA,share,0.0,0.0
image,SSP2-Base,Business As Usual,CH,Share|ElectricityHV|ImportsEE,share,0.0158701505458289,0.0219534638342035
image,SSP2-Base,Business As Usual,CH,Share|ElectricityHV|ImportsSK,share,0.0,0.0
image,SSP2-Base,Business As Usual,CH,Share|ElectricityHV|ImportsME,share,0.0,0.0
image,SSP2-Base,Business As Usual,CH,Share|ElectricityHV|ImportsLT,share,0.0,0.0
image,SSP2-Base,Business As Usual,CH,Share|ElectricityHV|ImportsSI,share,0.0,0.0
image,SSP2-Base,Business As Usual,CH,Share|ElectricityHV|ImportsIE,share,0.0,0.0
image,SSP2-Base,Business As Usual,CH,Share|ElectricityHV|ImportsBE,share,0.0,0.0
image,SSP2-Base,Business As Usual,CH,Share|ElectricityHV|ImportsRS,share,0.0,0.0
image,SSP2-Base,Business As Usual,CH,Share|ElectricityHV|ImportsRO,share,0.0,0.0
image,SSP2-Base,Business As Usual,CH,Share|ElectricityHV|ImportsNL,share,0.0,0.0
image,SSP2-Base,Business As Usual,CH,Share|ElectricityHV|ImportsUA,share,0.0,0.0
image,SSP2-Base,Business As Usual,CH,Share|ElectricityHV|ImportsPL,share,0.0,0.0
image,SSP2-Base,Business As Usual,CH,Share|ElectricityHV|ImportsFR,share,0.0,0.0
image,SSP2-Base,Business As Usual,CH,Share|ElectricityHV|ImportsGB,share,0.1015593866662579,0.0058836424182352
image,SSP2-Base,Business As Usual,CH,Share|ElectricityHV|ImportsNO,share,0.0648601393618961,0.0218496804482169
image,SSP2-Base,Business As Usual,CH,Share|ElectricityHV|ImportsCZ,share,0.0,0.0
image,SSP2-Base,Business As Usual,CH,Share|ElectricityHV|ImportsMT,share,0.0,0.0
image,SSP2-Base,Business As Usual,CH,Share|ElectricityHV|ImportsDK,share,0.0,0.0
image,SSP2-Base,Business As Usual,CH,Share|ElectricityHV|ImportsIT,share,0.0,0.0
image,SSP2-Base,Business As Usual,CH,Share|ElectricityHV|ImportsLV,share,0.0,0.0
image,SSP2-Base,Business As Usual,CH,Share|ElectricityHV|ImportsDE,share,0.0,0.0
image,SSP2-Base,Business As Usual,CH,Share|ElectricityHV|ImportsPT,share,0.0,0.0
image,SSP2-Base,Business As Usual,CH,Share|ElectricityHV|ImportsFI,share,0.0,0.0
image,SSP2-Base,Business As Usual,CH,Share|ElectricityHV|ImportsBY,share,0.0,0.0
image,SSP2-Base,Business As Usual,CH,Share|ElectricityHV|ImportsGI,share,0.0,0.0
image,SSP2-Base,Business As Usual,CH,Share|ElectricityHV|ImportsAL,share,0.0,0.0
image,SSP2-Base,Business As Usual,CH,Share|ElectricityHV|ImportsHU,share,0.0,0.0
image,SSP2-Base,Business As Usual,CH,Share|ElectricityHV|ImportsCH,share,0.0,0.0
image,SSP2-Base,Business As Usual,CH,Share|ElectricityMV|TransformationHVMV,share,0.8,0.600402742273992
image,SSP2-Base,Business As Usual,CH,Share|ElectricityMV|SolarPVRoofCommercial,share,0.1,0.299597257726008
image,SSP2-Base,Business As Usual,CH,Share|ElectricityMV|Waste,share,0.1,0.1
image,SSP2-Base,Business As Usual,CH,Share|ElectricityLV|TransformationMVLV,share,0.8449415062317432,0.747007587031687
image,SSP2-Base,Business As Usual,CH,Share|ElectricityLV|BatteryChemical,share,0.0550584937682567,0.1029924129683129
image,SSP2-Base,Business As Usual,CH,Share|ElectricityLV|SolarPVRoofResidential,share,0.0999999999999999,0.15
image,SSP2-Base,Business As Usual,ES,Share|ElectricityHV|ImportsRU,share,0.0,0.0
image,SSP2-Base,Business As Usual,ES,Share|ElectricityHV|ImportsTR,share,0.0,0.0
image,SSP2-Base,Business As Usual,ES,Share|ElectricityHV|ImportsMA,share,0.0,0.0
image,SSP2-Base,Business As Usual,BG,Share|ElectricityHV|ImportsRU,share,0.0,0.0
image,SSP2-Base,Business As Usual,BG,Share|ElectricityHV|ImportsTR,share,0.0,0.0
image,SSP2-Base,Business As Usual,BG,Share|ElectricityHV|ImportsMA,share,0.0,0.0
image,SSP2-Base,Business As Usual,SE,Share|ElectricityHV|ImportsRU,share,0.0,0.0
image,SSP2-Base,Business As Usual,SE,Share|ElectricityHV|ImportsTR,share,0.0,0.0
image,SSP2-Base,Business As Usual,SE,Share|ElectricityHV|ImportsMA,share,0.0,0.0
image,SSP2-Base,Business As Usual,AT,Share|ElectricityHV|ImportsRU,share,0.0,0.0
image,SSP2-Base,Business As Usual,AT,Share|ElectricityHV|ImportsTR,share,0.0,0.0
image,SSP2-Base,Business As Usual,AT,Share|ElectricityHV|ImportsMA,share,0.0,0.0
image,SSP2-Base,Business As Usual,MK,Share|ElectricityHV|ImportsRU,share,0.0,0.0
image,SSP2-Base,Business As Usual,MK,Share|ElectricityHV|ImportsTR,share,0.0,0.0
image,SSP2-Base,Business As Usual,MK,Share|ElectricityHV|ImportsMA,share,0.0,0.0
image,SSP2-Base,Business As Usual,MD,Share|ElectricityHV|ImportsRU,share,0.0,0.0
image,SSP2-Base,Business As Usual,MD,Share|ElectricityHV|ImportsTR,share,0.0,0.0
image,SSP2-Base,Business As Usual,MD,Share|ElectricityHV|ImportsMA,share,0.0,0.0
image,SSP2-Base,Business As Usual,HR,Share|ElectricityHV|ImportsRU,share,0.0,0.0
image,SSP2-Base,Business As Usual,HR,Share|ElectricityHV|ImportsTR,share,0.0,0.0
image,SSP2-Base,Business As Usual,HR,Share|ElectricityHV|ImportsMA,share,0.0,0.0
image,SSP2-Base,Business As Usual,XK,Share|ElectricityHV|ImportsRU,share,0.0,0.0
image,SSP2-Base,Business As Usual,XK,Share|ElectricityHV|ImportsTR,share,0.0,0.0
image,SSP2-Base,Business As Usual,XK,Share|ElectricityHV|ImportsMA,share,0.0,0.0
image,SSP2-Base,Business As Usual,LU,Share|ElectricityHV|ImportsRU,share,0.0,0.0
image,SSP2-Base,Business As Usual,LU,Share|ElectricityHV|ImportsTR,share,0.0,0.0
image,SSP2-Base,Business As Usual,LU,Share|ElectricityHV|ImportsMA,share,0.0,0.0
image,SSP2-Base,Business As Usual,GR,Share|ElectricityHV|ImportsRU,share,0.0,0.0
image,SSP2-Base,Business As Usual,GR,Share|ElectricityHV|ImportsTR,share,0.0,0.0
image,SSP2-Base,Business As Usual,GR,Share|ElectricityHV|ImportsMA,share,0.0,0.0
image,SSP2-Base,Business As Usual,IS,Share|ElectricityHV|ImportsRU,share,0.0,0.0
image,SSP2-Base,Business As Usual,IS,Share|ElectricityHV|ImportsTR,share,0.0,0.0
image,SSP2-Base,Business As Usual,IS,Share|ElectricityHV|ImportsMA,share,0.0,0.0
image,SSP2-Base,Business As Usual,BA,Share|ElectricityHV|ImportsRU,share,0.0,0.0
image,SSP2-Base,Business As Usual,BA,Share|ElectricityHV|ImportsTR,share,0.0,0.0
image,SSP2-Base,Business As Usual,BA,Share|ElectricityHV|ImportsMA,share,0.0,0.0
image,SSP2-Base,Business As Usual,EE,Share|ElectricityHV|ImportsRU,share,0.0,0.0
image,SSP2-Base,Business As Usual,EE,Share|ElectricityHV|ImportsTR,share,0.0,0.0
image,SSP2-Base,Business As Usual,EE,Share|ElectricityHV|ImportsMA,share,0.0,0.0
image,SSP2-Base,Business As Usual,SK,Share|ElectricityHV|ImportsRU,share,0.0,0.0
image,SSP2-Base,Business As Usual,SK,Share|ElectricityHV|ImportsTR,share,0.0,0.0
image,SSP2-Base,Business As Usual,SK,Share|ElectricityHV|ImportsMA,share,0.0,0.0
image,SSP2-Base,Business As Usual,ME,Share|ElectricityHV|ImportsRU,share,0.0,0.0
image,SSP2-Base,Business As Usual,ME,Share|ElectricityHV|ImportsTR,share,0.0,0.0
image,SSP2-Base,Business As Usual,ME,Share|ElectricityHV|ImportsMA,share,0.0,0.0
image,SSP2-Base,Business As Usual,LT,Share|ElectricityHV|ImportsRU,share,0.0,0.0
image,SSP2-Base,Business As Usual,LT,Share|ElectricityHV|ImportsTR,share,0.0,0.0
image,SSP2-Base,Business As Usual,LT,Share|ElectricityHV|ImportsMA,share,0.0,0.0
image,SSP2-Base,Business As Usual,SI,Share|ElectricityHV|ImportsRU,share,0.0,0.0
image,SSP2-Base,Business As Usual,SI,Share|ElectricityHV|ImportsTR,share,0.0,0.0
image,SSP2-Base,Business As Usual,SI,Share|ElectricityHV|ImportsMA,share,0.0,0.0
image,SSP2-Base,Business As Usual,IE,Share|ElectricityHV|ImportsRU,share,0.0,0.0
image,SSP2-Base,Business As Usual,IE,Share|ElectricityHV|ImportsTR,share,0.0,0.0
image,SSP2-Base,Business As Usual,IE,Share|ElectricityHV|ImportsMA,share,0.0,0.0
image,SSP2-Base,Business As Usual,BE,Share|ElectricityHV|ImportsRU,share,0.0,0.0
image,SSP2-Base,Business As Usual,BE,Share|ElectricityHV|ImportsTR,share,0.0,0.0
image,SSP2-Base,Business As Usual,BE,Share|ElectricityHV|ImportsMA,share,0.0,0.0
image,SSP2-Base,Business As Usual,RS,Share|ElectricityHV|ImportsRU,share,0.0,0.0
image,SSP2-Base,Business As Usual,RS,Share|ElectricityHV|ImportsTR,share,0.0,0.0
image,SSP2-Base,Business As Usual,RS,Share|ElectricityHV|ImportsMA,share,0.0,0.0
image,SSP2-Base,Business As Usual,RO,Share|ElectricityHV|ImportsRU,share,0.0,0.0
image,SSP2-Base,Business As Usual,RO,Share|ElectricityHV|ImportsTR,share,0.0,0.0
image,SSP2-Base,Business As Usual,RO,Share|ElectricityHV|ImportsMA,share,0.0,0.0
image,SSP2-Base,Business As Usual,NL,Share|ElectricityHV|ImportsRU,share,0.0,0.0
image,SSP2-Base,Business As Usual,NL,Share|ElectricityHV|ImportsTR,share,0.0,0.0
image,SSP2-Base,Business As Usual,NL,Share|ElectricityHV|ImportsMA,share,0.0,0.0
image,SSP2-Base,Business As Usual,UA,Share|ElectricityHV|ImportsRU,share,0.0,0.0
image,SSP2-Base,Business As Usual,UA,Share|ElectricityHV|ImportsTR,share,0.0,0.0
image,SSP2-Base,Business As Usual,UA,Share|ElectricityHV|ImportsMA,share,0.0,0.0
image,SSP2-Base,Business As Usual,PL,Share|ElectricityHV|ImportsRU,share,0.0,0.0
image,SSP2-Base,Business As Usual,PL,Share|ElectricityHV|ImportsTR,share,0.0,0.0
image,SSP2-Base,Business As Usual,PL,Share|ElectricityHV|ImportsMA,share,0.0,0.0
image,SSP2-Base,Business As Usual,FR,Share|ElectricityHV|ImportsRU,share,0.0,0.0
image,SSP2-Base,Business As Usual,FR,Share|ElectricityHV|ImportsTR,share,0.0,0.0
image,SSP2-Base,Business As Usual,FR,Share|ElectricityHV|ImportsMA,share,0.0,0.0
image,SSP2-Base,Business As Usual,GB,Share|ElectricityHV|ImportsRU,share,0.0,0.0
image,SSP2-Base,Business As Usual,GB,Share|ElectricityHV|ImportsTR,share,0.0,0.0
image,SSP2-Base,Business As Usual,GB,Share|ElectricityHV|ImportsMA,share,0.0,0.0
image,SSP2-Base,Business As Usual,NO,Share|ElectricityHV|ImportsRU,share,0.0,0.0
image,SSP2-Base,Business As Usual,NO,Share|ElectricityHV|ImportsTR,share,0.0,0.0
image,SSP2-Base,Business As Usual,NO,Share|ElectricityHV|ImportsMA,share,0.0,0.0
image,SSP2-Base,Business As Usual,CZ,Share|ElectricityHV|ImportsRU,share,0.0,0.0
image,SSP2-Base,Business As Usual,CZ,Share|ElectricityHV|ImportsTR,share,0.0,0.0
image,SSP2-Base,Business As Usual,CZ,Share|ElectricityHV|ImportsMA,share,0.0,0.0
image,SSP2-Base,Business As Usual,MT,Share|ElectricityHV|ImportsRU,share,0.0,0.0
image,SSP2-Base,Business As Usual,MT,Share|ElectricityHV|ImportsTR,share,0.0,0.0
image,SSP2-Base,Business As Usual,MT,Share|ElectricityHV|ImportsMA,share,0.0,0.0
image,SSP2-Base,Business As Usual,DK,Share|ElectricityHV|ImportsRU,share,0.0,0.0
image,SSP2-Base,Business As Usual,DK,Share|ElectricityHV|ImportsTR,share,0.0,0.0
image,SSP2-Base,Business As Usual,DK,Share|ElectricityHV|ImportsMA,share,0.0,0.0
image,SSP2-Base,Business As Usual,IT,Share|ElectricityHV|ImportsRU,share,0.0,0.0
image,SSP2-Base,Business As Usual,IT,Share|ElectricityHV|ImportsTR,share,0.0,0.0
image,SSP2-Base,Business As Usual,IT,Share|ElectricityHV|ImportsMA,share,0.0,0.0
image,SSP2-Base,Business As Usual,LV,Share|ElectricityHV|ImportsRU,share,0.0,0.0
image,SSP2-Base,Business As Usual,LV,Share|ElectricityHV|ImportsTR,share,0.0,0.0
image,SSP2-Base,Business As Usual,LV,Share|ElectricityHV|ImportsMA,share,0.0,0.0
image,SSP2-Base,Business As Usual,DE,Share|ElectricityHV|ImportsRU,share,0.0,0.0
image,SSP2-Base,Business As Usual,DE,Share|ElectricityHV|ImportsTR,share,0.0,0.0
image,SSP2-Base,Business As Usual,DE,Share|ElectricityHV|ImportsMA,share,0.0,0.0
image,SSP2-Base,Business As Usual,PT,Share|ElectricityHV|ImportsRU,share,0.0,0.0
image,SSP2-Base,Business As Usual,PT,Share|ElectricityHV|ImportsTR,share,0.0,0.0
image,SSP2-Base,Business As Usual,PT,Share|ElectricityHV|ImportsMA,share,0.0,0.0
image,SSP2-Base,Business As Usual,FI,Share|ElectricityHV|ImportsRU,share,0.0,0.0
image,SSP2-Base,Business As Usual,FI,Share|ElectricityHV|ImportsTR,share,0.0,0.0
image,SSP2-Base,Business As Usual,FI,Share|ElectricityHV|ImportsMA,share,0.0,0.0
image,SSP2-Base,Business As Usual,BY,Share|ElectricityHV|ImportsRU,share,0.0,0.0
image,SSP2-Base,Business As Usual,BY,Share|ElectricityHV|ImportsTR,share,0.0,0.0
image,SSP2-Base,Business As Usual,BY,Share|ElectricityHV|ImportsMA,share,0.0,0.0
image,SSP2-Base,Business As Usual,GI,Share|ElectricityHV|ImportsRU,share,0.0,0.0
image,SSP2-Base,Business As Usual,GI,Share|ElectricityHV|ImportsTR,share,0.0,0.0
image,SSP2-Base,Business As Usual,GI,Share|ElectricityHV|ImportsMA,share,0.0,0.0
image,SSP2-Base,Business As Usual,AL,Share|ElectricityHV|ImportsRU,share,0.0,0.0
image,SSP2-Base,Business As Usual,AL,Share|ElectricityHV|ImportsTR,share,0.0,0.0
image,SSP2-Base,Business As Usual,AL,Share|ElectricityHV|ImportsMA,share,0.0,0.0
image,SSP2-Base,Business As Usual,HU,Share|ElectricityHV|ImportsRU,share,0.0,0.0
image,SSP2-Base,Business As Usual,HU,Share|ElectricityHV|ImportsTR,share,0.0,0.0
image,SSP2-Base,Business As Usual,HU,Share|ElectricityHV|ImportsMA,share,0.0,0.0
image,SSP2-Base,Business As Usual,CH,Share|ElectricityHV|ImportsRU,share,0.0,0.0
image,SSP2-Base,Business As Usual,CH,Share|ElectricityHV|ImportsTR,share,0.0,0.0
image,SSP2-Base,Business As Usual,CH,Share|ElectricityHV|ImportsMA,share,0.0,0.0
image,SSP2-Base,Business As Usual,AT,Share|Methane|Membrane,share,0.05,0.1
image,SSP2-Base,Business As Usual,AT,Share|Methane|AminoWashing,share,0.05,0.1
image,SSP2-Base,Business As Usual,AT,Share|Methane|AmineScrubbing,share,0.05,0.1
image,SSP2-Base,Business As Usual,AT,Share|Methane|Swing,share,0.05,0.1
image,SSP2-Base,Business As Usual,AT,Share|Methane|SabatierBiological,share,0.025,0.225
image,SSP2-Base,Business As Usual,AT,Share|Methane|SabatierElectrochemical,share,0.025,0.225
image,SSP2-Base,Business As Usual,AT,Share|Methane|FossilOnshore,share,0.35,0.05
image,SSP2-Base,Business As Usual,AT,Share|Methane|FossilOffshore,share,0.15,0.03
image,SSP2-Base,Business As Usual,AT,Share|Methane|ImportGB,share,0.0,0.0
image,SSP2-Base,Business As Usual,AT,Share|Methane|ImportDE,share,0.0,0.0
image,SSP2-Base,Business As Usual,AT,Share|Methane|ImportIT,share,0.0,0.0
image,SSP2-Base,Business As Usual,AT,Share|Methane|ImportFR,share,0.0,0.0
image,SSP2-Base,Business As Usual,AT,Share|Methane|ImportFI,share,0.0,0.0
image,SSP2-Base,Business As Usual,AT,Share|Methane|ImportQA,share,0.0214285714285714,0.0059999999999999
image,SSP2-Base,Business As Usual,AT,Share|Methane|ImportNO,share,0.0535714285714285,0.015
image,SSP2-Base,Business As Usual,AT,Share|Methane|ImportBE,share,0.0,0.0
image,SSP2-Base,Business As Usual,AT,Share|Methane|ImportLY,share,0.0,0.0
image,SSP2-Base,Business As Usual,AT,Share|Methane|ImportRU,share,0.0714285714285714,0.02
image,SSP2-Base,Business As Usual,AT,Share|Methane|ImportDZ,share,0.0214285714285714,0.0059999999999999
image,SSP2-Base,Business As Usual,AT,Share|Methane|ImportNL,share,0.0357142857142857,0.01
image,SSP2-Base,Business As Usual,AT,Share|Methane|ImportTR,share,0.0071428571428571,0.002
image,SSP2-Base,Business As Usual,AT,Share|Methane|ImportUS,share,0.0285714285714285,0.008
image,SSP2-Base,Business As Usual,AT,Share|Methane|ImportNG,share,0.0107142857142857,0.0029999999999999
image,SSP2-Base,Business As Usual,BE,Share|Methane|Membrane,share,0.05,0.1
image,SSP2-Base,Business As Usual,BE,Share|Methane|AminoWashing,share,0.05,0.1
image,SSP2-Base,Business As Usual,BE,Share|Methane|AmineScrubbing,share,0.05,0.1
image,SSP2-Base,Business As Usual,BE,Share|Methane|Swing,share,0.05,0.1
image,SSP2-Base,Business As Usual,BE,Share|Methane|SabatierBiological,share,0.025,0.225
image,SSP2-Base,Business As Usual,BE,Share|Methane|SabatierElectrochemical,share,0.025,0.225
image,SSP2-Base,Business As Usual,BE,Share|Methane|FossilOnshore,share,0.35,0.05
image,SSP2-Base,Business As Usual,BE,Share|Methane|FossilOffshore,share,0.15,0.03
image,SSP2-Base,Business As Usual,BE,Share|Methane|ImportGB,share,0.0,0.0
image,SSP2-Base,Business As Usual,BE,Share|Methane|ImportDE,share,0.0,0.0
image,SSP2-Base,Business As Usual,BE,Share|Methane|ImportIT,share,0.0,0.0
image,SSP2-Base,Business As Usual,BE,Share|Methane|ImportFR,share,0.0,0.0
image,SSP2-Base,Business As Usual,BE,Share|Methane|ImportFI,share,0.0,0.0
image,SSP2-Base,Business As Usual,BE,Share|Methane|ImportQA,share,0.0214285714285714,0.0059999999999999
image,SSP2-Base,Business As Usual,BE,Share|Methane|ImportNO,share,0.0535714285714285,0.015
image,SSP2-Base,Business As Usual,BE,Share|Methane|ImportBE,share,0.0,0.0
image,SSP2-Base,Business As Usual,BE,Share|Methane|ImportLY,share,0.0,0.0
image,SSP2-Base,Business As Usual,BE,Share|Methane|ImportRU,share,0.0714285714285714,0.02
image,SSP2-Base,Business As Usual,BE,Share|Methane|ImportDZ,share,0.0214285714285714,0.0059999999999999
image,SSP2-Base,Business As Usual,BE,Share|Methane|ImportNL,share,0.0357142857142857,0.01
image,SSP2-Base,Business As Usual,BE,Share|Methane|ImportTR,share,0.0071428571428571,0.002
image,SSP2-Base,Business As Usual,BE,Share|Methane|ImportUS,share,0.0285714285714285,0.008
image,SSP2-Base,Business As Usual,BE,Share|Methane|ImportNG,share,0.0107142857142857,0.0029999999999999
image,SSP2-Base,Business As Usual,CH,Share|Methane|Membrane,share,0.05,0.1
image,SSP2-Base,Business As Usual,CH,Share|Methane|AminoWashing,share,0.05,0.1
image,SSP2-Base,Business As Usual,CH,Share|Methane|AmineScrubbing,share,0.05,0.1
image,SSP2-Base,Business As Usual,CH,Share|Methane|Swing,share,0.05,0.1
image,SSP2-Base,Business As Usual,CH,Share|Methane|SabatierBiological,share,0.025,0.225
image,SSP2-Base,Business As Usual,CH,Share|Methane|SabatierElectrochemical,share,0.025,0.225
image,SSP2-Base,Business As Usual,CH,Share|Methane|FossilOnshore,share,0.35,0.05
image,SSP2-Base,Business As Usual,CH,Share|Methane|FossilOffshore,share,0.15,0.03
image,SSP2-Base,Business As Usual,CH,Share|Methane|ImportGB,share,0.0,0.0
image,SSP2-Base,Business As Usual,CH,Share|Methane|ImportDE,share,0.0,0.0
image,SSP2-Base,Business As Usual,CH,Share|Methane|ImportIT,share,0.0,0.0
image,SSP2-Base,Business As Usual,CH,Share|Methane|ImportFR,share,0.0,0.0
image,SSP2-Base,Business As Usual,CH,Share|Methane|ImportFI,share,0.0,0.0
image,SSP2-Base,Business As Usual,CH,Share|Methane|ImportQA,share,0.0214285714285714,0.0059999999999999
image,SSP2-Base,Business As Usual,CH,Share|Methane|ImportNO,share,0.0535714285714285,0.015
image,SSP2-Base,Business As Usual,CH,Share|Methane|ImportBE,share,0.0,0.0
image,SSP2-Base,Business As Usual,CH,Share|Methane|ImportLY,share,0.0,0.0
image,SSP2-Base,Business As Usual,CH,Share|Methane|ImportRU,share,0.0714285714285714,0.02
image,SSP2-Base,Business As Usual,CH,Share|Methane|ImportDZ,share,0.0214285714285714,0.0059999999999999
image,SSP2-Base,Business As Usual,CH,Share|Methane|ImportNL,share,0.0357142857142857,0.01
image,SSP2-Base,Business As Usual,CH,Share|Methane|ImportTR,share,0.0071428571428571,0.002
image,SSP2-Base,Business As Usual,CH,Share|Methane|ImportUS,share,0.0285714285714285,0.008
image,SSP2-Base,Business As Usual,CH,Share|Methane|ImportNG,share,0.0107142857142857,0.0029999999999999
image,SSP2-Base,Business As Usual,CZ,Share|Methane|Membrane,share,0.05,0.1
image,SSP2-Base,Business As Usual,CZ,Share|Methane|AminoWashing,share,0.05,0.1
image,SSP2-Base,Business As Usual,CZ,Share|Methane|AmineScrubbing,share,0.05,0.1
image,SSP2-Base,Business As Usual,CZ,Share|Methane|Swing,share,0.05,0.1
image,SSP2-Base,Business As Usual,CZ,Share|Methane|SabatierBiological,share,0.025,0.225
image,SSP2-Base,Business As Usual,CZ,Share|Methane|SabatierElectrochemical,share,0.025,0.225
image,SSP2-Base,Business As Usual,CZ,Share|Methane|FossilOnshore,share,0.35,0.05
image,SSP2-Base,Business As Usual,CZ,Share|Methane|FossilOffshore,share,0.15,0.03
image,SSP2-Base,Business As Usual,CZ,Share|Methane|ImportGB,share,0.0,0.0
image,SSP2-Base,Business As Usual,CZ,Share|Methane|ImportDE,share,0.0,0.0
image,SSP2-Base,Business As Usual,CZ,Share|Methane|ImportIT,share,0.0,0.0
image,SSP2-Base,Business As Usual,CZ,Share|Methane|ImportFR,share,0.0,0.0
image,SSP2-Base,Business As Usual,CZ,Share|Methane|ImportFI,share,0.0,0.0
image,SSP2-Base,Business As Usual,CZ,Share|Methane|ImportQA,share,0.0214285714285714,0.0059999999999999
image,SSP2-Base,Business As Usual,CZ,Share|Methane|ImportNO,share,0.0535714285714285,0.015
image,SSP2-Base,Business As Usual,CZ,Share|Methane|ImportBE,share,0.0,0.0
image,SSP2-Base,Business As Usual,CZ,Share|Methane|ImportLY,share,0.0,0.0
image,SSP2-Base,Business As Usual,CZ,Share|Methane|ImportRU,share,0.0714285714285714,0.02
image,SSP2-Base,Business As Usual,CZ,Share|Methane|ImportDZ,share,0.0214285714285714,0.0059999999999999
image,SSP2-Base,Business As Usual,CZ,Share|Methane|ImportNL,share,0.0357142857142857,0.01
image,SSP2-Base,Business As Usual,CZ,Share|Methane|ImportTR,share,0.0071428571428571,0.002
image,SSP2-Base,Business As Usual,CZ,Share|Methane|ImportUS,share,0.0285714285714285,0.008
image,SSP2-Base,Business As Usual,CZ,Share|Methane|ImportNG,share,0.0107142857142857,0.0029999999999999
image,SSP2-Base,Business As Usual,DE,Share|Methane|Membrane,share,0.05,0.1
image,SSP2-Base,Business As Usual,DE,Share|Methane|AminoWashing,share,0.05,0.1
image,SSP2-Base,Business As Usual,DE,Share|Methane|AmineScrubbing,share,0.05,0.1
image,SSP2-Base,Business As Usual,DE,Share|Methane|Swing,share,0.05,0.1
image,SSP2-Base,Business As Usual,DE,Share|Methane|SabatierBiological,share,0.025,0.225
image,SSP2-Base,Business As Usual,DE,Share|Methane|SabatierElectrochemical,share,0.025,0.225
image,SSP2-Base,Business As Usual,DE,Share|Methane|FossilOnshore,share,0.35,0.05
image,SSP2-Base,Business As Usual,DE,Share|Methane|FossilOffshore,share,0.15,0.03
image,SSP2-Base,Business As Usual,DE,Share|Methane|ImportGB,share,0.0,0.0
image,SSP2-Base,Business As Usual,DE,Share|Methane|ImportDE,share,0.0,0.0
image,SSP2-Base,Business As Usual,DE,Share|Methane|ImportIT,share,0.0,0.0
image,SSP2-Base,Business As Usual,DE,Share|Methane|ImportFR,share,0.0,0.0
image,SSP2-Base,Business As Usual,DE,Share|Methane|ImportFI,share,0.0,0.0
image,SSP2-Base,Business As Usual,DE,Share|Methane|ImportQA,share,0.0214285714285714,0.0059999999999999
image,SSP2-Base,Business As Usual,DE,Share|Methane|ImportNO,share,0.0535714285714285,0.015
image,SSP2-Base,Business As Usual,DE,Share|Methane|ImportBE,share,0.0,0.0
image,SSP2-Base,Business As Usual,DE,Share|Methane|ImportLY,share,0.0,0.0
image,SSP2-Base,Business As Usual,DE,Share|Methane|ImportRU,share,0.0714285714285714,0.02
image,SSP2-Base,Business As Usual,DE,Share|Methane|ImportDZ,share,0.0214285714285714,0.0059999999999999
image,SSP2-Base,Business As Usual,DE,Share|Methane|ImportNL,share,0.0357142857142857,0.01
image,SSP2-Base,Business As Usual,DE,Share|Methane|ImportTR,share,0.0071428571428571,0.002
image,SSP2-Base,Business As Usual,DE,Share|Methane|ImportUS,share,0.0285714285714285,0.008
image,SSP2-Base,Business As Usual,DE,Share|Methane|ImportNG,share,0.0107142857142857,0.0029999999999999
image,SSP2-Base,Business As Usual,DK,Share|Methane|Membrane,share,0.05,0.1
image,SSP2-Base,Business As Usual,DK,Share|Methane|AminoWashing,share,0.05,0.1
image,SSP2-Base,Business As Usual,DK,Share|Methane|AmineScrubbing,share,0.05,0.1
image,SSP2-Base,Business As Usual,DK,Share|Methane|Swing,share,0.05,0.1
image,SSP2-Base,Business As Usual,DK,Share|Methane|SabatierBiological,share,0.025,0.225
image,SSP2-Base,Business As Usual,DK,Share|Methane|SabatierElectrochemical,share,0.025,0.225
image,SSP2-Base,Business As Usual,DK,Share|Methane|FossilOnshore,share,0.35,0.05
image,SSP2-Base,Business As Usual,DK,Share|Methane|FossilOffshore,share,0.15,0.03
image,SSP2-Base,Business As Usual,DK,Share|Methane|ImportGB,share,0.0,0.0
image,SSP2-Base,Business As Usual,DK,Share|Methane|ImportDE,share,0.0,0.0
image,SSP2-Base,Business As Usual,DK,Share|Methane|ImportIT,share,0.0,0.0
image,SSP2-Base,Business As Usual,DK,Share|Methane|ImportFR,share,0.0,0.0
image,SSP2-Base,Business As Usual,DK,Share|Methane|ImportFI,share,0.0,0.0
image,SSP2-Base,Business As Usual,DK,Share|Methane|ImportQA,share,0.0214285714285714,0.0059999999999999
image,SSP2-Base,Business As Usual,DK,Share|Methane|ImportNO,share,0.0535714285714285,0.015
image,SSP2-Base,Business As Usual,DK,Share|Methane|ImportBE,share,0.0,0.0
image,SSP2-Base,Business As Usual,DK,Share|Methane|ImportLY,share,0.0,0.0
image,SSP2-Base,Business As Usual,DK,Share|Methane|ImportRU,share,0.0714285714285714,0.02
image,SSP2-Base,Business As Usual,DK,Share|Methane|ImportDZ,share,0.0214285714285714,0.0059999999999999
image,SSP2-Base,Business As Usual,DK,Share|Methane|ImportNL,share,0.0357142857142857,0.01
image,SSP2-Base,Business As Usual,DK,Share|Methane|ImportTR,share,0.0071428571428571,0.002
image,SSP2-Base,Business As Usual,DK,Share|Methane|ImportUS,share,0.0285714285714285,0.008
image,SSP2-Base,Business As Usual,DK,Share|Methane|ImportNG,share,0.0107142857142857,0.0029999999999999
image,SSP2-Base,Business As Usual,ES,Share|Methane|Membrane,share,0.05,0.1
image,SSP2-Base,Business As Usual,ES,Share|Methane|AminoWashing,share,0.05,0.1
image,SSP2-Base,Business As Usual,ES,Share|Methane|AmineScrubbing,share,0.05,0.1
image,SSP2-Base,Business As Usual,ES,Share|Methane|Swing,share,0.05,0.1
image,SSP2-Base,Business As Usual,ES,Share|Methane|SabatierBiological,share,0.025,0.225
image,SSP2-Base,Business As Usual,ES,Share|Methane|SabatierElectrochemical,share,0.025,0.225
image,SSP2-Base,Business As Usual,ES,Share|Methane|FossilOnshore,share,0.35,0.05
image,SSP2-Base,Business As Usual,ES,Share|Methane|FossilOffshore,share,0.15,0.03
image,SSP2-Base,Business As Usual,ES,Share|Methane|ImportGB,share,0.0,0.0
image,SSP2-Base,Business As Usual,ES,Share|Methane|ImportDE,share,0.0,0.0
image,SSP2-Base,Business As Usual,ES,Share|Methane|ImportIT,share,0.0,0.0
image,SSP2-Base,Business As Usual,ES,Share|Methane|ImportFR,share,0.0,0.0
image,SSP2-Base,Business As Usual,ES,Share|Methane|ImportFI,share,0.0,0.0
image,SSP2-Base,Business As Usual,ES,Share|Methane|ImportQA,share,0.0214285714285714,0.0059999999999999
image,SSP2-Base,Business As Usual,ES,Share|Methane|ImportNO,share,0.0535714285714285,0.015
image,SSP2-Base,Business As Usual,ES,Share|Methane|ImportBE,share,0.0,0.0
image,SSP2-Base,Business As Usual,ES,Share|Methane|ImportLY,share,0.0,0.0
image,SSP2-Base,Business As Usual,ES,Share|Methane|ImportRU,share,0.0714285714285714,0.02
image,SSP2-Base,Business As Usual,ES,Share|Methane|ImportDZ,share,0.0214285714285714,0.0059999999999999
image,SSP2-Base,Business As Usual,ES,Share|Methane|ImportNL,share,0.0357142857142857,0.01
image,SSP2-Base,Business As Usual,ES,Share|Methane|ImportTR,share,0.0071428571428571,0.002
image,SSP2-Base,Business As Usual,ES,Share|Methane|ImportUS,share,0.0285714285714285,0.008
image,SSP2-Base,Business As Usual,ES,Share|Methane|ImportNG,share,0.0107142857142857,0.0029999999999999
image,SSP2-Base,Business As Usual,FI,Share|Methane|Membrane,share,0.05,0.1
image,SSP2-Base,Business As Usual,FI,Share|Methane|AminoWashing,share,0.05,0.1
image,SSP2-Base,Business As Usual,FI,Share|Methane|AmineScrubbing,share,0.05,0.1
image,SSP2-Base,Business As Usual,FI,Share|Methane|Swing,share,0.05,0.1
image,SSP2-Base,Business As Usual,FI,Share|Methane|SabatierBiological,share,0.025,0.225
image,SSP2-Base,Business As Usual,FI,Share|Methane|SabatierElectrochemical,share,0.025,0.225
image,SSP2-Base,Business As Usual,FI,Share|Methane|FossilOnshore,share,0.35,0.05
image,SSP2-Base,Business As Usual,FI,Share|Methane|FossilOffshore,share,0.15,0.03
image,SSP2-Base,Business As Usual,FI,Share|Methane|ImportGB,share,0.0,0.0
image,SSP2-Base,Business As Usual,FI,Share|Methane|ImportDE,share,0.0,0.0
image,SSP2-Base,Business As Usual,FI,Share|Methane|ImportIT,share,0.0,0.0
image,SSP2-Base,Business As Usual,FI,Share|Methane|ImportFR,share,0.0,0.0
image,SSP2-Base,Business As Usual,FI,Share|Methane|ImportFI,share,0.0,0.0
image,SSP2-Base,Business As Usual,FI,Share|Methane|ImportQA,share,0.0214285714285714,0.0059999999999999
image,SSP2-Base,Business As Usual,FI,Share|Methane|ImportNO,share,0.0535714285714285,0.015
image,SSP2-Base,Business As Usual,FI,Share|Methane|ImportBE,share,0.0,0.0
image,SSP2-Base,Business As Usual,FI,Share|Methane|ImportLY,share,0.0,0.0
image,SSP2-Base,Business As Usual,FI,Share|Methane|ImportRU,share,0.0714285714285714,0.02
image,SSP2-Base,Business As Usual,FI,Share|Methane|ImportDZ,share,0.0214285714285714,0.0059999999999999
image,SSP2-Base,Business As Usual,FI,Share|Methane|ImportNL,share,0.0357142857142857,0.01
image,SSP2-Base,Business As Usual,FI,Share|Methane|ImportTR,share,0.0071428571428571,0.002
image,SSP2-Base,Business As Usual,FI,Share|Methane|ImportUS,share,0.0285714285714285,0.008
image,SSP2-Base,Business As Usual,FI,Share|Methane|ImportNG,share,0.0107142857142857,0.0029999999999999
image,SSP2-Base,Business As Usual,FR,Share|Methane|Membrane,share,0.05,0.1
image,SSP2-Base,Business As Usual,FR,Share|Methane|AminoWashing,share,0.05,0.1
image,SSP2-Base,Business As Usual,FR,Share|Methane|AmineScrubbing,share,0.05,0.1
image,SSP2-Base,Business As Usual,FR,Share|Methane|Swing,share,0.05,0.1
image,SSP2-Base,Business As Usual,FR,Share|Methane|SabatierBiological,share,0.025,0.225
image,SSP2-Base,Business As Usual,FR,Share|Methane|SabatierElectrochemical,share,0.025,0.225
image,SSP2-Base,Business As Usual,FR,Share|Methane|FossilOnshore,share,0.35,0.05
image,SSP2-Base,Business As Usual,FR,Share|Methane|FossilOffshore,share,0.15,0.03
image,SSP2-Base,Business As Usual,FR,Share|Methane|ImportGB,share,0.0,0.0
image,SSP2-Base,Business As Usual,FR,Share|Methane|ImportDE,share,0.0,0.0
image,SSP2-Base,Business As Usual,FR,Share|Methane|ImportIT,share,0.0,0.0
image,SSP2-Base,Business As Usual,FR,Share|Methane|ImportFR,share,0.0,0.0
image,SSP2-Base,Business As Usual,FR,Share|Methane|ImportFI,share,0.0,0.0
image,SSP2-Base,Business As Usual,FR,Share|Methane|ImportQA,share,0.0214285714285714,0.0059999999999999
image,SSP2-Base,Business As Usual,FR,Share|Methane|ImportNO,share,0.0535714285714285,0.015
image,SSP2-Base,Business As Usual,FR,Share|Methane|ImportBE,share,0.0,0.0
image,SSP2-Base,Business As Usual,FR,Share|Methane|ImportLY,share,0.0,0.0
image,SSP2-Base,Business As Usual,FR,Share|Methane|ImportRU,share,0.0714285714285714,0.02
image,SSP2-Base,Business As Usual,FR,Share|Methane|ImportDZ,share,0.0214285714285714,0.0059999999999999
image,SSP2-Base,Business As Usual,FR,Share|Methane|ImportNL,share,0.0357142857142857,0.01
image,SSP2-Base,Business As Usual,FR,Share|Methane|ImportTR,share,0.0071428571428571,0.002
image,SSP2-Base,Business As Usual,FR,Share|Methane|ImportUS,share,0.0285714285714285,0.008
image,SSP2-Base,Business As Usual,FR,Share|Methane|ImportNG,share,0.0107142857142857,0.0029999999999999
image,SSP2-Base,Business As Usual,GR,Share|Methane|Membrane,share,0.05,0.1
image,SSP2-Base,Business As Usual,GR,Share|Methane|AminoWashing,share,0.05,0.1
image,SSP2-Base,Business As Usual,GR,Share|Methane|AmineScrubbing,share,0.05,0.1
image,SSP2-Base,Business As Usual,GR,Share|Methane|Swing,share,0.05,0.1
image,SSP2-Base,Business As Usual,GR,Share|Methane|SabatierBiological,share,0.025,0.225
image,SSP2-Base,Business As Usual,GR,Share|Methane|SabatierElectrochemical,share,0.025,0.225
image,SSP2-Base,Business As Usual,GR,Share|Methane|FossilOnshore,share,0.35,0.05
image,SSP2-Base,Business As Usual,GR,Share|Methane|FossilOffshore,share,0.15,0.03
image,SSP2-Base,Business As Usual,GR,Share|Methane|ImportGB,share,0.0,0.0
image,SSP2-Base,Business As Usual,GR,Share|Methane|ImportDE,share,0.0,0.0
image,SSP2-Base,Business As Usual,GR,Share|Methane|ImportIT,share,0.0,0.0
image,SSP2-Base,Business As Usual,GR,Share|Methane|ImportFR,share,0.0,0.0
image,SSP2-Base,Business As Usual,GR,Share|Methane|ImportFI,share,0.0,0.0
image,SSP2-Base,Business As Usual,GR,Share|Methane|ImportQA,share,0.0214285714285714,0.0059999999999999
image,SSP2-Base,Business As Usual,GR,Share|Methane|ImportNO,share,0.0535714285714285,0.015
image,SSP2-Base,Business As Usual,GR,Share|Methane|ImportBE,share,0.0,0.0
image,SSP2-Base,Business As Usual,GR,Share|Methane|ImportLY,share,0.0,0.0
image,SSP2-Base,Business As Usual,GR,Share|Methane|ImportRU,share,0.0714285714285714,0.02
image,SSP2-Base,Business As Usual,GR,Share|Methane|ImportDZ,share,0.0214285714285714,0.0059999999999999
image,SSP2-Base,Business As Usual,GR,Share|Methane|ImportNL,share,0.0357142857142857,0.01
image,SSP2-Base,Business As Usual,GR,Share|Methane|ImportTR,share,0.0071428571428571,0.002
image,SSP2-Base,Business As Usual,GR,Share|Methane|ImportUS,share,0.0285714285714285,0.008
image,SSP2-Base,Business As Usual,GR,Share|Methane|ImportNG,share,0.0107142857142857,0.0029999999999999
image,SSP2-Base,Business As Usual,HU,Share|Methane|Membrane,share,0.05,0.1
image,SSP2-Base,Business As Usual,HU,Share|Methane|AminoWashing,share,0.05,0.1
image,SSP2-Base,Business As Usual,HU,Share|Methane|AmineScrubbing,share,0.05,0.1
image,SSP2-Base,Business As Usual,HU,Share|Methane|Swing,share,0.05,0.1
image,SSP2-Base,Business As Usual,HU,Share|Methane|SabatierBiological,share,0.025,0.225
image,SSP2-Base,Business As Usual,HU,Share|Methane|SabatierElectrochemical,share,0.025,0.225
image,SSP2-Base,Business As Usual,HU,Share|Methane|FossilOnshore,share,0.35,0.05
image,SSP2-Base,Business As Usual,HU,Share|Methane|FossilOffshore,share,0.15,0.03
image,SSP2-Base,Business As Usual,HU,Share|Methane|ImportGB,share,0.0,0.0
image,SSP2-Base,Business As Usual,HU,Share|Methane|ImportDE,share,0.0,0.0
image,SSP2-Base,Business As Usual,HU,Share|Methane|ImportIT,share,0.0,0.0
image,SSP2-Base,Business As Usual,HU,Share|Methane|ImportFR,share,0.0,0.0
image,SSP2-Base,Business As Usual,HU,Share|Methane|ImportFI,share,0.0,0.0
image,SSP2-Base,Business As Usual,HU,Share|Methane|ImportQA,share,0.0214285714285714,0.0059999999999999
image,SSP2-Base,Business As Usual,HU,Share|Methane|ImportNO,share,0.0535714285714285,0.015
image,SSP2-Base,Business As Usual,HU,Share|Methane|ImportBE,share,0.0,0.0
image,SSP2-Base,Business As Usual,HU,Share|Methane|ImportLY,share,0.0,0.0
image,SSP2-Base,Business As Usual,HU,Share|Methane|ImportRU,share,0.0714285714285714,0.02
image,SSP2-Base,Business As Usual,HU,Share|Methane|ImportDZ,share,0.0214285714285714,0.0059999999999999
image,SSP2-Base,Business As Usual,HU,Share|Methane|ImportNL,share,0.0357142857142857,0.01
image,SSP2-Base,Business As Usual,HU,Share|Methane|ImportTR,share,0.0071428571428571,0.002
image,SSP2-Base,Business As Usual,HU,Share|Methane|ImportUS,share,0.0285714285714285,0.008
image,SSP2-Base,Business As Usual,HU,Share|Methane|ImportNG,share,0.0107142857142857,0.0029999999999999
image,SSP2-Base,Business As Usual,IE,Share|Methane|Membrane,share,0.05,0.1
image,SSP2-Base,Business As Usual,IE,Share|Methane|AminoWashing,share,0.05,0.1
image,SSP2-Base,Business As Usual,IE,Share|Methane|AmineScrubbing,share,0.05,0.1
image,SSP2-Base,Business As Usual,IE,Share|Methane|Swing,share,0.05,0.1
image,SSP2-Base,Business As Usual,IE,Share|Methane|SabatierBiological,share,0.025,0.225
image,SSP2-Base,Business As Usual,IE,Share|Methane|SabatierElectrochemical,share,0.025,0.225
image,SSP2-Base,Business As Usual,IE,Share|Methane|FossilOnshore,share,0.35,0.05
image,SSP2-Base,Business As Usual,IE,Share|Methane|FossilOffshore,share,0.15,0.03
image,SSP2-Base,Business As Usual,IE,Share|Methane|ImportGB,share,0.0,0.0
image,SSP2-Base,Business As Usual,IE,Share|Methane|ImportDE,share,0.0,0.0
image,SSP2-Base,Business As Usual,IE,Share|Methane|ImportIT,share,0.0,0.0
image,SSP2-Base,Business As Usual,IE,Share|Methane|ImportFR,share,0.0,0.0
image,SSP2-Base,Business As Usual,IE,Share|Methane|ImportFI,share,0.0,0.0
image,SSP2-Base,Business As Usual,IE,Share|Methane|ImportQA,share,0.0214285714285714,0.0059999999999999
image,SSP2-Base,Business As Usual,IE,Share|Methane|ImportNO,share,0.0535714285714285,0.015
image,SSP2-Base,Business As Usual,IE,Share|Methane|ImportBE,share,0.0,0.0
image,SSP2-Base,Business As Usual,IE,Share|Methane|ImportLY,share,0.0,0.0
image,SSP2-Base,Business As Usual,IE,Share|Methane|ImportRU,share,0.0714285714285714,0.02
image,SSP2-Base,Business As Usual,IE,Share|Methane|ImportDZ,share,0.0214285714285714,0.0059999999999999
image,SSP2-Base,Business As Usual,IE,Share|Methane|ImportNL,share,0.0357142857142857,0.01
image,SSP2-Base,Business As Usual,IE,Share|Methane|ImportTR,share,0.0071428571428571,0.002
image,SSP2-Base,Business As Usual,IE,Share|Methane|ImportUS,share,0.0285714285714285,0.008
image,SSP2-Base,Business As Usual,IE,Share|Methane|ImportNG,share,0.0107142857142857,0.0029999999999999
image,SSP2-Base,Business As Usual,IT,Share|Methane|Membrane,share,0.05,0.1
image,SSP2-Base,Business As Usual,IT,Share|Methane|AminoWashing,share,0.05,0.1
image,SSP2-Base,Business As Usual,IT,Share|Methane|AmineScrubbing,share,0.05,0.1
image,SSP2-Base,Business As Usual,IT,Share|Methane|Swing,share,0.05,0.1
image,SSP2-Base,Business As Usual,IT,Share|Methane|SabatierBiological,share,0.025,0.225
image,SSP2-Base,Business As Usual,IT,Share|Methane|SabatierElectrochemical,share,0.025,0.225
image,SSP2-Base,Business As Usual,IT,Share|Methane|FossilOnshore,share,0.35,0.05
image,SSP2-Base,Business As Usual,IT,Share|Methane|FossilOffshore,share,0.15,0.03
image,SSP2-Base,Business As Usual,IT,Share|Methane|ImportGB,share,0.0,0.0
image,SSP2-Base,Business As Usual,IT,Share|Methane|ImportDE,share,0.0,0.0
image,SSP2-Base,Business As Usual,IT,Share|Methane|ImportIT,share,0.0,0.0
image,SSP2-Base,Business As Usual,IT,Share|Methane|ImportFR,share,0.0,0.0
image,SSP2-Base,Business As Usual,IT,Share|Methane|ImportFI,share,0.0,0.0
image,SSP2-Base,Business As Usual,IT,Share|Methane|ImportQA,share,0.0214285714285714,0.0059999999999999
image,SSP2-Base,Business As Usual,IT,Share|Methane|ImportNO,share,0.0535714285714285,0.015
image,SSP2-Base,Business As Usual,IT,Share|Methane|ImportBE,share,0.0,0.0
image,SSP2-Base,Business As Usual,IT,Share|Methane|ImportLY,share,0.0,0.0
image,SSP2-Base,Business As Usual,IT,Share|Methane|ImportRU,share,0.0714285714285714,0.02
image,SSP2-Base,Business As Usual,IT,Share|Methane|ImportDZ,share,0.0214285714285714,0.0059999999999999
image,SSP2-Base,Business As Usual,IT,Share|Methane|ImportNL,share,0.0357142857142857,0.01
image,SSP2-Base,Business As Usual,IT,Share|Methane|ImportTR,share,0.0071428571428571,0.002
image,SSP2-Base,Business As Usual,IT,Share|Methane|ImportUS,share,0.0285714285714285,0.008
image,SSP2-Base,Business As Usual,IT,Share|Methane|ImportNG,share,0.0107142857142857,0.0029999999999999
image,SSP2-Base,Business As Usual,NL,Share|Methane|Membrane,share,0.05,0.1
image,SSP2-Base,Business As Usual,NL,Share|Methane|AminoWashing,share,0.05,0.1
image,SSP2-Base,Business As Usual,NL,Share|Methane|AmineScrubbing,share,0.05,0.1
image,SSP2-Base,Business As Usual,NL,Share|Methane|Swing,share,0.05,0.1
image,SSP2-Base,Business As Usual,NL,Share|Methane|SabatierBiological,share,0.025,0.225
image,SSP2-Base,Business As Usual,NL,Share|Methane|SabatierElectrochemical,share,0.025,0.225
image,SSP2-Base,Business As Usual,NL,Share|Methane|FossilOnshore,share,0.35,0.05
image,SSP2-Base,Business As Usual,NL,Share|Methane|FossilOffshore,share,0.15,0.03
image,SSP2-Base,Business As Usual,NL,Share|Methane|ImportGB,share,0.0,0.0
image,SSP2-Base,Business As Usual,NL,Share|Methane|ImportDE,share,0.0,0.0
image,SSP2-Base,Business As Usual,NL,Share|Methane|ImportIT,share,0.0,0.0
image,SSP2-Base,Business As Usual,NL,Share|Methane|ImportFR,share,0.0,0.0
image,SSP2-Base,Business As Usual,NL,Share|Methane|ImportFI,share,0.0,0.0
image,SSP2-Base,Business As Usual,NL,Share|Methane|ImportQA,share,0.0214285714285714,0.0059999999999999
image,SSP2-Base,Business As Usual,NL,Share|Methane|ImportNO,share,0.0535714285714285,0.015
image,SSP2-Base,Business As Usual,NL,Share|Methane|ImportBE,share,0.0,0.0
image,SSP2-Base,Business As Usual,NL,Share|Methane|ImportLY,share,0.0,0.0
image,SSP2-Base,Business As Usual,NL,Share|Methane|ImportRU,share,0.0714285714285714,0.02
image,SSP2-Base,Business As Usual,NL,Share|Methane|ImportDZ,share,0.0214285714285714,0.0059999999999999
image,SSP2-Base,Business As Usual,NL,Share|Methane|ImportNL,share,0.0357142857142857,0.01
image,SSP2-Base,Business As Usual,NL,Share|Methane|ImportTR,share,0.0071428571428571,0.002
image,SSP2-Base,Business As Usual,NL,Share|Methane|ImportUS,share,0.0285714285714285,0.008
image,SSP2-Base,Business As Usual,NL,Share|Methane|ImportNG,share,0.0107142857142857,0.0029999999999999
image,SSP2-Base,Business As Usual,NO,Share|Methane|Membrane,share,0.05,0.1
image,SSP2-Base,Business As Usual,NO,Share|Methane|AminoWashing,share,0.05,0.1
image,SSP2-Base,Business As Usual,NO,Share|Methane|AmineScrubbing,share,0.05,0.1
image,SSP2-Base,Business As Usual,NO,Share|Methane|Swing,share,0.05,0.1
image,SSP2-Base,Business As Usual,NO,Share|Methane|SabatierBiological,share,0.025,0.225
image,SSP2-Base,Business As Usual,NO,Share|Methane|SabatierElectrochemical,share,0.025,0.225
image,SSP2-Base,Business As Usual,NO,Share|Methane|FossilOnshore,share,0.35,0.05
image,SSP2-Base,Business As Usual,NO,Share|Methane|FossilOffshore,share,0.15,0.03
image,SSP2-Base,Business As Usual,NO,Share|Methane|ImportGB,share,0.0,0.0
image,SSP2-Base,Business As Usual,NO,Share|Methane|ImportDE,share,0.0,0.0
image,SSP2-Base,Business As Usual,NO,Share|Methane|ImportIT,share,0.0,0.0
image,SSP2-Base,Business As Usual,NO,Share|Methane|ImportFR,share,0.0,0.0
image,SSP2-Base,Business As Usual,NO,Share|Methane|ImportFI,share,0.0,0.0
image,SSP2-Base,Business As Usual,NO,Share|Methane|ImportQA,share,0.0214285714285714,0.0059999999999999
image,SSP2-Base,Business As Usual,NO,Share|Methane|ImportNO,share,0.0535714285714285,0.015
image,SSP2-Base,Business As Usual,NO,Share|Methane|ImportBE,share,0.0,0.0
image,SSP2-Base,Business As Usual,NO,Share|Methane|ImportLY,share,0.0,0.0
image,SSP2-Base,Business As Usual,NO,Share|Methane|ImportRU,share,0.0714285714285714,0.02
image,SSP2-Base,Business As Usual,NO,Share|Methane|ImportDZ,share,0.0214285714285714,0.0059999999999999
image,SSP2-Base,Business As Usual,NO,Share|Methane|ImportNL,share,0.0357142857142857,0.01
image,SSP2-Base,Business As Usual,NO,Share|Methane|ImportTR,share,0.0071428571428571,0.002
image,SSP2-Base,Business As Usual,NO,Share|Methane|ImportUS,share,0.0285714285714285,0.008
image,SSP2-Base,Business As Usual,NO,Share|Methane|ImportNG,share,0.0107142857142857,0.0029999999999999
image,SSP2-Base,Business As Usual,PL,Share|Methane|Membrane,share,0.05,0.1
image,SSP2-Base,Business As Usual,PL,Share|Methane|AminoWashing,share,0.05,0.1
image,SSP2-Base,Business As Usual,PL,Share|Methane|AmineScrubbing,share,0.05,0.1
image,SSP2-Base,Business As Usual,PL,Share|Methane|Swing,share,0.05,0.1
image,SSP2-Base,Business As Usual,PL,Share|Methane|SabatierBiological,share,0.025,0.225
image,SSP2-Base,Business As Usual,PL,Share|Methane|SabatierElectrochemical,share,0.025,0.225
image,SSP2-Base,Business As Usual,PL,Share|Methane|FossilOnshore,share,0.35,0.05
image,SSP2-Base,Business As Usual,PL,Share|Methane|FossilOffshore,share,0.15,0.03
image,SSP2-Base,Business As Usual,PL,Share|Methane|ImportGB,share,0.0,0.0
image,SSP2-Base,Business As Usual,PL,Share|Methane|ImportDE,share,0.0,0.0
image,SSP2-Base,Business As Usual,PL,Share|Methane|ImportIT,share,0.0,0.0
image,SSP2-Base,Business As Usual,PL,Share|Methane|ImportFR,share,0.0,0.0
image,SSP2-Base,Business As Usual,PL,Share|Methane|ImportFI,share,0.0,0.0
image,SSP2-Base,Business As Usual,PL,Share|Methane|ImportQA,share,0.0214285714285714,0.0059999999999999
image,SSP2-Base,Business As Usual,PL,Share|Methane|ImportNO,share,0.0535714285714285,0.015
image,SSP2-Base,Business As Usual,PL,Share|Methane|ImportBE,share,0.0,0.0
image,SSP2-Base,Business As Usual,PL,Share|Methane|ImportLY,share,0.0,0.0
image,SSP2-Base,Business As Usual,PL,Share|Methane|ImportRU,share,0.0714285714285714,0.02
image,SSP2-Base,Business As Usual,PL,Share|Methane|ImportDZ,share,0.0214285714285714,0.0059999999999999
image,SSP2-Base,Business As Usual,PL,Share|Methane|ImportNL,share,0.0357142857142857,0.01
image,SSP2-Base,Business As Usual,PL,Share|Methane|ImportTR,share,0.0071428571428571,0.002
image,SSP2-Base,Business As Usual,PL,Share|Methane|ImportUS,share,0.0285714285714285,0.008
image,SSP2-Base,Business As Usual,PL,Share|Methane|ImportNG,share,0.0107142857142857,0.0029999999999999
image,SSP2-Base,Business As Usual,RO,Share|Methane|Membrane,share,0.05,0.1
image,SSP2-Base,Business As Usual,RO,Share|Methane|AminoWashing,share,0.05,0.1
image,SSP2-Base,Business As Usual,RO,Share|Methane|AmineScrubbing,share,0.05,0.1
image,SSP2-Base,Business As Usual,RO,Share|Methane|Swing,share,0.05,0.1
image,SSP2-Base,Business As Usual,RO,Share|Methane|SabatierBiological,share,0.025,0.225
image,SSP2-Base,Business As Usual,RO,Share|Methane|SabatierElectrochemical,share,0.025,0.225
image,SSP2-Base,Business As Usual,RO,Share|Methane|FossilOnshore,share,0.35,0.05
image,SSP2-Base,Business As Usual,RO,Share|Methane|FossilOffshore,share,0.15,0.03
image,SSP2-Base,Business As Usual,RO,Share|Methane|ImportGB,share,0.0,0.0
image,SSP2-Base,Business As Usual,RO,Share|Methane|ImportDE,share,0.0,0.0
image,SSP2-Base,Business As Usual,RO,Share|Methane|ImportIT,share,0.0,0.0
image,SSP2-Base,Business As Usual,RO,Share|Methane|ImportFR,share,0.0,0.0
image,SSP2-Base,Business As Usual,RO,Share|Methane|ImportFI,share,0.0,0.0
image,SSP2-Base,Business As Usual,RO,Share|Methane|ImportQA,share,0.0214285714285714,0.0059999999999999
image,SSP2-Base,Business As Usual,RO,Share|Methane|ImportNO,share,0.0535714285714285,0.015
image,SSP2-Base,Business As Usual,RO,Share|Methane|ImportBE,share,0.0,0.0
image,SSP2-Base,Business As Usual,RO,Share|Methane|ImportLY,share,0.0,0.0
image,SSP2-Base,Business As Usual,RO,Share|Methane|ImportRU,share,0.0714285714285714,0.02
image,SSP2-Base,Business As Usual,RO,Share|Methane|ImportDZ,share,0.0214285714285714,0.0059999999999999
image,SSP2-Base,Business As Usual,RO,Share|Methane|ImportNL,share,0.0357142857142857,0.01
image,SSP2-Base,Business As Usual,RO,Share|Methane|ImportTR,share,0.0071428571428571,0.002
image,SSP2-Base,Business As Usual,RO,Share|Methane|ImportUS,share,0.0285714285714285,0.008
image,SSP2-Base,Business As Usual,RO,Share|Methane|ImportNG,share,0.0107142857142857,0.0029999999999999
image,SSP2-Base,Business As Usual,SE,Share|Methane|Membrane,share,0.05,0.1
image,SSP2-Base,Business As Usual,SE,Share|Methane|AminoWashing,share,0.05,0.1
image,SSP2-Base,Business As Usual,SE,Share|Methane|AmineScrubbing,share,0.05,0.1
image,SSP2-Base,Business As Usual,SE,Share|Methane|Swing,share,0.05,0.1
image,SSP2-Base,Business As Usual,SE,Share|Methane|SabatierBiological,share,0.025,0.225
image,SSP2-Base,Business As Usual,SE,Share|Methane|SabatierElectrochemical,share,0.025,0.225
image,SSP2-Base,Business As Usual,SE,Share|Methane|FossilOnshore,share,0.35,0.05
image,SSP2-Base,Business As Usual,SE,Share|Methane|FossilOffshore,share,0.15,0.03
image,SSP2-Base,Business As Usual,SE,Share|Methane|ImportGB,share,0.0,0.0
image,SSP2-Base,Business As Usual,SE,Share|Methane|ImportDE,share,0.0,0.0
image,SSP2-Base,Business As Usual,SE,Share|Methane|ImportIT,share,0.0,0.0
image,SSP2-Base,Business As Usual,SE,Share|Methane|ImportFR,share,0.0,0.0
image,SSP2-Base,Business As Usual,SE,Share|Methane|ImportFI,share,0.0,0.0
image,SSP2-Base,Business As Usual,SE,Share|Methane|ImportQA,share,0.0214285714285714,0.0059999999999999
image,SSP2-Base,Business As Usual,SE,Share|Methane|ImportNO,share,0.0535714285714285,0.015
image,SSP2-Base,Business As Usual,SE,Share|Methane|ImportBE,share,0.0,0.0
image,SSP2-Base,Business As Usual,SE,Share|Methane|ImportLY,share,0.0,0.0
image,SSP2-Base,Business As Usual,SE,Share|Methane|ImportRU,share,0.0714285714285714,0.02
image,SSP2-Base,Business As Usual,SE,Share|Methane|ImportDZ,share,0.0214285714285714,0.0059999999999999
image,SSP2-Base,Business As Usual,SE,Share|Methane|ImportNL,share,0.0357142857142857,0.01
image,SSP2-Base,Business As Usual,SE,Share|Methane|ImportTR,share,0.0071428571428571,0.002
image,SSP2-Base,Business As Usual,SE,Share|Methane|ImportUS,share,0.0285714285714285,0.008
image,SSP2-Base,Business As Usual,SE,Share|Methane|ImportNG,share,0.0107142857142857,0.0029999999999999
image,SSP2-Base,Business As Usual,SK,Share|Methane|Membrane,share,0.05,0.1
image,SSP2-Base,Business As Usual,SK,Share|Methane|AminoWashing,share,0.05,0.1
image,SSP2-Base,Business As Usual,SK,Share|Methane|AmineScrubbing,share,0.05,0.1
image,SSP2-Base,Business As Usual,SK,Share|Methane|Swing,share,0.05,0.1
image,SSP2-Base,Business As Usual,SK,Share|Methane|SabatierBiological,share,0.025,0.225
image,SSP2-Base,Business As Usual,SK,Share|Methane|SabatierElectrochemical,share,0.025,0.225
image,SSP2-Base,Business As Usual,SK,Share|Methane|FossilOnshore,share,0.35,0.05
image,SSP2-Base,Business As Usual,SK,Share|Methane|FossilOffshore,share,0.15,0.03
image,SSP2-Base,Business As Usual,SK,Share|Methane|ImportGB,share,0.0,0.0
image,SSP2-Base,Business As Usual,SK,Share|Methane|ImportDE,share,0.0,0.0
image,SSP2-Base,Business As Usual,SK,Share|Methane|ImportIT,share,0.0,0.0
image,SSP2-Base,Business As Usual,SK,Share|Methane|ImportFR,share,0.0,0.0
image,SSP2-Base,Business As Usual,SK,Share|Methane|ImportFI,share,0.0,0.0
image,SSP2-Base,Business As Usual,SK,Share|Methane|ImportQA,share,0.0214285714285714,0.0059999999999999
image,SSP2-Base,Business As Usual,SK,Share|Methane|ImportNO,share,0.0535714285714285,0.015
image,SSP2-Base,Business As Usual,SK,Share|Methane|ImportBE,share,0.0,0.0
image,SSP2-Base,Business As Usual,SK,Share|Methane|ImportLY,share,0.0,0.0
image,SSP2-Base,Business As Usual,SK,Share|Methane|ImportRU,share,0.0714285714285714,0.02
image,SSP2-Base,Business As Usual,SK,Share|Methane|ImportDZ,share,0.0214285714285714,0.0059999999999999
image,SSP2-Base,Business As Usual,SK,Share|Methane|ImportNL,share,0.0357142857142857,0.01
image,SSP2-Base,Business As Usual,SK,Share|Methane|ImportTR,share,0.0071428571428571,0.002
image,SSP2-Base,Business As Usual,SK,Share|Methane|ImportUS,share,0.0285714285714285,0.008
image,SSP2-Base,Business As Usual,SK,Share|Methane|ImportNG,share,0.0107142857142857,0.0029999999999999
image,SSP2-Base,Business As Usual,RoE,Share|Methane|Membrane,share,0.05,0.1
image,SSP2-Base,Business As Usual,RoE,Share|Methane|AminoWashing,share,0.05,0.1
image,SSP2-Base,Business As Usual,RoE,Share|Methane|AmineScrubbing,share,0.05,0.1
image,SSP2-Base,Business As Usual,RoE,Share|Methane|Swing,share,0.05,0.1
image,SSP2-Base,Business As Usual,RoE,Share|Methane|SabatierBiological,share,0.025,0.225
image,SSP2-Base,Business As Usual,RoE,Share|Methane|SabatierElectrochemical,share,0.025,0.225
image,SSP2-Base,Business As Usual,RoE,Share|Methane|FossilOnshore,share,0.35,0.05
image,SSP2-Base,Business As Usual,RoE,Share|Methane|FossilOffshore,share,0.15,0.03
image,SSP2-Base,Business As Usual,RoE,Share|Methane|ImportGB,share,0.0,0.0
image,SSP2-Base,Business As Usual,RoE,Share|Methane|ImportDE,share,0.0,0.0
image,SSP2-Base,Business As Usual,RoE,Share|Methane|ImportIT,share,0.0,0.0
image,SSP2-Base,Business As Usual,RoE,Share|Methane|ImportFR,share,0.0,0.0
image,SSP2-Base,Business As Usual,RoE,Share|Methane|ImportFI,share,0.0,0.0
image,SSP2-Base,Business As Usual,RoE,Share|Methane|ImportQA,share,0.0214285714285714,0.0059999999999999
image,SSP2-Base,Business As Usual,RoE,Share|Methane|ImportNO,share,0.0535714285714285,0.015
image,SSP2-Base,Business As Usual,RoE,Share|Methane|ImportBE,share,0.0,0.0
image,SSP2-Base,Business As Usual,RoE,Share|Methane|ImportLY,share,0.0,0.0
image,SSP2-Base,Business As Usual,RoE,Share|Methane|ImportRU,share,0.0714285714285714,0.02
image,SSP2-Base,Business As Usual,RoE,Share|Methane|ImportDZ,share,0.0214285714285714,0.0059999999999999
image,SSP2-Base,Business As Usual,RoE,Share|Methane|ImportNL,share,0.0357142857142857,0.01
image,SSP2-Base,Business As Usual,RoE,Share|Methane|ImportTR,share,0.0071428571428571,0.002
image,SSP2-Base,Business As Usual,RoE,Share|Methane|ImportUS,share,0.0285714285714285,0.008
image,SSP2-Base,Business As Usual,RoE,Share|Methane|ImportNG,share,0.0107142857142857,0.0029999999999999
image,SSP2-Base,Business As Usual,GB,Share|Methane|Membrane,share,0.05,0.1
image,SSP2-Base,Business As Usual,GB,Share|Methane|AminoWashing,share,0.05,0.1
image,SSP2-Base,Business As Usual,GB,Share|Methane|AmineScrubbing,share,0.05,0.1
image,SSP2-Base,Business As Usual,GB,Share|Methane|Swing,share,0.05,0.1
image,SSP2-Base,Business As Usual,GB,Share|Methane|SabatierBiological,share,0.025,0.225
image,SSP2-Base,Business As Usual,GB,Share|Methane|SabatierElectrochemical,share,0.025,0.225
image,SSP2-Base,Business As Usual,GB,Share|Methane|FossilOnshore,share,0.35,0.05
image,SSP2-Base,Business As Usual,GB,Share|Methane|FossilOffshore,share,0.15,0.03
image,SSP2-Base,Business As Usual,GB,Share|Methane|ImportGB,share,0.0,0.0
image,SSP2-Base,Business As Usual,GB,Share|Methane|ImportDE,share,0.0,0.0
image,SSP2-Base,Business As Usual,GB,Share|Methane|ImportIT,share,0.0,0.0
image,SSP2-Base,Business As Usual,GB,Share|Methane|ImportFR,share,0.0,0.0
image,SSP2-Base,Business As Usual,GB,Share|Methane|ImportFI,share,0.0,0.0
image,SSP2-Base,Business As Usual,GB,Share|Methane|ImportQA,share,0.0214285714285714,0.0059999999999999
image,SSP2-Base,Business As Usual,GB,Share|Methane|ImportNO,share,0.0535714285714285,0.015
image,SSP2-Base,Business As Usual,GB,Share|Methane|ImportBE,share,0.0,0.0
image,SSP2-Base,Business As Usual,GB,Share|Methane|ImportLY,share,0.0,0.0
image,SSP2-Base,Business As Usual,GB,Share|Methane|ImportRU,share,0.0714285714285714,0.02
image,SSP2-Base,Business As Usual,GB,Share|Methane|ImportDZ,share,0.0214285714285714,0.0059999999999999
image,SSP2-Base,Business As Usual,GB,Share|Methane|ImportNL,share,0.0357142857142857,0.01
image,SSP2-Base,Business As Usual,GB,Share|Methane|ImportTR,share,0.0071428571428571,0.002
image,SSP2-Base,Business As Usual,GB,Share|Methane|ImportUS,share,0.0285714285714285,0.008
image,SSP2-Base,Business As Usual,GB,Share|Methane|ImportNG,share,0.0107142857142857,0.0029999999999999
image,SSP2-Base,Business As Usual,Europe without Switzerland,Share|HeatSmall|Biomass,share,0.1,0.1
image,SSP2-Base,Business As Usual,Europe without Switzerland,Share|HeatSmall|HeatPump,share,0.7,0.7
image,SSP2-Base,Business As Usual,Europe without Switzerland,Share|HeatSmall|Methane,share,0.15,0.15
image,SSP2-Base,Business As Usual,Europe without Switzerland,Share|HeatSmall|Coal,share,0.0,0.0
image,SSP2-Base,Business As Usual,Europe without Switzerland,Share|HeatSmall|Oil,share,0.05,0.05
image,SSP2-Base,Business As Usual,Europe without Switzerland,Share|HeatIndustrial|Methane,share,0.7077777777777777,0.7077777777777777
image,SSP2-Base,Business As Usual,Europe without Switzerland,Share|HeatIndustrial|CoalFurnace,share,0.0505555555555555,0.0505555555555555
image,SSP2-Base,Business As Usual,Europe without Switzerland,Share|HeatIndustrial|OilFurnace,share,0.0505555555555555,0.0505555555555555
image,SSP2-Base,Business As Usual,Europe without Switzerland,Share|HeatIndustrial|CoalCogeneration,share,0.0,0.0
image,SSP2-Base,Business As Usual,Europe without Switzerland,Share|HeatIndustrial|OilCogeneration,share,0.0,0.0
image,SSP2-Base,Business As Usual,Europe without Switzerland,Share|HeatIndustrial|Waste,share,0.09,0.09
image,SSP2-Base,Business As Usual,Europe without Switzerland,Share|HeatIndustrial|Biomass,share,0.0511111111111111,0.0511111111111111
image,SSP2-Base,Business As Usual,Europe without Switzerland,Share|HeatIndustrial|Geothermal,share,0.05,0.05
image,SSP2-Base,Business As Usual,"Europe, without Russia and Turkey",Share|Coal|HardCoal,share,1.0,1.0
image,SSP2-Base,Business As Usual,"Europe, without Russia and Turkey",Share|Coal|HardCoalImportsRU,share,0.0,0.0
image,SSP2-Base,Business As Usual,"Europe, without Russia and Turkey",Share|Coal|HardCoalImportsRLA,share,0.0,0.0
image,SSP2-Base,Business As Usual,"Europe, without Russia and Turkey",Share|Coal|HardCoalImportsRNA,share,0.0,0.0
image,SSP2-Base,Business As Usual,"Europe, without Russia and Turkey",Share|Coal|HardCoalImportsAU,share,0.0,0.0
image,SSP2-Base,Business As Usual,"Europe, without Russia and Turkey",Share|Coal|HardCoalImportsZA,share,0.0,0.0
image,SSP2-Base,Business As Usual,"Europe, without Russia and Turkey",Share|Coal|HardCoalImportsID,share,0.0,0.0
image,SSP2-Base,Business As Usual,"Europe, without Russia and Turkey",Share|Coal|Charcoal,share,0.0,0.0
image,SSP2-Base,Business As Usual,RER,Share|Lignite|Lignite,share,1.0,1.0
image,SSP2-Base,Business As Usual,RER,Share|Lignite|Charcoal,share,0.0,0.0
