model,pathway,scenario,region,variables,unit,2020,2050
image,SSP2-Base,Business As Usual,Europe without Switzerland,Share|Biomass|Residues,share,0.15,0.15
image,SSP2-Base,Business As Usual,Europe without Switzerland,Share|Biomass|Wood,share,0.85,0.85
image,SSP2-Base,Business As Usual,RER,Share|H2|WoodCCS,share,0.0,0.0
image,SSP2-Base,Business As Usual,RER,Share|H2|WoodNoCCS,share,0.0,0.0
image,SSP2-Base,Business As Usual,RER,Share|H2|SteamReforming,share,0.98,0.40
image,SSP2-Base,Business As Usual,RER,Share|H2|AutothermalReforming,share,0.0,0.0
image,SSP2-Base,Business As Usual,RER,Share|H2|CoalCCS,share,0.0,0.0
image,SSP2-Base,Business As Usual,RER,Share|H2|CoalNoCCS,share,0.01,0.01
image,SSP2-Base,Business As Usual,RER,Share|H2|Electrolysis,share,0.01,0.60
image,SSP2-Base,Business As Usual,RER,Share|Methanol|H2,share,0.0,0.3
image,SSP2-Base,Business As Usual,RER,Share|Methanol|Biomass,share,0.0,0.2
image,SSP2-Base,Business As Usual,RER,Share|Methanol|NatGas,share,1.0,0.5
image,SSP2-Base,Business As Usual,RER,Share|Kerosene|H2,share,0.0,0.3
image,SSP2-Base,Business As Usual,RER,Share|Kerosene|Methanol,share,0.0,0.0
image,SSP2-Base,Business As Usual,RER,Share|Kerosene|Biomass,share,0.0,0.2
image,SSP2-Base,Business As Usual,RER,Share|Kerosene|NatGas,share,0.0,0.0
image,SSP2-Base,Business As Usual,RER,Share|Kerosene|Oil,share,1.0,0.5
image,SSP2-Base,Business As Usual,RER,Share|Diesel|H2,share,0.0,0.3
image,SSP2-Base,Business As Usual,RER,Share|Diesel|Methanol,share,0.0,0.0
image,SSP2-Base,Business As Usual,RER,Share|Diesel|Biomass,share,0.0,0.2
image,SSP2-Base,Business As Usual,RER,Share|Diesel|NatGas,share,0.0,0.0
image,SSP2-Base,Business As Usual,RER,Share|Diesel|Oil,share,1.0,0.5
image,SSP2-Base,Business As Usual,RER,Share|LiquefiedPetroleumGas|H2,share,0.0,0.5
image,SSP2-Base,Business As Usual,RER,Share|LiquefiedPetroleumGas|Methanol,share,0.0,0.0
image,SSP2-Base,Business As Usual,RER,Share|LiquefiedPetroleumGas|NatGas,share,0.0,0.0
image,SSP2-Base,Business As Usual,RER,Share|LiquefiedPetroleumGas|Oil,share,1.0,0.5
image,SSP2-Base,Business As Usual,CH,Share|Biogas|Biowaste,share,0.11,0.11
image,SSP2-Base,Business As Usual,CH,Share|Biogas|Sewage,share,0.05,0.05
image,SSP2-Base,Business As Usual,CH,Share|Biogas|Manure,share,0.84,0.84
image,SSP2-Base,Business As Usual,CH,Share|Biogas|Grass,share,0.0,0.0
image,SSP2-Base,Business As Usual,RER,Share|CO2|DACSolvent,share,1.0,1.0
image,SSP2-Base,Business As Usual,RER,Share|CO2|DACSorbent,share,0.0,0.0
image,SSP2-Base,Business As Usual,RER,Share|CO2|CementDirect,share,0.0,0.0
image,SSP2-Base,Business As Usual,RER,Share|CO2|CementOxyfuel,share,0.0,0.0
image,SSP2-Base,Business As Usual,RER,Share|CO2|CementMonoethanolamine,share,0.0,0.0
image,SSP2-Base,Business As Usual,RER,Share|LubricatingOil|H2,share,0.0,0.5
image,SSP2-Base,Business As Usual,RER,Share|LubricatingOil|NatGas,share,0.0,0.0
image,SSP2-Base,Business As Usual,RER,Share|LubricatingOil|Oil,share,1.0,0.5
image,SSP2-Base,Business As Usual,ES,Share|ElectricityHV|Coal,share,0.05119057165640624,0.0
image,SSP2-Base,Business As Usual,ES,Share|ElectricityHV|CombinedCycle,share,0.2144793482155571,0.0
image,SSP2-Base,Business As Usual,ES,Share|ElectricityHV|GasTurbine,share,0.006867931064808392,0.0
image,SSP2-Base,Business As Usual,ES,Share|ElectricityHV|CogenerationGas,share,0.0,0.0
image,SSP2-Base,Business As Usual,ES,Share|ElectricityHV|Nuclear,share,0.23327163668194925,0.252724243347116
image,SSP2-Base,Business As Usual,ES,Share|ElectricityHV|Oil,share,0.03812707805856656,0.0
image,SSP2-Base,Business As Usual,ES,Share|ElectricityHV|Geothermal,share,0.0,0.0
image,SSP2-Base,Business As Usual,ES,Share|ElectricityHV|HydroRunofRiver,share,0.0659975652066257,0.07150112618422365
image,SSP2-Base,Business As Usual,ES,Share|ElectricityHV|HydroReservoir,share,0.03399810316458061,0.0368332173586138
image,SSP2-Base,Business As Usual,ES,Share|ElectricityHV|Biomass,share,0.010486786970839396,0.011361283952241678
image,SSP2-Base,Business As Usual,ES,Share|ElectricityHV|Biogas,share,0.001329253418690636,0.0014401003449604256
image,SSP2-Base,Business As Usual,ES,Share|ElectricityHV|WindOnshore,share,0.23369326055730597,0.5063620531817161
image,SSP2-Base,Business As Usual,ES,Share|ElectricityHV|WindOffshore,share,4.54037355388851e-05,4.918996956686253e-05
image,SSP2-Base,Business As Usual,ES,Share|ElectricityHV|SolarThermal,share,0.021511382773146952,0.02330522481010408
image,SSP2-Base,Business As Usual,ES,Share|ElectricityHV|SolarPVOpen,share,0.0,0.0
image,SSP2-Base,Business As Usual,ES,Share|ElectricityHV|Hydrogen,share,0.0,0.0
image,SSP2-Base,Business As Usual,ES,Share|ElectricityHV|BatteryHydro,share,0.009381041270413393,0.010163329715501363
image,SSP2-Base,Business As Usual,ES,Share|ElectricityHV|ImportsES,share,0.0,0.0
image,SSP2-Base,Business As Usual,ES,Share|ElectricityHV|ImportsBG,share,0.0,0.0
image,SSP2-Base,Business As Usual,ES,Share|ElectricityHV|ImportsSE,share,0.0,0.0
image,SSP2-Base,Business As Usual,ES,Share|ElectricityHV|ImportsAT,share,0.0,0.0
image,SSP2-Base,Business As Usual,ES,Share|ElectricityHV|ImportsMK,share,0.0,0.0
image,SSP2-Base,Business As Usual,ES,Share|ElectricityHV|ImportsMD,share,0.0,0.0
image,SSP2-Base,Business As Usual,ES,Share|ElectricityHV|ImportsHR,share,0.0,0.0
image,SSP2-Base,Business As Usual,ES,Share|ElectricityHV|ImportsXK,share,0.0,0.0
image,SSP2-Base,Business As Usual,ES,Share|ElectricityHV|ImportsLU,share,0.0,0.0
image,SSP2-Base,Business As Usual,ES,Share|ElectricityHV|ImportsGR,share,0.0,0.0
image,SSP2-Base,Business As Usual,ES,Share|ElectricityHV|ImportsIS,share,0.0,0.0
image,SSP2-Base,Business As Usual,ES,Share|ElectricityHV|ImportsBA,share,0.0,0.0
image,SSP2-Base,Business As Usual,ES,Share|ElectricityHV|ImportsEE,share,0.0,0.0
image,SSP2-Base,Business As Usual,ES,Share|ElectricityHV|ImportsSK,share,0.0,0.0
image,SSP2-Base,Business As Usual,ES,Share|ElectricityHV|ImportsME,share,0.0,0.0
image,SSP2-Base,Business As Usual,ES,Share|ElectricityHV|ImportsLT,share,0.0,0.0
image,SSP2-Base,Business As Usual,ES,Share|ElectricityHV|ImportsSI,share,0.0,0.0
image,SSP2-Base,Business As Usual,ES,Share|ElectricityHV|ImportsIE,share,0.0,0.0
image,SSP2-Base,Business As Usual,ES,Share|ElectricityHV|ImportsBE,share,0.0,0.0
image,SSP2-Base,Business As Usual,ES,Share|ElectricityHV|ImportsRS,share,0.0,0.0
image,SSP2-Base,Business As Usual,ES,Share|ElectricityHV|ImportsRO,share,0.0,0.0
image,SSP2-Base,Business As Usual,ES,Share|ElectricityHV|ImportsNL,share,0.0,0.0
image,SSP2-Base,Business As Usual,ES,Share|ElectricityHV|ImportsUA,share,0.0,0.0
image,SSP2-Base,Business As Usual,ES,Share|ElectricityHV|ImportsPL,share,0.0,0.0
image,SSP2-Base,Business As Usual,ES,Share|ElectricityHV|ImportsFR,share,0.054495002582885005,0.059039360677767515
image,SSP2-Base,Business As Usual,ES,Share|ElectricityHV|ImportsGB,share,0.0,0.0
image,SSP2-Base,Business As Usual,ES,Share|ElectricityHV|ImportsNO,share,0.0,0.0
image,SSP2-Base,Business As Usual,ES,Share|ElectricityHV|ImportsCZ,share,0.0,0.0
image,SSP2-Base,Business As Usual,ES,Share|ElectricityHV|ImportsMT,share,0.0,0.0
image,SSP2-Base,Business As Usual,ES,Share|ElectricityHV|ImportsDK,share,0.0,0.0
image,SSP2-Base,Business As Usual,ES,Share|ElectricityHV|ImportsIT,share,0.0,0.0
image,SSP2-Base,Business As Usual,ES,Share|ElectricityHV|ImportsLV,share,0.0,0.0
image,SSP2-Base,Business As Usual,ES,Share|ElectricityHV|ImportsDE,share,0.0,0.0
image,SSP2-Base,Business As Usual,ES,Share|ElectricityHV|ImportsPT,share,0.019989164520977074,0.021656068223985053
image,SSP2-Base,Business As Usual,ES,Share|ElectricityHV|ImportsFI,share,0.0,0.0
image,SSP2-Base,Business As Usual,ES,Share|ElectricityHV|ImportsBY,share,0.0,0.0
image,SSP2-Base,Business As Usual,ES,Share|ElectricityHV|ImportsGI,share,0.0,0.0
image,SSP2-Base,Business As Usual,ES,Share|ElectricityHV|ImportsAL,share,0.0,0.0
image,SSP2-Base,Business As Usual,ES,Share|ElectricityHV|ImportsHU,share,0.0,0.0
image,SSP2-Base,Business As Usual,ES,Share|ElectricityHV|ImportsCH,share,0.0,0.0
image,SSP2-Base,Business As Usual,ES,Share|ElectricityMV|TransformationHVMV,share,0.9931640681610796,0.9999999999999999
image,SSP2-Base,Business As Usual,ES,Share|ElectricityMV|SolarPVRoofCommercial,share,0.006383537375039286,0.0
image,SSP2-Base,Business As Usual,ES,Share|ElectricityMV|Waste,share,0.00045239446388108,0.0
image,SSP2-Base,Business As Usual,ES,Share|ElectricityLV|TransformationMVLV,share,0.9751016097195765,0.8938937559990805
image,SSP2-Base,Business As Usual,ES,Share|ElectricityLV|BatteryChemical,share,0.0,0.0
image,SSP2-Base,Business As Usual,ES,Share|ElectricityLV|SolarPVRoofResidential,share,0.024898390280423552,0.10610624400091956
image,SSP2-Base,Business As Usual,BG,Share|ElectricityHV|Coal,share,0.3579119946964526,0.16627821475321355
image,SSP2-Base,Business As Usual,BG,Share|ElectricityHV|CombinedCycle,share,0.0,0.0
image,SSP2-Base,Business As Usual,BG,Share|ElectricityHV|GasTurbine,share,0.000314222146280802,0.00014598085086197512
image,SSP2-Base,Business As Usual,BG,Share|ElectricityHV|CogenerationGas,share,0.04113449191302077,0.019110200220806922
image,SSP2-Base,Business As Usual,BG,Share|ElectricityHV|Nuclear,share,0.378521445885025,0.4882223153089694
image,SSP2-Base,Business As Usual,BG,Share|ElectricityHV|Oil,share,0.001395785241595197,0.0006484518026510067
image,SSP2-Base,Business As Usual,BG,Share|ElectricityHV|Geothermal,share,0.0,0.0
image,SSP2-Base,Business As Usual,BG,Share|ElectricityHV|HydroRunofRiver,share,0.0705430844832452,0.09098746823953402
image,SSP2-Base,Business As Usual,BG,Share|ElectricityHV|HydroReservoir,share,0.0,0.0
image,SSP2-Base,Business As Usual,BG,Share|ElectricityHV|Biomass,share,0.0298343178572737,0.03848072519612592
image,SSP2-Base,Business As Usual,BG,Share|ElectricityHV|Biogas,share,0.00372683438291742,0.004806923705331331
image,SSP2-Base,Business As Usual,BG,Share|ElectricityHV|WindOnshore,share,0.03171340756471335,0.08180880336320136
image,SSP2-Base,Business As Usual,BG,Share|ElectricityHV|WindOffshore,share,0.0,0.0
image,SSP2-Base,Business As Usual,BG,Share|ElectricityHV|SolarThermal,share,0.0,0.0
image,SSP2-Base,Business As Usual,BG,Share|ElectricityHV|SolarPVOpen,share,0.0,0.0
image,SSP2-Base,Business As Usual,BG,Share|ElectricityHV|Hydrogen,share,0.0,0.0
image,SSP2-Base,Business As Usual,BG,Share|ElectricityHV|BatteryHydro,share,0.0109142794961504,0.014077392082979383
image,SSP2-Base,Business As Usual,BG,Share|ElectricityHV|ImportsES,share,0.0,0.0
image,SSP2-Base,Business As Usual,BG,Share|ElectricityHV|ImportsBG,share,0.0,0.0
image,SSP2-Base,Business As Usual,BG,Share|ElectricityHV|ImportsSE,share,0.0,0.0
image,SSP2-Base,Business As Usual,BG,Share|ElectricityHV|ImportsAT,share,0.0,0.0
image,SSP2-Base,Business As Usual,BG,Share|ElectricityHV|ImportsMK,share,0.0,0.0
image,SSP2-Base,Business As Usual,BG,Share|ElectricityHV|ImportsMD,share,0.0,0.0
image,SSP2-Base,Business As Usual,BG,Share|ElectricityHV|ImportsHR,share,0.0,0.0
image,SSP2-Base,Business As Usual,BG,Share|ElectricityHV|ImportsXK,share,0.0,0.0
image,SSP2-Base,Business As Usual,BG,Share|ElectricityHV|ImportsLU,share,0.0,0.0
image,SSP2-Base,Business As Usual,BG,Share|ElectricityHV|ImportsGR,share,0.000916436148943615,0.0011820323084309242
image,SSP2-Base,Business As Usual,BG,Share|ElectricityHV|ImportsIS,share,0.0,0.0
image,SSP2-Base,Business As Usual,BG,Share|ElectricityHV|ImportsBA,share,0.0,0.0
image,SSP2-Base,Business As Usual,BG,Share|ElectricityHV|ImportsEE,share,0.0,0.0
image,SSP2-Base,Business As Usual,BG,Share|ElectricityHV|ImportsSK,share,0.0,0.0
image,SSP2-Base,Business As Usual,BG,Share|ElectricityHV|ImportsME,share,0.0,0.0
image,SSP2-Base,Business As Usual,BG,Share|ElectricityHV|ImportsLT,share,0.0,0.0
image,SSP2-Base,Business As Usual,BG,Share|ElectricityHV|ImportsSI,share,0.0,0.0
image,SSP2-Base,Business As Usual,BG,Share|ElectricityHV|ImportsIE,share,0.0,0.0
image,SSP2-Base,Business As Usual,BG,Share|ElectricityHV|ImportsBE,share,0.0,0.0
image,SSP2-Base,Business As Usual,BG,Share|ElectricityHV|ImportsRS,share,0.00363901307979153,0.004693650546276041
image,SSP2-Base,Business As Usual,BG,Share|ElectricityHV|ImportsRO,share,0.0664810370146544,0.08574818195451668
image,SSP2-Base,Business As Usual,BG,Share|ElectricityHV|ImportsNL,share,0.0,0.0
image,SSP2-Base,Business As Usual,BG,Share|ElectricityHV|ImportsUA,share,0.0,0.0
image,SSP2-Base,Business As Usual,BG,Share|ElectricityHV|ImportsPL,share,0.0,0.0
image,SSP2-Base,Business As Usual,BG,Share|ElectricityHV|ImportsFR,share,0.0,0.0
image,SSP2-Base,Business As Usual,BG,Share|ElectricityHV|ImportsGB,share,0.0,0.0
image,SSP2-Base,Business As Usual,BG,Share|ElectricityHV|ImportsNO,share,0.0,0.0
image,SSP2-Base,Business As Usual,BG,Share|ElectricityHV|ImportsCZ,share,0.0,0.0
image,SSP2-Base,Business As Usual,BG,Share|ElectricityHV|ImportsMT,share,0.0,0.0
image,SSP2-Base,Business As Usual,BG,Share|ElectricityHV|ImportsDK,share,0.0,0.0
image,SSP2-Base,Business As Usual,BG,Share|ElectricityHV|ImportsIT,share,0.0,0.0
image,SSP2-Base,Business As Usual,BG,Share|ElectricityHV|ImportsLV,share,0.0,0.0
image,SSP2-Base,Business As Usual,BG,Share|ElectricityHV|ImportsDE,share,0.0,0.0
image,SSP2-Base,Business As Usual,BG,Share|ElectricityHV|ImportsPT,share,0.0,0.0
image,SSP2-Base,Business As Usual,BG,Share|ElectricityHV|ImportsFI,share,0.0,0.0
image,SSP2-Base,Business As Usual,BG,Share|ElectricityHV|ImportsBY,share,0.0,0.0
image,SSP2-Base,Business As Usual,BG,Share|ElectricityHV|ImportsGI,share,0.0,0.0
image,SSP2-Base,Business As Usual,BG,Share|ElectricityHV|ImportsAL,share,0.0,0.0
image,SSP2-Base,Business As Usual,BG,Share|ElectricityHV|ImportsHU,share,0.0,0.0
image,SSP2-Base,Business As Usual,BG,Share|ElectricityHV|ImportsCH,share,0.0,0.0
image,SSP2-Base,Business As Usual,BG,Share|ElectricityMV|TransformationHVMV,share,0.9872911702521443,0.9315165877203146
image,SSP2-Base,Business As Usual,BG,Share|ElectricityMV|SolarPVRoofCommercial,share,0.011142066356751489,0.06779664775205708
image,SSP2-Base,Business As Usual,BG,Share|ElectricityMV|Waste,share,0.0015667633911041496,0.0006867645276281288
image,SSP2-Base,Business As Usual,BG,Share|ElectricityLV|TransformationMVLV,share,0.957333314727126,0.78666657363563
image,SSP2-Base,Business As Usual,BG,Share|ElectricityLV|BatteryChemical,share,0.0,0.0
image,SSP2-Base,Business As Usual,BG,Share|ElectricityLV|SolarPVRoofResidential,share,0.04266668527287401,0.21333342636437005
image,SSP2-Base,Business As Usual,SE,Share|ElectricityHV|Coal,share,0.002467354260990804,0.0
image,SSP2-Base,Business As Usual,SE,Share|ElectricityHV|CombinedCycle,share,0.0,0.0
image,SSP2-Base,Business As Usual,SE,Share|ElectricityHV|GasTurbine,share,0.0,0.0
image,SSP2-Base,Business As Usual,SE,Share|ElectricityHV|CogenerationGas,share,0.0015211358793487044,0.0
image,SSP2-Base,Business As Usual,SE,Share|ElectricityHV|Nuclear,share,0.3857828944585436,0.3728225048873068
image,SSP2-Base,Business As Usual,SE,Share|ElectricityHV|Oil,share,0.0006827145285265827,0.0
image,SSP2-Base,Business As Usual,SE,Share|ElectricityHV|Geothermal,share,0.0,0.0
image,SSP2-Base,Business As Usual,SE,Share|ElectricityHV|HydroRunofRiver,share,0.3212861184465215,0.3104925002775726
image,SSP2-Base,Business As Usual,SE,Share|ElectricityHV|HydroReservoir,share,0.08032312048622814,0.07762466249850422
image,SSP2-Base,Business As Usual,SE,Share|ElectricityHV|Biomass,share,0.029278871315495322,0.02829524662942022
image,SSP2-Base,Business As Usual,SE,Share|ElectricityHV|Biogas,share,0.0002934474727877417,0.00028358909487453244
image,SSP2-Base,Business As Usual,SE,Share|ElectricityHV|WindOnshore,share,0.11702831782712171,0.1512060571624142
image,SSP2-Base,Business As Usual,SE,Share|ElectricityHV|WindOffshore,share,0.004911812471925856,0.004746799963462085
image,SSP2-Base,Business As Usual,SE,Share|ElectricityHV|SolarThermal,share,0.0,0.0
image,SSP2-Base,Business As Usual,SE,Share|ElectricityHV|SolarPVOpen,share,0.0,0.0
image,SSP2-Base,Business As Usual,SE,Share|ElectricityHV|Hydrogen,share,0.0,0.0
image,SSP2-Base,Business As Usual,SE,Share|ElectricityHV|BatteryHydro,share,0.00013516818004039553,0.000130627200395828
image,SSP2-Base,Business As Usual,SE,Share|ElectricityHV|ImportsES,share,0.0,0.0
image,SSP2-Base,Business As Usual,SE,Share|ElectricityHV|ImportsBG,share,0.0,0.0
image,SSP2-Base,Business As Usual,SE,Share|ElectricityHV|ImportsSE,share,0.0,0.0
image,SSP2-Base,Business As Usual,SE,Share|ElectricityHV|ImportsAT,share,0.0,0.0
image,SSP2-Base,Business As Usual,SE,Share|ElectricityHV|ImportsMK,share,0.0,0.0
image,SSP2-Base,Business As Usual,SE,Share|ElectricityHV|ImportsMD,share,0.0,0.0
image,SSP2-Base,Business As Usual,SE,Share|ElectricityHV|ImportsHR,share,0.0,0.0
image,SSP2-Base,Business As Usual,SE,Share|ElectricityHV|ImportsXK,share,0.0,0.0
image,SSP2-Base,Business As Usual,SE,Share|ElectricityHV|ImportsLU,share,0.0,0.0
image,SSP2-Base,Business As Usual,SE,Share|ElectricityHV|ImportsGR,share,0.0,0.0
image,SSP2-Base,Business As Usual,SE,Share|ElectricityHV|ImportsIS,share,0.0,0.0
image,SSP2-Base,Business As Usual,SE,Share|ElectricityHV|ImportsBA,share,0.0,0.0
image,SSP2-Base,Business As Usual,SE,Share|ElectricityHV|ImportsEE,share,0.0,0.0
image,SSP2-Base,Business As Usual,SE,Share|ElectricityHV|ImportsSK,share,0.0,0.0
image,SSP2-Base,Business As Usual,SE,Share|ElectricityHV|ImportsME,share,0.0,0.0
image,SSP2-Base,Business As Usual,SE,Share|ElectricityHV|ImportsLT,share,0.0017563174908830094,0.0016973139445371592
image,SSP2-Base,Business As Usual,SE,Share|ElectricityHV|ImportsSI,share,0.0,0.0
image,SSP2-Base,Business As Usual,SE,Share|ElectricityHV|ImportsIE,share,0.0,0.0
image,SSP2-Base,Business As Usual,SE,Share|ElectricityHV|ImportsBE,share,0.0,0.0
image,SSP2-Base,Business As Usual,SE,Share|ElectricityHV|ImportsRS,share,0.0,0.0
image,SSP2-Base,Business As Usual,SE,Share|ElectricityHV|ImportsRO,share,0.0,0.0
image,SSP2-Base,Business As Usual,SE,Share|ElectricityHV|ImportsNL,share,0.0,0.0
image,SSP2-Base,Business As Usual,SE,Share|ElectricityHV|ImportsUA,share,0.0,0.0
image,SSP2-Base,Business As Usual,SE,Share|ElectricityHV|ImportsPL,share,0.0011667409480070905,0.0011275442458409425
image,SSP2-Base,Business As Usual,SE,Share|ElectricityHV|ImportsFR,share,0.0,0.0
image,SSP2-Base,Business As Usual,SE,Share|ElectricityHV|ImportsGB,share,0.0,0.0
image,SSP2-Base,Business As Usual,SE,Share|ElectricityHV|ImportsNO,share,0.03214743675891868,0.031067442518383327
image,SSP2-Base,Business As Usual,SE,Share|ElectricityHV|ImportsCZ,share,0.0,0.0
image,SSP2-Base,Business As Usual,SE,Share|ElectricityHV|ImportsMT,share,0.0,0.0
image,SSP2-Base,Business As Usual,SE,Share|ElectricityHV|ImportsDK,share,0.017408023187020595,0.016823200050977805
image,SSP2-Base,Business As Usual,SE,Share|ElectricityHV|ImportsIT,share,0.0,0.0
image,SSP2-Base,Business As Usual,SE,Share|ElectricityHV|ImportsLV,share,0.0,0.0
image,SSP2-Base,Business As Usual,SE,Share|ElectricityHV|ImportsDE,share,0.0035002228440212607,0.003382632737522817
image,SSP2-Base,Business As Usual,SE,Share|ElectricityHV|ImportsPT,share,0.0,0.0
image,SSP2-Base,Business As Usual,SE,Share|ElectricityHV|ImportsFI,share,0.0003103034436189066,0.0002998787887874843
image,SSP2-Base,Business As Usual,SE,Share|ElectricityHV|ImportsBY,share,0.0,0.0
image,SSP2-Base,Business As Usual,SE,Share|ElectricityHV|ImportsGI,share,0.0,0.0
image,SSP2-Base,Business As Usual,SE,Share|ElectricityHV|ImportsAL,share,0.0,0.0
image,SSP2-Base,Business As Usual,SE,Share|ElectricityHV|ImportsHU,share,0.0,0.0
image,SSP2-Base,Business As Usual,SE,Share|ElectricityHV|ImportsCH,share,0.0,0.0
image,SSP2-Base,Business As Usual,SE,Share|ElectricityMV|TransformationHVMV,share,0.9711286102961192,1.0
image,SSP2-Base,Business As Usual,SE,Share|ElectricityMV|SolarPVRoofCommercial,share,0.001221963038942552,0.0
image,SSP2-Base,Business As Usual,SE,Share|ElectricityMV|Waste,share,0.027649426664938293,0.0
image,SSP2-Base,Business As Usual,SE,Share|ElectricityLV|TransformationMVLV,share,0.9951359227347765,1.0
image,SSP2-Base,Business As Usual,SE,Share|ElectricityLV|BatteryChemical,share,0.0,0.0
image,SSP2-Base,Business As Usual,SE,Share|ElectricityLV|SolarPVRoofResidential,share,0.004864077265223553,0.0
image,SSP2-Base,Business As Usual,AT,Share|ElectricityHV|Coal,share,0.013794390971456964,0.0
image,SSP2-Base,Business As Usual,AT,Share|ElectricityHV|CombinedCycle,share,0.03982937696140798,0.0
image,SSP2-Base,Business As Usual,AT,Share|ElectricityHV|GasTurbine,share,0.018670020436035193,0.0
image,SSP2-Base,Business As Usual,AT,Share|ElectricityHV|CogenerationGas,share,0.04875438771313348,0.0
image,SSP2-Base,Business As Usual,AT,Share|ElectricityHV|Nuclear,share,0.0,0.0
image,SSP2-Base,Business As Usual,AT,Share|ElectricityHV|Oil,share,3.229579769918869e-05,0.0
image,SSP2-Base,Business As Usual,AT,Share|ElectricityHV|Geothermal,share,2.0428929838923293e-06,2.1235644917434035e-06
image,SSP2-Base,Business As Usual,AT,Share|ElectricityHV|HydroRunofRiver,share,0.3327040950034718,0.3458421992623739
image,SSP2-Base,Business As Usual,AT,Share|ElectricityHV|HydroReservoir,share,0.11091244949988295,0.11529225530036302
image,SSP2-Base,Business As Usual,AT,Share|ElectricityHV|Biomass,share,0.016474189615296893,0.017124736524689262
image,SSP2-Base,Business As Usual,AT,Share|ElectricityHV|Biogas,share,0.005828929194656597,0.006059106943074024
image,SSP2-Base,Business As Usual,AT,Share|ElectricityHV|WindOnshore,share,0.08309174671281103,0.17274588954735184
image,SSP2-Base,Business As Usual,AT,Share|ElectricityHV|WindOffshore,share,0.0,0.0
image,SSP2-Base,Business As Usual,AT,Share|ElectricityHV|SolarThermal,share,0.0,0.0
image,SSP2-Base,Business As Usual,AT,Share|ElectricityHV|SolarPVOpen,share,0.0,0.0
image,SSP2-Base,Business As Usual,AT,Share|ElectricityHV|Hydrogen,share,0.0,0.0
image,SSP2-Base,Business As Usual,AT,Share|ElectricityHV|BatteryHydro,share,0.03753837746041259,0.03902072506055191
image,SSP2-Base,Business As Usual,AT,Share|ElectricityHV|ImportsES,share,0.0,0.0
image,SSP2-Base,Business As Usual,AT,Share|ElectricityHV|ImportsBG,share,0.0,0.0
image,SSP2-Base,Business As Usual,AT,Share|ElectricityHV|ImportsSE,share,0.0,0.0
image,SSP2-Base,Business As Usual,AT,Share|ElectricityHV|ImportsAT,share,0.0,0.0
image,SSP2-Base,Business As Usual,AT,Share|ElectricityHV|ImportsMK,share,0.0,0.0
image,SSP2-Base,Business As Usual,AT,Share|ElectricityHV|ImportsMD,share,0.0,0.0
image,SSP2-Base,Business As Usual,AT,Share|ElectricityHV|ImportsHR,share,0.0,0.0
image,SSP2-Base,Business As Usual,AT,Share|ElectricityHV|ImportsXK,share,0.0,0.0
image,SSP2-Base,Business As Usual,AT,Share|ElectricityHV|ImportsLU,share,0.0,0.0
image,SSP2-Base,Business As Usual,AT,Share|ElectricityHV|ImportsGR,share,0.0,0.0
image,SSP2-Base,Business As Usual,AT,Share|ElectricityHV|ImportsIS,share,0.0,0.0
image,SSP2-Base,Business As Usual,AT,Share|ElectricityHV|ImportsBA,share,0.0,0.0
image,SSP2-Base,Business As Usual,AT,Share|ElectricityHV|ImportsEE,share,0.0,0.0
image,SSP2-Base,Business As Usual,AT,Share|ElectricityHV|ImportsSK,share,0.0,0.0
image,SSP2-Base,Business As Usual,AT,Share|ElectricityHV|ImportsME,share,0.0,0.0
image,SSP2-Base,Business As Usual,AT,Share|ElectricityHV|ImportsLT,share,0.0,0.0
image,SSP2-Base,Business As Usual,AT,Share|ElectricityHV|ImportsSI,share,0.001878249279014669,0.0019524191952329983
image,SSP2-Base,Business As Usual,AT,Share|ElectricityHV|ImportsIE,share,0.0,0.0
image,SSP2-Base,Business As Usual,AT,Share|ElectricityHV|ImportsBE,share,0.0,0.0
image,SSP2-Base,Business As Usual,AT,Share|ElectricityHV|ImportsRS,share,0.0,0.0
image,SSP2-Base,Business As Usual,AT,Share|ElectricityHV|ImportsRO,share,0.0,0.0
image,SSP2-Base,Business As Usual,AT,Share|ElectricityHV|ImportsNL,share,0.0,0.0
image,SSP2-Base,Business As Usual,AT,Share|ElectricityHV|ImportsUA,share,0.0,0.0
image,SSP2-Base,Business As Usual,AT,Share|ElectricityHV|ImportsPL,share,0.0,0.0
image,SSP2-Base,Business As Usual,AT,Share|ElectricityHV|ImportsFR,share,0.0,0.0
image,SSP2-Base,Business As Usual,AT,Share|ElectricityHV|ImportsGB,share,0.0,0.0
image,SSP2-Base,Business As Usual,AT,Share|ElectricityHV|ImportsNO,share,0.0,0.0
image,SSP2-Base,Business As Usual,AT,Share|ElectricityHV|ImportsCZ,share,0.10586601448319696,0.11004654233555229
image,SSP2-Base,Business As Usual,AT,Share|ElectricityHV|ImportsMT,share,0.0,0.0
image,SSP2-Base,Business As Usual,AT,Share|ElectricityHV|ImportsDK,share,0.0,0.0
image,SSP2-Base,Business As Usual,AT,Share|ElectricityHV|ImportsIT,share,2.103506292205609e-05,2.186571350289627e-05
image,SSP2-Base,Business As Usual,AT,Share|ElectricityHV|ImportsLV,share,0.0,0.0
image,SSP2-Base,Business As Usual,AT,Share|ElectricityHV|ImportsDE,share,0.1660885016541059,0.17264714665940323
image,SSP2-Base,Business As Usual,AT,Share|ElectricityHV|ImportsPT,share,0.0,0.0
image,SSP2-Base,Business As Usual,AT,Share|ElectricityHV|ImportsFI,share,0.0,0.0
image,SSP2-Base,Business As Usual,AT,Share|ElectricityHV|ImportsBY,share,0.0,0.0
image,SSP2-Base,Business As Usual,AT,Share|ElectricityHV|ImportsGI,share,0.0,0.0
image,SSP2-Base,Business As Usual,AT,Share|ElectricityHV|ImportsAL,share,0.0,0.0
image,SSP2-Base,Business As Usual,AT,Share|ElectricityHV|ImportsHU,share,0.0004362923483017078,0.0004535210342284298
image,SSP2-Base,Business As Usual,AT,Share|ElectricityHV|ImportsCH,share,0.01807760491321009,0.018791468859184417
image,SSP2-Base,Business As Usual,AT,Share|ElectricityMV|TransformationHVMV,share,0.9868232761426414,0.9999999999999999
image,SSP2-Base,Business As Usual,AT,Share|ElectricityMV|SolarPVRoofCommercial,share,0.00624731727888814,0.0
image,SSP2-Base,Business As Usual,AT,Share|ElectricityMV|Waste,share,0.006929406578470357,0.0
image,SSP2-Base,Business As Usual,AT,Share|ElectricityLV|TransformationMVLV,share,0.9756199700147931,0.9261902992761124
image,SSP2-Base,Business As Usual,AT,Share|ElectricityLV|BatteryChemical,share,0.0,0.0
image,SSP2-Base,Business As Usual,AT,Share|ElectricityLV|SolarPVRoofResidential,share,0.024380029985206983,0.07380970072388765
image,SSP2-Base,Business As Usual,MK,Share|ElectricityHV|Coal,share,0.40986970027093383,0.385931841944926
image,SSP2-Base,Business As Usual,MK,Share|ElectricityHV|CombinedCycle,share,0.0,0.0
image,SSP2-Base,Business As Usual,MK,Share|ElectricityHV|GasTurbine,share,0.0,0.0
image,SSP2-Base,Business As Usual,MK,Share|ElectricityHV|CogenerationGas,share,0.11185934242459535,0.10532635623500788
image,SSP2-Base,Business As Usual,MK,Share|ElectricityHV|Nuclear,share,0.0,0.0
image,SSP2-Base,Business As Usual,MK,Share|ElectricityHV|Oil,share,0.007134935910544246,0.0067182301016521645
image,SSP2-Base,Business As Usual,MK,Share|ElectricityHV|Geothermal,share,0.0,0.0
image,SSP2-Base,Business As Usual,MK,Share|ElectricityHV|HydroRunofRiver,share,0.02628954376279499,0.027273030649118127
image,SSP2-Base,Business As Usual,MK,Share|ElectricityHV|HydroReservoir,share,0.11983140877245495,0.12431427923078987
image,SSP2-Base,Business As Usual,MK,Share|ElectricityHV|Biomass,share,0.0,0.0
image,SSP2-Base,Business As Usual,MK,Share|ElectricityHV|Biogas,share,0.006438502598607727,0.0066793657695483144
image,SSP2-Base,Business As Usual,MK,Share|ElectricityHV|WindOnshore,share,0.012784186390998995,0.026524880797603165
image,SSP2-Base,Business As Usual,MK,Share|ElectricityHV|WindOffshore,share,0.0,0.0
image,SSP2-Base,Business As Usual,MK,Share|ElectricityHV|SolarThermal,share,0.0,0.0
image,SSP2-Base,Business As Usual,MK,Share|ElectricityHV|SolarPVOpen,share,0.0,0.0
image,SSP2-Base,Business As Usual,MK,Share|ElectricityHV|Hydrogen,share,0.0,0.0
image,SSP2-Base,Business As Usual,MK,Share|ElectricityHV|BatteryHydro,share,0.0,0.0
image,SSP2-Base,Business As Usual,MK,Share|ElectricityHV|ImportsES,share,0.0,0.0
image,SSP2-Base,Business As Usual,MK,Share|ElectricityHV|ImportsBG,share,0.1862176176046269,0.19318398364615824
image,SSP2-Base,Business As Usual,MK,Share|ElectricityHV|ImportsSE,share,0.0,0.0
image,SSP2-Base,Business As Usual,MK,Share|ElectricityHV|ImportsAT,share,0.0,0.0
image,SSP2-Base,Business As Usual,MK,Share|ElectricityHV|ImportsMK,share,0.0,0.0
image,SSP2-Base,Business As Usual,MK,Share|ElectricityHV|ImportsMD,share,0.0,0.0
image,SSP2-Base,Business As Usual,MK,Share|ElectricityHV|ImportsHR,share,0.0,0.0
image,SSP2-Base,Business As Usual,MK,Share|ElectricityHV|ImportsXK,share,0.0,0.0
image,SSP2-Base,Business As Usual,MK,Share|ElectricityHV|ImportsLU,share,0.0,0.0
image,SSP2-Base,Business As Usual,MK,Share|ElectricityHV|ImportsGR,share,0.0012563816311102394,0.0013033826315674197
image,SSP2-Base,Business As Usual,MK,Share|ElectricityHV|ImportsIS,share,0.0,0.0
image,SSP2-Base,Business As Usual,MK,Share|ElectricityHV|ImportsBA,share,0.0,0.0
image,SSP2-Base,Business As Usual,MK,Share|ElectricityHV|ImportsEE,share,0.0,0.0
image,SSP2-Base,Business As Usual,MK,Share|ElectricityHV|ImportsSK,share,0.0,0.0
image,SSP2-Base,Business As Usual,MK,Share|ElectricityHV|ImportsME,share,0.0,0.0
image,SSP2-Base,Business As Usual,MK,Share|ElectricityHV|ImportsLT,share,0.0,0.0
image,SSP2-Base,Business As Usual,MK,Share|ElectricityHV|ImportsSI,share,0.0,0.0
image,SSP2-Base,Business As Usual,MK,Share|ElectricityHV|ImportsIE,share,0.0,0.0
image,SSP2-Base,Business As Usual,MK,Share|ElectricityHV|ImportsBE,share,0.0,0.0
image,SSP2-Base,Business As Usual,MK,Share|ElectricityHV|ImportsRS,share,0.11831838063333294,0.12274464899362879
image,SSP2-Base,Business As Usual,MK,Share|ElectricityHV|ImportsRO,share,0.0,0.0
image,SSP2-Base,Business As Usual,MK,Share|ElectricityHV|ImportsNL,share,0.0,0.0
image,SSP2-Base,Business As Usual,MK,Share|ElectricityHV|ImportsUA,share,0.0,0.0
image,SSP2-Base,Business As Usual,MK,Share|ElectricityHV|ImportsPL,share,0.0,0.0
image,SSP2-Base,Business As Usual,MK,Share|ElectricityHV|ImportsFR,share,0.0,0.0
image,SSP2-Base,Business As Usual,MK,Share|ElectricityHV|ImportsGB,share,0.0,0.0
image,SSP2-Base,Business As Usual,MK,Share|ElectricityHV|ImportsNO,share,0.0,0.0
image,SSP2-Base,Business As Usual,MK,Share|ElectricityHV|ImportsCZ,share,0.0,0.0
image,SSP2-Base,Business As Usual,MK,Share|ElectricityHV|ImportsMT,share,0.0,0.0
image,SSP2-Base,Business As Usual,MK,Share|ElectricityHV|ImportsDK,share,0.0,0.0
image,SSP2-Base,Business As Usual,MK,Share|ElectricityHV|ImportsIT,share,0.0,0.0
image,SSP2-Base,Business As Usual,MK,Share|ElectricityHV|ImportsLV,share,0.0,0.0
image,SSP2-Base,Business As Usual,MK,Share|ElectricityHV|ImportsDE,share,0.0,0.0
image,SSP2-Base,Business As Usual,MK,Share|ElectricityHV|ImportsPT,share,0.0,0.0
image,SSP2-Base,Business As Usual,MK,Share|ElectricityHV|ImportsFI,share,0.0,0.0
image,SSP2-Base,Business As Usual,MK,Share|ElectricityHV|ImportsBY,share,0.0,0.0
image,SSP2-Base,Business As Usual,MK,Share|ElectricityHV|ImportsGI,share,0.0,0.0
image,SSP2-Base,Business As Usual,MK,Share|ElectricityHV|ImportsAL,share,0.0,0.0
image,SSP2-Base,Business As Usual,MK,Share|ElectricityHV|ImportsHU,share,0.0,0.0
image,SSP2-Base,Business As Usual,MK,Share|ElectricityHV|ImportsCH,share,0.0,0.0
image,SSP2-Base,Business As Usual,MK,Share|ElectricityMV|TransformationHVMV,share,0.9991800030923378,0.979591836734694
image,SSP2-Base,Business As Usual,MK,Share|ElectricityMV|SolarPVRoofCommercial,share,0.0008199969076622507,0.020408163265306124
image,SSP2-Base,Business As Usual,MK,Share|ElectricityMV|Waste,share,0.0,0.0
image,SSP2-Base,Business As Usual,MK,Share|ElectricityLV|TransformationMVLV,share,0.9967307355164184,0.98
image,SSP2-Base,Business As Usual,MK,Share|ElectricityLV|BatteryChemical,share,0.0,0.0
image,SSP2-Base,Business As Usual,MK,Share|ElectricityLV|SolarPVRoofResidential,share,0.0032692644835815355,0.02
image,SSP2-Base,Business As Usual,MD,Share|ElectricityHV|Coal,share,0.0,0.0
image,SSP2-Base,Business As Usual,MD,Share|ElectricityHV|CombinedCycle,share,0.0,0.0
image,SSP2-Base,Business As Usual,MD,Share|ElectricityHV|GasTurbine,share,0.7086999948145052,0.6878025406417239
image,SSP2-Base,Business As Usual,MD,Share|ElectricityHV|CogenerationGas,share,0.12177352852075903,0.11818278949107058
image,SSP2-Base,Business As Usual,MD,Share|ElectricityHV|Nuclear,share,0.0,0.0
image,SSP2-Base,Business As Usual,MD,Share|ElectricityHV|Oil,share,0.0,0.0
image,SSP2-Base,Business As Usual,MD,Share|ElectricityHV|Geothermal,share,0.0,0.0
image,SSP2-Base,Business As Usual,MD,Share|ElectricityHV|HydroRunofRiver,share,0.05073026188122591,0.0528217345865656
image,SSP2-Base,Business As Usual,MD,Share|ElectricityHV|HydroReservoir,share,0.0,0.0
image,SSP2-Base,Business As Usual,MD,Share|ElectricityHV|Biomass,share,0.0,0.0
image,SSP2-Base,Business As Usual,MD,Share|ElectricityHV|Biogas,share,0.0,0.0
image,SSP2-Base,Business As Usual,MD,Share|ElectricityHV|WindOnshore,share,0.0032022424443298703,0.020833333333333336
image,SSP2-Base,Business As Usual,MD,Share|ElectricityHV|WindOffshore,share,0.0,0.0
image,SSP2-Base,Business As Usual,MD,Share|ElectricityHV|SolarThermal,share,0.0,0.0
image,SSP2-Base,Business As Usual,MD,Share|ElectricityHV|SolarPVOpen,share,0.0,0.0
image,SSP2-Base,Business As Usual,MD,Share|ElectricityHV|Hydrogen,share,0.0,0.0
image,SSP2-Base,Business As Usual,MD,Share|ElectricityHV|BatteryHydro,share,0.0,0.0
image,SSP2-Base,Business As Usual,MD,Share|ElectricityHV|ImportsES,share,0.0,0.0
image,SSP2-Base,Business As Usual,MD,Share|ElectricityHV|ImportsBG,share,0.0,0.0
image,SSP2-Base,Business As Usual,MD,Share|ElectricityHV|ImportsSE,share,0.0,0.0
image,SSP2-Base,Business As Usual,MD,Share|ElectricityHV|ImportsAT,share,0.0,0.0
image,SSP2-Base,Business As Usual,MD,Share|ElectricityHV|ImportsMK,share,0.0,0.0
image,SSP2-Base,Business As Usual,MD,Share|ElectricityHV|ImportsMD,share,0.0,0.0
image,SSP2-Base,Business As Usual,MD,Share|ElectricityHV|ImportsHR,share,0.0,0.0
image,SSP2-Base,Business As Usual,MD,Share|ElectricityHV|ImportsXK,share,0.0,0.0
image,SSP2-Base,Business As Usual,MD,Share|ElectricityHV|ImportsLU,share,0.0,0.0
image,SSP2-Base,Business As Usual,MD,Share|ElectricityHV|ImportsGR,share,0.0,0.0
image,SSP2-Base,Business As Usual,MD,Share|ElectricityHV|ImportsIS,share,0.0,0.0
image,SSP2-Base,Business As Usual,MD,Share|ElectricityHV|ImportsBA,share,0.0,0.0
image,SSP2-Base,Business As Usual,MD,Share|ElectricityHV|ImportsEE,share,0.0,0.0
image,SSP2-Base,Business As Usual,MD,Share|ElectricityHV|ImportsSK,share,0.0,0.0
image,SSP2-Base,Business As Usual,MD,Share|ElectricityHV|ImportsME,share,0.0,0.0
image,SSP2-Base,Business As Usual,MD,Share|ElectricityHV|ImportsLT,share,0.0,0.0
image,SSP2-Base,Business As Usual,MD,Share|ElectricityHV|ImportsSI,share,0.0,0.0
image,SSP2-Base,Business As Usual,MD,Share|ElectricityHV|ImportsIE,share,0.0,0.0
image,SSP2-Base,Business As Usual,MD,Share|ElectricityHV|ImportsBE,share,0.0,0.0
image,SSP2-Base,Business As Usual,MD,Share|ElectricityHV|ImportsRS,share,0.0,0.0
image,SSP2-Base,Business As Usual,MD,Share|ElectricityHV|ImportsRO,share,0.0,0.0
image,SSP2-Base,Business As Usual,MD,Share|ElectricityHV|ImportsNL,share,0.0,0.0
image,SSP2-Base,Business As Usual,MD,Share|ElectricityHV|ImportsUA,share,0.11559397233918003,0.12035960194730662
image,SSP2-Base,Business As Usual,MD,Share|ElectricityHV|ImportsPL,share,0.0,0.0
image,SSP2-Base,Business As Usual,MD,Share|ElectricityHV|ImportsFR,share,0.0,0.0
image,SSP2-Base,Business As Usual,MD,Share|ElectricityHV|ImportsGB,share,0.0,0.0
image,SSP2-Base,Business As Usual,MD,Share|ElectricityHV|ImportsNO,share,0.0,0.0
image,SSP2-Base,Business As Usual,MD,Share|ElectricityHV|ImportsCZ,share,0.0,0.0
image,SSP2-Base,Business As Usual,MD,Share|ElectricityHV|ImportsMT,share,0.0,0.0
image,SSP2-Base,Business As Usual,MD,Share|ElectricityHV|ImportsDK,share,0.0,0.0
image,SSP2-Base,Business As Usual,MD,Share|ElectricityHV|ImportsIT,share,0.0,0.0
image,SSP2-Base,Business As Usual,MD,Share|ElectricityHV|ImportsLV,share,0.0,0.0
image,SSP2-Base,Business As Usual,MD,Share|ElectricityHV|ImportsDE,share,0.0,0.0
image,SSP2-Base,Business As Usual,MD,Share|ElectricityHV|ImportsPT,share,0.0,0.0
image,SSP2-Base,Business As Usual,MD,Share|ElectricityHV|ImportsFI,share,0.0,0.0
image,SSP2-Base,Business As Usual,MD,Share|ElectricityHV|ImportsBY,share,0.0,0.0
image,SSP2-Base,Business As Usual,MD,Share|ElectricityHV|ImportsGI,share,0.0,0.0
image,SSP2-Base,Business As Usual,MD,Share|ElectricityHV|ImportsAL,share,0.0,0.0
image,SSP2-Base,Business As Usual,MD,Share|ElectricityHV|ImportsHU,share,0.0,0.0
image,SSP2-Base,Business As Usual,MD,Share|ElectricityHV|ImportsCH,share,0.0,0.0
image,SSP2-Base,Business As Usual,MD,Share|ElectricityMV|TransformationHVMV,share,0.9999156168353686,0.9795918367346939
image,SSP2-Base,Business As Usual,MD,Share|ElectricityMV|SolarPVRoofCommercial,share,8.438316463139575e-05,0.020408163265306124
image,SSP2-Base,Business As Usual,MD,Share|ElectricityMV|Waste,share,0.0,0.0
image,SSP2-Base,Business As Usual,MD,Share|ElectricityLV|TransformationMVLV,share,0.9996625812313285,0.98
image,SSP2-Base,Business As Usual,MD,Share|ElectricityLV|BatteryChemical,share,0.0,0.0
image,SSP2-Base,Business As Usual,MD,Share|ElectricityLV|SolarPVRoofResidential,share,0.0003374187686715571,0.02
image,SSP2-Base,Business As Usual,HR,Share|ElectricityHV|Coal,share,0.06449075913622566,0.02424703025643445
image,SSP2-Base,Business As Usual,HR,Share|ElectricityHV|CombinedCycle,share,5.153868991030507e-05,1.9377352513287476e-05
image,SSP2-Base,Business As Usual,HR,Share|ElectricityHV|GasTurbine,share,0.0,0.0
image,SSP2-Base,Business As Usual,HR,Share|ElectricityHV|CogenerationGas,share,0.09207188726745574,0.034616894982199095
image,SSP2-Base,Business As Usual,HR,Share|ElectricityHV|Nuclear,share,0.0,0.0
image,SSP2-Base,Business As Usual,HR,Share|ElectricityHV|Oil,share,0.0001744386427733399,6.558488542958827e-05
image,SSP2-Base,Business As Usual,HR,Share|ElectricityHV|Geothermal,share,0.0035981813161941076,0.003738577755405036
image,SSP2-Base,Business As Usual,HR,Share|ElectricityHV|HydroRunofRiver,share,0.004952694444869056,0.005145942256320327
image,SSP2-Base,Business As Usual,HR,Share|ElectricityHV|HydroReservoir,share,0.24296027291750283,0.25244027244776907
image,SSP2-Base,Business As Usual,HR,Share|ElectricityHV|Biomass,share,0.018918663711690487,0.019656845806015795
image,SSP2-Base,Business As Usual,HR,Share|ElectricityHV|Biogas,share,0.01521977158197399,0.01581362762977677
image,SSP2-Base,Business As Usual,HR,Share|ElectricityHV|WindOnshore,share,0.06250003384949117,0.12987741068530656
image,SSP2-Base,Business As Usual,HR,Share|ElectricityHV|WindOffshore,share,0.0,0.0
image,SSP2-Base,Business As Usual,HR,Share|ElectricityHV|SolarThermal,share,0.0,0.0
image,SSP2-Base,Business As Usual,HR,Share|ElectricityHV|SolarPVOpen,share,0.0,0.0
image,SSP2-Base,Business As Usual,HR,Share|ElectricityHV|Hydrogen,share,0.0,0.0
image,SSP2-Base,Business As Usual,HR,Share|ElectricityHV|BatteryHydro,share,0.0045363958324615376,0.004713400203770585
image,SSP2-Base,Business As Usual,HR,Share|ElectricityHV|ImportsES,share,0.0,0.0
image,SSP2-Base,Business As Usual,HR,Share|ElectricityHV|ImportsBG,share,0.0,0.0
image,SSP2-Base,Business As Usual,HR,Share|ElectricityHV|ImportsSE,share,0.0,0.0
image,SSP2-Base,Business As Usual,HR,Share|ElectricityHV|ImportsAT,share,0.0,0.0
image,SSP2-Base,Business As Usual,HR,Share|ElectricityHV|ImportsMK,share,0.0,0.0
image,SSP2-Base,Business As Usual,HR,Share|ElectricityHV|ImportsMD,share,0.0,0.0
image,SSP2-Base,Business As Usual,HR,Share|ElectricityHV|ImportsHR,share,0.0,0.0
image,SSP2-Base,Business As Usual,HR,Share|ElectricityHV|ImportsXK,share,0.0,0.0
image,SSP2-Base,Business As Usual,HR,Share|ElectricityHV|ImportsLU,share,0.0,0.0
image,SSP2-Base,Business As Usual,HR,Share|ElectricityHV|ImportsGR,share,0.0,0.0
image,SSP2-Base,Business As Usual,HR,Share|ElectricityHV|ImportsIS,share,0.0,0.0
image,SSP2-Base,Business As Usual,HR,Share|ElectricityHV|ImportsBA,share,0.11910324791027692,0.12375050452010956
image,SSP2-Base,Business As Usual,HR,Share|ElectricityHV|ImportsEE,share,0.0,0.0
image,SSP2-Base,Business As Usual,HR,Share|ElectricityHV|ImportsSK,share,0.0,0.0
image,SSP2-Base,Business As Usual,HR,Share|ElectricityHV|ImportsME,share,0.0,0.0
image,SSP2-Base,Business As Usual,HR,Share|ElectricityHV|ImportsLT,share,0.0,0.0
image,SSP2-Base,Business As Usual,HR,Share|ElectricityHV|ImportsSI,share,0.1712071541379139,0.17788743861947087
image,SSP2-Base,Business As Usual,HR,Share|ElectricityHV|ImportsIE,share,0.0,0.0
image,SSP2-Base,Business As Usual,HR,Share|ElectricityHV|ImportsBE,share,0.0,0.0
image,SSP2-Base,Business As Usual,HR,Share|ElectricityHV|ImportsRS,share,0.01794164235914509,0.01864170232818642
image,SSP2-Base,Business As Usual,HR,Share|ElectricityHV|ImportsRO,share,0.0,0.0
image,SSP2-Base,Business As Usual,HR,Share|ElectricityHV|ImportsNL,share,0.0,0.0
image,SSP2-Base,Business As Usual,HR,Share|ElectricityHV|ImportsUA,share,0.0,0.0
image,SSP2-Base,Business As Usual,HR,Share|ElectricityHV|ImportsPL,share,0.0,0.0
image,SSP2-Base,Business As Usual,HR,Share|ElectricityHV|ImportsFR,share,0.0,0.0
image,SSP2-Base,Business As Usual,HR,Share|ElectricityHV|ImportsGB,share,0.0,0.0
image,SSP2-Base,Business As Usual,HR,Share|ElectricityHV|ImportsNO,share,0.0,0.0
image,SSP2-Base,Business As Usual,HR,Share|ElectricityHV|ImportsCZ,share,0.0,0.0
image,SSP2-Base,Business As Usual,HR,Share|ElectricityHV|ImportsMT,share,0.0,0.0
image,SSP2-Base,Business As Usual,HR,Share|ElectricityHV|ImportsDK,share,0.0,0.0
image,SSP2-Base,Business As Usual,HR,Share|ElectricityHV|ImportsIT,share,0.0,0.0
image,SSP2-Base,Business As Usual,HR,Share|ElectricityHV|ImportsLV,share,0.0,0.0
image,SSP2-Base,Business As Usual,HR,Share|ElectricityHV|ImportsDE,share,0.0,0.0
image,SSP2-Base,Business As Usual,HR,Share|ElectricityHV|ImportsPT,share,0.0,0.0
image,SSP2-Base,Business As Usual,HR,Share|ElectricityHV|ImportsFI,share,0.0,0.0
image,SSP2-Base,Business As Usual,HR,Share|ElectricityHV|ImportsBY,share,0.0,0.0
image,SSP2-Base,Business As Usual,HR,Share|ElectricityHV|ImportsGI,share,0.0,0.0
image,SSP2-Base,Business As Usual,HR,Share|ElectricityHV|ImportsAL,share,0.0,0.0
image,SSP2-Base,Business As Usual,HR,Share|ElectricityHV|ImportsHU,share,0.1822733182021159,0.18938539027129261
image,SSP2-Base,Business As Usual,HR,Share|ElectricityHV|ImportsCH,share,0.0,0.0
image,SSP2-Base,Business As Usual,HR,Share|ElectricityMV|TransformationHVMV,share,0.9988388706057305,0.9795267562873253
image,SSP2-Base,Business As Usual,HR,Share|ElectricityMV|SolarPVRoofCommercial,share,0.0011611293942695284,0.020473243712674852
image,SSP2-Base,Business As Usual,HR,Share|ElectricityMV|Waste,share,0.0,0.0
image,SSP2-Base,Business As Usual,HR,Share|ElectricityLV|TransformationMVLV,share,0.9953769542402129,0.9768847712010642
image,SSP2-Base,Business As Usual,HR,Share|ElectricityLV|BatteryChemical,share,0.0,0.0
image,SSP2-Base,Business As Usual,HR,Share|ElectricityLV|SolarPVRoofResidential,share,0.004623045759787147,0.02311522879893574
image,SSP2-Base,Business As Usual,XK,Share|ElectricityHV|Coal,share,0.9458016160655832,0.9278351544780651
image,SSP2-Base,Business As Usual,XK,Share|ElectricityHV|CombinedCycle,share,0.0,0.0
image,SSP2-Base,Business As Usual,XK,Share|ElectricityHV|GasTurbine,share,0.0,0.0
image,SSP2-Base,Business As Usual,XK,Share|ElectricityHV|CogenerationGas,share,0.0,0.0
image,SSP2-Base,Business As Usual,XK,Share|ElectricityHV|Nuclear,share,0.0,0.0
image,SSP2-Base,Business As Usual,XK,Share|ElectricityHV|Oil,share,0.0027345597574532404,0.0026826140195664386
image,SSP2-Base,Business As Usual,XK,Share|ElectricityHV|Geothermal,share,0.0,0.0
image,SSP2-Base,Business As Usual,XK,Share|ElectricityHV|HydroRunofRiver,share,0.036096167407604504,0.03752785700166987
image,SSP2-Base,Business As Usual,XK,Share|ElectricityHV|HydroReservoir,share,0.0,0.0
image,SSP2-Base,Business As Usual,XK,Share|ElectricityHV|Biomass,share,0.0,0.0
image,SSP2-Base,Business As Usual,XK,Share|ElectricityHV|Biogas,share,0.0,0.0
image,SSP2-Base,Business As Usual,XK,Share|ElectricityHV|WindOnshore,share,0.015367656769359103,0.031954374500698594
image,SSP2-Base,Business As Usual,XK,Share|ElectricityHV|WindOffshore,share,0.0,0.0
image,SSP2-Base,Business As Usual,XK,Share|ElectricityHV|SolarThermal,share,0.0,0.0
image,SSP2-Base,Business As Usual,XK,Share|ElectricityHV|SolarPVOpen,share,0.0,0.0
image,SSP2-Base,Business As Usual,XK,Share|ElectricityHV|Hydrogen,share,0.0,0.0
image,SSP2-Base,Business As Usual,XK,Share|ElectricityHV|BatteryHydro,share,0.0,0.0
image,SSP2-Base,Business As Usual,XK,Share|ElectricityHV|ImportsES,share,0.0,0.0
image,SSP2-Base,Business As Usual,XK,Share|ElectricityHV|ImportsBG,share,0.0,0.0
image,SSP2-Base,Business As Usual,XK,Share|ElectricityHV|ImportsSE,share,0.0,0.0
image,SSP2-Base,Business As Usual,XK,Share|ElectricityHV|ImportsAT,share,0.0,0.0
image,SSP2-Base,Business As Usual,XK,Share|ElectricityHV|ImportsMK,share,0.0,0.0
image,SSP2-Base,Business As Usual,XK,Share|ElectricityHV|ImportsMD,share,0.0,0.0
image,SSP2-Base,Business As Usual,XK,Share|ElectricityHV|ImportsHR,share,0.0,0.0
image,SSP2-Base,Business As Usual,XK,Share|ElectricityHV|ImportsXK,share,0.0,0.0
image,SSP2-Base,Business As Usual,XK,Share|ElectricityHV|ImportsLU,share,0.0,0.0
image,SSP2-Base,Business As Usual,XK,Share|ElectricityHV|ImportsGR,share,0.0,0.0
image,SSP2-Base,Business As Usual,XK,Share|ElectricityHV|ImportsIS,share,0.0,0.0
image,SSP2-Base,Business As Usual,XK,Share|ElectricityHV|ImportsBA,share,0.0,0.0
image,SSP2-Base,Business As Usual,XK,Share|ElectricityHV|ImportsEE,share,0.0,0.0
image,SSP2-Base,Business As Usual,XK,Share|ElectricityHV|ImportsSK,share,0.0,0.0
image,SSP2-Base,Business As Usual,XK,Share|ElectricityHV|ImportsME,share,0.0,0.0
image,SSP2-Base,Business As Usual,XK,Share|ElectricityHV|ImportsLT,share,0.0,0.0
image,SSP2-Base,Business As Usual,XK,Share|ElectricityHV|ImportsSI,share,0.0,0.0
image,SSP2-Base,Business As Usual,XK,Share|ElectricityHV|ImportsIE,share,0.0,0.0
image,SSP2-Base,Business As Usual,XK,Share|ElectricityHV|ImportsBE,share,0.0,0.0
image,SSP2-Base,Business As Usual,XK,Share|ElectricityHV|ImportsRS,share,0.0,0.0
image,SSP2-Base,Business As Usual,XK,Share|ElectricityHV|ImportsRO,share,0.0,0.0
image,SSP2-Base,Business As Usual,XK,Share|ElectricityHV|ImportsNL,share,0.0,0.0
image,SSP2-Base,Business As Usual,XK,Share|ElectricityHV|ImportsUA,share,0.0,0.0
image,SSP2-Base,Business As Usual,XK,Share|ElectricityHV|ImportsPL,share,0.0,0.0
image,SSP2-Base,Business As Usual,XK,Share|ElectricityHV|ImportsFR,share,0.0,0.0
image,SSP2-Base,Business As Usual,XK,Share|ElectricityHV|ImportsGB,share,0.0,0.0
image,SSP2-Base,Business As Usual,XK,Share|ElectricityHV|ImportsNO,share,0.0,0.0
image,SSP2-Base,Business As Usual,XK,Share|ElectricityHV|ImportsCZ,share,0.0,0.0
image,SSP2-Base,Business As Usual,XK,Share|ElectricityHV|ImportsMT,share,0.0,0.0
image,SSP2-Base,Business As Usual,XK,Share|ElectricityHV|ImportsDK,share,0.0,0.0
image,SSP2-Base,Business As Usual,XK,Share|ElectricityHV|ImportsIT,share,0.0,0.0
image,SSP2-Base,Business As Usual,XK,Share|ElectricityHV|ImportsLV,share,0.0,0.0
image,SSP2-Base,Business As Usual,XK,Share|ElectricityHV|ImportsDE,share,0.0,0.0
image,SSP2-Base,Business As Usual,XK,Share|ElectricityHV|ImportsPT,share,0.0,0.0
image,SSP2-Base,Business As Usual,XK,Share|ElectricityHV|ImportsFI,share,0.0,0.0
image,SSP2-Base,Business As Usual,XK,Share|ElectricityHV|ImportsBY,share,0.0,0.0
image,SSP2-Base,Business As Usual,XK,Share|ElectricityHV|ImportsGI,share,0.0,0.0
image,SSP2-Base,Business As Usual,XK,Share|ElectricityHV|ImportsAL,share,0.0,0.0
image,SSP2-Base,Business As Usual,XK,Share|ElectricityHV|ImportsHU,share,0.0,0.0
image,SSP2-Base,Business As Usual,XK,Share|ElectricityHV|ImportsCH,share,0.0,0.0
image,SSP2-Base,Business As Usual,XK,Share|ElectricityMV|TransformationHVMV,share,0.9996147420813052,0.9795918367346939
image,SSP2-Base,Business As Usual,XK,Share|ElectricityMV|SolarPVRoofCommercial,share,0.0003852579186948124,0.020408163265306124
image,SSP2-Base,Business As Usual,XK,Share|ElectricityMV|Waste,share,0.0,0.0
image,SSP2-Base,Business As Usual,XK,Share|ElectricityLV|TransformationMVLV,share,0.9984613394498653,0.98
image,SSP2-Base,Business As Usual,XK,Share|ElectricityLV|BatteryChemical,share,0.0,0.0
image,SSP2-Base,Business As Usual,XK,Share|ElectricityLV|SolarPVRoofResidential,share,0.0015386605501347596,0.02
image,SSP2-Base,Business As Usual,LU,Share|ElectricityHV|Coal,share,0.0,0.0
image,SSP2-Base,Business As Usual,LU,Share|ElectricityHV|CombinedCycle,share,0.0,0.0
image,SSP2-Base,Business As Usual,LU,Share|ElectricityHV|GasTurbine,share,0.0,0.0
image,SSP2-Base,Business As Usual,LU,Share|ElectricityHV|CogenerationGas,share,0.013141972565798124,0.0
image,SSP2-Base,Business As Usual,LU,Share|ElectricityHV|Nuclear,share,0.0,0.0
image,SSP2-Base,Business As Usual,LU,Share|ElectricityHV|Oil,share,3.0238166965553106e-05,0.0
image,SSP2-Base,Business As Usual,LU,Share|ElectricityHV|Geothermal,share,0.0,0.0
image,SSP2-Base,Business As Usual,LU,Share|ElectricityHV|HydroRunofRiver,share,0.012188376633670403,0.011944671626134036
image,SSP2-Base,Business As Usual,LU,Share|ElectricityHV|HydroReservoir,share,0.0,0.0
image,SSP2-Base,Business As Usual,LU,Share|ElectricityHV|Biomass,share,0.018519714259979603,0.018149414979037493
image,SSP2-Base,Business As Usual,LU,Share|ElectricityHV|Biogas,share,0.0,0.0
image,SSP2-Base,Business As Usual,LU,Share|ElectricityHV|WindOnshore,share,0.033575032607176786,0.06580740838309648
image,SSP2-Base,Business As Usual,LU,Share|ElectricityHV|WindOffshore,share,0.0,0.0
image,SSP2-Base,Business As Usual,LU,Share|ElectricityHV|SolarThermal,share,0.0,0.0
image,SSP2-Base,Business As Usual,LU,Share|ElectricityHV|SolarPVOpen,share,0.0,0.0
image,SSP2-Base,Business As Usual,LU,Share|ElectricityHV|Hydrogen,share,0.0,0.0
image,SSP2-Base,Business As Usual,LU,Share|ElectricityHV|BatteryHydro,share,0.10055034722519603,0.09853985609378424
image,SSP2-Base,Business As Usual,LU,Share|ElectricityHV|ImportsES,share,0.0,0.0
image,SSP2-Base,Business As Usual,LU,Share|ElectricityHV|ImportsBG,share,0.0,0.0
image,SSP2-Base,Business As Usual,LU,Share|ElectricityHV|ImportsSE,share,0.0,0.0
image,SSP2-Base,Business As Usual,LU,Share|ElectricityHV|ImportsAT,share,0.0,0.0
image,SSP2-Base,Business As Usual,LU,Share|ElectricityHV|ImportsMK,share,0.0,0.0
image,SSP2-Base,Business As Usual,LU,Share|ElectricityHV|ImportsMD,share,0.0,0.0
image,SSP2-Base,Business As Usual,LU,Share|ElectricityHV|ImportsHR,share,0.0,0.0
image,SSP2-Base,Business As Usual,LU,Share|ElectricityHV|ImportsXK,share,0.0,0.0
image,SSP2-Base,Business As Usual,LU,Share|ElectricityHV|ImportsLU,share,0.0,0.0
image,SSP2-Base,Business As Usual,LU,Share|ElectricityHV|ImportsGR,share,0.0,0.0
image,SSP2-Base,Business As Usual,LU,Share|ElectricityHV|ImportsIS,share,0.0,0.0
image,SSP2-Base,Business As Usual,LU,Share|ElectricityHV|ImportsBA,share,0.0,0.0
image,SSP2-Base,Business As Usual,LU,Share|ElectricityHV|ImportsEE,share,0.0,0.0
image,SSP2-Base,Business As Usual,LU,Share|ElectricityHV|ImportsSK,share,0.0,0.0
image,SSP2-Base,Business As Usual,LU,Share|ElectricityHV|ImportsME,share,0.0,0.0
image,SSP2-Base,Business As Usual,LU,Share|ElectricityHV|ImportsLT,share,0.0,0.0
image,SSP2-Base,Business As Usual,LU,Share|ElectricityHV|ImportsSI,share,0.0,0.0
image,SSP2-Base,Business As Usual,LU,Share|ElectricityHV|ImportsIE,share,0.0,0.0
image,SSP2-Base,Business As Usual,LU,Share|ElectricityHV|ImportsBE,share,0.028947136784732406,0.028368342544916148
image,SSP2-Base,Business As Usual,LU,Share|ElectricityHV|ImportsRS,share,0.0,0.0
image,SSP2-Base,Business As Usual,LU,Share|ElectricityHV|ImportsRO,share,0.0,0.0
image,SSP2-Base,Business As Usual,LU,Share|ElectricityHV|ImportsNL,share,0.0,0.0
image,SSP2-Base,Business As Usual,LU,Share|ElectricityHV|ImportsUA,share,0.0,0.0
image,SSP2-Base,Business As Usual,LU,Share|ElectricityHV|ImportsPL,share,0.0,0.0
image,SSP2-Base,Business As Usual,LU,Share|ElectricityHV|ImportsFR,share,0.16130344775934802,0.15807820627450261
image,SSP2-Base,Business As Usual,LU,Share|ElectricityHV|ImportsGB,share,0.0,0.0
image,SSP2-Base,Business As Usual,LU,Share|ElectricityHV|ImportsNO,share,0.0,0.0
image,SSP2-Base,Business As Usual,LU,Share|ElectricityHV|ImportsCZ,share,0.0,0.0
image,SSP2-Base,Business As Usual,LU,Share|ElectricityHV|ImportsMT,share,0.0,0.0
image,SSP2-Base,Business As Usual,LU,Share|ElectricityHV|ImportsDK,share,0.0,0.0
image,SSP2-Base,Business As Usual,LU,Share|ElectricityHV|ImportsIT,share,0.0,0.0
image,SSP2-Base,Business As Usual,LU,Share|ElectricityHV|ImportsLV,share,0.0,0.0
image,SSP2-Base,Business As Usual,LU,Share|ElectricityHV|ImportsDE,share,0.6317437339971331,0.619112100098529
image,SSP2-Base,Business As Usual,LU,Share|ElectricityHV|ImportsPT,share,0.0,0.0
image,SSP2-Base,Business As Usual,LU,Share|ElectricityHV|ImportsFI,share,0.0,0.0
image,SSP2-Base,Business As Usual,LU,Share|ElectricityHV|ImportsBY,share,0.0,0.0
image,SSP2-Base,Business As Usual,LU,Share|ElectricityHV|ImportsGI,share,0.0,0.0
image,SSP2-Base,Business As Usual,LU,Share|ElectricityHV|ImportsAL,share,0.0,0.0
image,SSP2-Base,Business As Usual,LU,Share|ElectricityHV|ImportsHU,share,0.0,0.0
image,SSP2-Base,Business As Usual,LU,Share|ElectricityHV|ImportsCH,share,0.0,0.0
image,SSP2-Base,Business As Usual,LU,Share|ElectricityMV|TransformationHVMV,share,0.9787053996075825,1.0
image,SSP2-Base,Business As Usual,LU,Share|ElectricityMV|SolarPVRoofCommercial,share,0.004231494038007666,0.0
image,SSP2-Base,Business As Usual,LU,Share|ElectricityMV|Waste,share,0.017063106354409805,0.0
image,SSP2-Base,Business As Usual,LU,Share|ElectricityLV|TransformationMVLV,share,0.9833557441259616,0.9820515700879298
image,SSP2-Base,Business As Usual,LU,Share|ElectricityLV|BatteryChemical,share,0.0,0.0
image,SSP2-Base,Business As Usual,LU,Share|ElectricityLV|SolarPVRoofResidential,share,0.0166442558740384,0.01794842991207024
image,SSP2-Base,Business As Usual,GR,Share|ElectricityHV|Coal,share,0.233469378769283,0.0
image,SSP2-Base,Business As Usual,GR,Share|ElectricityHV|CombinedCycle,share,0.19513755947996902,0.0
image,SSP2-Base,Business As Usual,GR,Share|ElectricityHV|GasTurbine,share,0.0595224623396709,0.0
image,SSP2-Base,Business As Usual,GR,Share|ElectricityHV|CogenerationGas,share,0.0,0.0
image,SSP2-Base,Business As Usual,GR,Share|ElectricityHV|Nuclear,share,0.0,0.0
image,SSP2-Base,Business As Usual,GR,Share|ElectricityHV|Oil,share,0.09328871404526426,0.0
image,SSP2-Base,Business As Usual,GR,Share|ElectricityHV|Geothermal,share,0.0,0.0
image,SSP2-Base,Business As Usual,GR,Share|ElectricityHV|HydroRunofRiver,share,0.08399731731355178,0.1470607424728348
image,SSP2-Base,Business As Usual,GR,Share|ElectricityHV|HydroReservoir,share,0.0,0.0
image,SSP2-Base,Business As Usual,GR,Share|ElectricityHV|Biomass,share,0.00017177688516843698,0.00030074336991314375
image,SSP2-Base,Business As Usual,GR,Share|ElectricityHV|Biogas,share,0.003841293193335,0.006725255604997189
image,SSP2-Base,Business As Usual,GR,Share|ElectricityHV|WindOnshore,share,0.15259241921834832,0.5343112181121035
image,SSP2-Base,Business As Usual,GR,Share|ElectricityHV|WindOffshore,share,0.0,0.0
image,SSP2-Base,Business As Usual,GR,Share|ElectricityHV|SolarThermal,share,0.0,0.0
image,SSP2-Base,Business As Usual,GR,Share|ElectricityHV|SolarPVOpen,share,0.0,0.0
image,SSP2-Base,Business As Usual,GR,Share|ElectricityHV|Hydrogen,share,0.0,0.0
image,SSP2-Base,Business As Usual,GR,Share|ElectricityHV|BatteryHydro,share,0.00107099390933791,0.001875073687212941
image,SSP2-Base,Business As Usual,GR,Share|ElectricityHV|ImportsES,share,0.0,0.0
image,SSP2-Base,Business As Usual,GR,Share|ElectricityHV|ImportsBG,share,0.047430033299258406,0.08303950811265834
image,SSP2-Base,Business As Usual,GR,Share|ElectricityHV|ImportsSE,share,0.0,0.0
image,SSP2-Base,Business As Usual,GR,Share|ElectricityHV|ImportsAT,share,0.0,0.0
image,SSP2-Base,Business As Usual,GR,Share|ElectricityHV|ImportsMK,share,0.0,0.0
image,SSP2-Base,Business As Usual,GR,Share|ElectricityHV|ImportsMD,share,0.0,0.0
image,SSP2-Base,Business As Usual,GR,Share|ElectricityHV|ImportsHR,share,0.0,0.0
image,SSP2-Base,Business As Usual,GR,Share|ElectricityHV|ImportsXK,share,0.0,0.0
image,SSP2-Base,Business As Usual,GR,Share|ElectricityHV|ImportsLU,share,0.0,0.0
image,SSP2-Base,Business As Usual,GR,Share|ElectricityHV|ImportsGR,share,0.0,0.0
image,SSP2-Base,Business As Usual,GR,Share|ElectricityHV|ImportsIS,share,0.0,0.0
image,SSP2-Base,Business As Usual,GR,Share|ElectricityHV|ImportsBA,share,0.0,0.0
image,SSP2-Base,Business As Usual,GR,Share|ElectricityHV|ImportsEE,share,0.0,0.0
image,SSP2-Base,Business As Usual,GR,Share|ElectricityHV|ImportsSK,share,0.0,0.0
image,SSP2-Base,Business As Usual,GR,Share|ElectricityHV|ImportsME,share,0.0,0.0
image,SSP2-Base,Business As Usual,GR,Share|ElectricityHV|ImportsLT,share,0.0,0.0
image,SSP2-Base,Business As Usual,GR,Share|ElectricityHV|ImportsSI,share,0.0,0.0
image,SSP2-Base,Business As Usual,GR,Share|ElectricityHV|ImportsIE,share,0.0,0.0
image,SSP2-Base,Business As Usual,GR,Share|ElectricityHV|ImportsBE,share,0.0,0.0
image,SSP2-Base,Business As Usual,GR,Share|ElectricityHV|ImportsRS,share,0.0,0.0
image,SSP2-Base,Business As Usual,GR,Share|ElectricityHV|ImportsRO,share,0.0,0.0
image,SSP2-Base,Business As Usual,GR,Share|ElectricityHV|ImportsNL,share,0.0,0.0
image,SSP2-Base,Business As Usual,GR,Share|ElectricityHV|ImportsUA,share,0.0,0.0
image,SSP2-Base,Business As Usual,GR,Share|ElectricityHV|ImportsPL,share,0.0,0.0
image,SSP2-Base,Business As Usual,GR,Share|ElectricityHV|ImportsFR,share,0.0,0.0
image,SSP2-Base,Business As Usual,GR,Share|ElectricityHV|ImportsGB,share,0.0,0.0
image,SSP2-Base,Business As Usual,GR,Share|ElectricityHV|ImportsNO,share,0.0,0.0
image,SSP2-Base,Business As Usual,GR,Share|ElectricityHV|ImportsCZ,share,0.0,0.0
image,SSP2-Base,Business As Usual,GR,Share|ElectricityHV|ImportsMT,share,0.0,0.0
image,SSP2-Base,Business As Usual,GR,Share|ElectricityHV|ImportsDK,share,0.0,0.0
image,SSP2-Base,Business As Usual,GR,Share|ElectricityHV|ImportsIT,share,0.0628935817228538,0.1101127645590482
image,SSP2-Base,Business As Usual,GR,Share|ElectricityHV|ImportsLV,share,0.0,0.0
image,SSP2-Base,Business As Usual,GR,Share|ElectricityHV|ImportsDE,share,0.0,0.0
image,SSP2-Base,Business As Usual,GR,Share|ElectricityHV|ImportsPT,share,0.0,0.0
image,SSP2-Base,Business As Usual,GR,Share|ElectricityHV|ImportsFI,share,0.0,0.0
image,SSP2-Base,Business As Usual,GR,Share|ElectricityHV|ImportsBY,share,0.0,0.0
image,SSP2-Base,Business As Usual,GR,Share|ElectricityHV|ImportsGI,share,0.0,0.0
image,SSP2-Base,Business As Usual,GR,Share|ElectricityHV|ImportsAL,share,0.010075700276005198,0.017640324845041366
image,SSP2-Base,Business As Usual,GR,Share|ElectricityHV|ImportsHU,share,0.0,0.0
image,SSP2-Base,Business As Usual,GR,Share|ElectricityHV|ImportsCH,share,0.0,0.0
image,SSP2-Base,Business As Usual,GR,Share|ElectricityMV|TransformationHVMV,share,0.9760834739792726,0.9030968151119951
image,SSP2-Base,Business As Usual,GR,Share|ElectricityMV|SolarPVRoofCommercial,share,0.02391652602072733,0.09690318488800483
image,SSP2-Base,Business As Usual,GR,Share|ElectricityMV|Waste,share,0.0,0.0
image,SSP2-Base,Business As Usual,GR,Share|ElectricityLV|TransformationMVLV,share,0.9126868087582363,0.5634340437911811
image,SSP2-Base,Business As Usual,GR,Share|ElectricityLV|BatteryChemical,share,0.0,0.0
image,SSP2-Base,Business As Usual,GR,Share|ElectricityLV|SolarPVRoofResidential,share,0.08731319124176379,0.43656595620881894
image,SSP2-Base,Business As Usual,IS,Share|ElectricityHV|Coal,share,0.0,0.0
image,SSP2-Base,Business As Usual,IS,Share|ElectricityHV|CombinedCycle,share,0.0,0.0
image,SSP2-Base,Business As Usual,IS,Share|ElectricityHV|GasTurbine,share,0.0,0.0
image,SSP2-Base,Business As Usual,IS,Share|ElectricityHV|CogenerationGas,share,0.0,0.0
image,SSP2-Base,Business As Usual,IS,Share|ElectricityHV|Nuclear,share,0.0,0.0
image,SSP2-Base,Business As Usual,IS,Share|ElectricityHV|Oil,share,0.00013725703176732212,0.0
image,SSP2-Base,Business As Usual,IS,Share|ElectricityHV|Geothermal,share,0.2911108229483973,0.2911108229483973
image,SSP2-Base,Business As Usual,IS,Share|ElectricityHV|HydroRunofRiver,share,0.0,0.0
image,SSP2-Base,Business As Usual,IS,Share|ElectricityHV|HydroReservoir,share,0.7084062280638367,0.7084062280638367
image,SSP2-Base,Business As Usual,IS,Share|ElectricityHV|Biomass,share,0.0,0.0
image,SSP2-Base,Business As Usual,IS,Share|ElectricityHV|Biogas,share,0.0,0.0
image,SSP2-Base,Business As Usual,IS,Share|ElectricityHV|WindOnshore,share,0.0003456919559988003,0.0004829489877660187
image,SSP2-Base,Business As Usual,IS,Share|ElectricityHV|WindOffshore,share,0.0,0.0
image,SSP2-Base,Business As Usual,IS,Share|ElectricityHV|SolarThermal,share,0.0,0.0
image,SSP2-Base,Business As Usual,IS,Share|ElectricityHV|SolarPVOpen,share,0.0,0.0
image,SSP2-Base,Business As Usual,IS,Share|ElectricityHV|Hydrogen,share,0.0,0.0
image,SSP2-Base,Business As Usual,IS,Share|ElectricityHV|BatteryHydro,share,0.0,0.0
image,SSP2-Base,Business As Usual,IS,Share|ElectricityHV|ImportsES,share,0.0,0.0
image,SSP2-Base,Business As Usual,IS,Share|ElectricityHV|ImportsBG,share,0.0,0.0
image,SSP2-Base,Business As Usual,IS,Share|ElectricityHV|ImportsSE,share,0.0,0.0
image,SSP2-Base,Business As Usual,IS,Share|ElectricityHV|ImportsAT,share,0.0,0.0
image,SSP2-Base,Business As Usual,IS,Share|ElectricityHV|ImportsMK,share,0.0,0.0
image,SSP2-Base,Business As Usual,IS,Share|ElectricityHV|ImportsMD,share,0.0,0.0
image,SSP2-Base,Business As Usual,IS,Share|ElectricityHV|ImportsHR,share,0.0,0.0
image,SSP2-Base,Business As Usual,IS,Share|ElectricityHV|ImportsXK,share,0.0,0.0
image,SSP2-Base,Business As Usual,IS,Share|ElectricityHV|ImportsLU,share,0.0,0.0
image,SSP2-Base,Business As Usual,IS,Share|ElectricityHV|ImportsGR,share,0.0,0.0
image,SSP2-Base,Business As Usual,IS,Share|ElectricityHV|ImportsIS,share,0.0,0.0
image,SSP2-Base,Business As Usual,IS,Share|ElectricityHV|ImportsBA,share,0.0,0.0
image,SSP2-Base,Business As Usual,IS,Share|ElectricityHV|ImportsEE,share,0.0,0.0
image,SSP2-Base,Business As Usual,IS,Share|ElectricityHV|ImportsSK,share,0.0,0.0
image,SSP2-Base,Business As Usual,IS,Share|ElectricityHV|ImportsME,share,0.0,0.0
image,SSP2-Base,Business As Usual,IS,Share|ElectricityHV|ImportsLT,share,0.0,0.0
image,SSP2-Base,Business As Usual,IS,Share|ElectricityHV|ImportsSI,share,0.0,0.0
image,SSP2-Base,Business As Usual,IS,Share|ElectricityHV|ImportsIE,share,0.0,0.0
image,SSP2-Base,Business As Usual,IS,Share|ElectricityHV|ImportsBE,share,0.0,0.0
image,SSP2-Base,Business As Usual,IS,Share|ElectricityHV|ImportsRS,share,0.0,0.0
image,SSP2-Base,Business As Usual,IS,Share|ElectricityHV|ImportsRO,share,0.0,0.0
image,SSP2-Base,Business As Usual,IS,Share|ElectricityHV|ImportsNL,share,0.0,0.0
image,SSP2-Base,Business As Usual,IS,Share|ElectricityHV|ImportsUA,share,0.0,0.0
image,SSP2-Base,Business As Usual,IS,Share|ElectricityHV|ImportsPL,share,0.0,0.0
image,SSP2-Base,Business As Usual,IS,Share|ElectricityHV|ImportsFR,share,0.0,0.0
image,SSP2-Base,Business As Usual,IS,Share|ElectricityHV|ImportsGB,share,0.0,0.0
image,SSP2-Base,Business As Usual,IS,Share|ElectricityHV|ImportsNO,share,0.0,0.0
image,SSP2-Base,Business As Usual,IS,Share|ElectricityHV|ImportsCZ,share,0.0,0.0
image,SSP2-Base,Business As Usual,IS,Share|ElectricityHV|ImportsMT,share,0.0,0.0
image,SSP2-Base,Business As Usual,IS,Share|ElectricityHV|ImportsDK,share,0.0,0.0
image,SSP2-Base,Business As Usual,IS,Share|ElectricityHV|ImportsIT,share,0.0,0.0
image,SSP2-Base,Business As Usual,IS,Share|ElectricityHV|ImportsLV,share,0.0,0.0
image,SSP2-Base,Business As Usual,IS,Share|ElectricityHV|ImportsDE,share,0.0,0.0
image,SSP2-Base,Business As Usual,IS,Share|ElectricityHV|ImportsPT,share,0.0,0.0
image,SSP2-Base,Business As Usual,IS,Share|ElectricityHV|ImportsFI,share,0.0,0.0
image,SSP2-Base,Business As Usual,IS,Share|ElectricityHV|ImportsBY,share,0.0,0.0
image,SSP2-Base,Business As Usual,IS,Share|ElectricityHV|ImportsGI,share,0.0,0.0
image,SSP2-Base,Business As Usual,IS,Share|ElectricityHV|ImportsAL,share,0.0,0.0
image,SSP2-Base,Business As Usual,IS,Share|ElectricityHV|ImportsHU,share,0.0,0.0
image,SSP2-Base,Business As Usual,IS,Share|ElectricityHV|ImportsCH,share,0.0,0.0
image,SSP2-Base,Business As Usual,IS,Share|ElectricityMV|TransformationHVMV,share,1.0,1.0
image,SSP2-Base,Business As Usual,IS,Share|ElectricityMV|SolarPVRoofCommercial,share,0.0,0.0
image,SSP2-Base,Business As Usual,IS,Share|ElectricityMV|Waste,share,0.0,0.0
image,SSP2-Base,Business As Usual,IS,Share|ElectricityLV|TransformationMVLV,share,1.0,1.0
image,SSP2-Base,Business As Usual,IS,Share|ElectricityLV|BatteryChemical,share,0.0,0.0
image,SSP2-Base,Business As Usual,IS,Share|ElectricityLV|SolarPVRoofResidential,share,0.0,0.0
image,SSP2-Base,Business As Usual,BA,Share|ElectricityHV|Coal,share,0.5092034045294576,0.4760281525685229
image,SSP2-Base,Business As Usual,BA,Share|ElectricityHV|CombinedCycle,share,0.0,0.0
image,SSP2-Base,Business As Usual,BA,Share|ElectricityHV|GasTurbine,share,0.0,0.0
image,SSP2-Base,Business As Usual,BA,Share|ElectricityHV|CogenerationGas,share,0.0,0.0
image,SSP2-Base,Business As Usual,BA,Share|ElectricityHV|Nuclear,share,0.0,0.0
image,SSP2-Base,Business As Usual,BA,Share|ElectricityHV|Oil,share,0.0014901638384228406,0.0013930777616939652
image,SSP2-Base,Business As Usual,BA,Share|ElectricityHV|Geothermal,share,0.0,0.0
image,SSP2-Base,Business As Usual,BA,Share|ElectricityHV|HydroRunofRiver,share,0.20910038788551308,0.21736972812674416
image,SSP2-Base,Business As Usual,BA,Share|ElectricityHV|HydroReservoir,share,0.11257145793519104,0.11702334679360488
image,SSP2-Base,Business As Usual,BA,Share|ElectricityHV|Biomass,share,4.806980123944662e-05,4.9970828520156295e-05
image,SSP2-Base,Business As Usual,BA,Share|ElectricityHV|Biogas,share,0.0,0.0
image,SSP2-Base,Business As Usual,BA,Share|ElectricityHV|WindOnshore,share,0.013392009316252904,0.027843252263487554
image,SSP2-Base,Business As Usual,BA,Share|ElectricityHV|WindOffshore,share,0.0,0.0
image,SSP2-Base,Business As Usual,BA,Share|ElectricityHV|SolarThermal,share,0.0,0.0
image,SSP2-Base,Business As Usual,BA,Share|ElectricityHV|SolarPVOpen,share,0.0,0.0
image,SSP2-Base,Business As Usual,BA,Share|ElectricityHV|Hydrogen,share,0.0,0.0
image,SSP2-Base,Business As Usual,BA,Share|ElectricityHV|BatteryHydro,share,0.003743435675015572,0.0038914781706842804
image,SSP2-Base,Business As Usual,BA,Share|ElectricityHV|ImportsES,share,0.0,0.0
image,SSP2-Base,Business As Usual,BA,Share|ElectricityHV|ImportsBG,share,0.0,0.0
image,SSP2-Base,Business As Usual,BA,Share|ElectricityHV|ImportsSE,share,0.0,0.0
image,SSP2-Base,Business As Usual,BA,Share|ElectricityHV|ImportsAT,share,0.0,0.0
image,SSP2-Base,Business As Usual,BA,Share|ElectricityHV|ImportsMK,share,0.0,0.0
image,SSP2-Base,Business As Usual,BA,Share|ElectricityHV|ImportsMD,share,0.0,0.0
image,SSP2-Base,Business As Usual,BA,Share|ElectricityHV|ImportsHR,share,0.09634194246839065,0.1001519990150501
image,SSP2-Base,Business As Usual,BA,Share|ElectricityHV|ImportsXK,share,0.0,0.0
image,SSP2-Base,Business As Usual,BA,Share|ElectricityHV|ImportsLU,share,0.0,0.0
image,SSP2-Base,Business As Usual,BA,Share|ElectricityHV|ImportsGR,share,0.0,0.0
image,SSP2-Base,Business As Usual,BA,Share|ElectricityHV|ImportsIS,share,0.0,0.0
image,SSP2-Base,Business As Usual,BA,Share|ElectricityHV|ImportsBA,share,0.0,0.0
image,SSP2-Base,Business As Usual,BA,Share|ElectricityHV|ImportsEE,share,0.0,0.0
image,SSP2-Base,Business As Usual,BA,Share|ElectricityHV|ImportsSK,share,0.0,0.0
image,SSP2-Base,Business As Usual,BA,Share|ElectricityHV|ImportsME,share,0.010331861160236506,0.010740457605815245
image,SSP2-Base,Business As Usual,BA,Share|ElectricityHV|ImportsLT,share,0.0,0.0
image,SSP2-Base,Business As Usual,BA,Share|ElectricityHV|ImportsSI,share,0.0,0.0
image,SSP2-Base,Business As Usual,BA,Share|ElectricityHV|ImportsIE,share,0.0,0.0
image,SSP2-Base,Business As Usual,BA,Share|ElectricityHV|ImportsBE,share,0.0,0.0
image,SSP2-Base,Business As Usual,BA,Share|ElectricityHV|ImportsRS,share,0.043777267390280324,0.04550853686587683
image,SSP2-Base,Business As Usual,BA,Share|ElectricityHV|ImportsRO,share,0.0,0.0
image,SSP2-Base,Business As Usual,BA,Share|ElectricityHV|ImportsNL,share,0.0,0.0
image,SSP2-Base,Business As Usual,BA,Share|ElectricityHV|ImportsUA,share,0.0,0.0
image,SSP2-Base,Business As Usual,BA,Share|ElectricityHV|ImportsPL,share,0.0,0.0
image,SSP2-Base,Business As Usual,BA,Share|ElectricityHV|ImportsFR,share,0.0,0.0
image,SSP2-Base,Business As Usual,BA,Share|ElectricityHV|ImportsGB,share,0.0,0.0
image,SSP2-Base,Business As Usual,BA,Share|ElectricityHV|ImportsNO,share,0.0,0.0
image,SSP2-Base,Business As Usual,BA,Share|ElectricityHV|ImportsCZ,share,0.0,0.0
image,SSP2-Base,Business As Usual,BA,Share|ElectricityHV|ImportsMT,share,0.0,0.0
image,SSP2-Base,Business As Usual,BA,Share|ElectricityHV|ImportsDK,share,0.0,0.0
image,SSP2-Base,Business As Usual,BA,Share|ElectricityHV|ImportsIT,share,0.0,0.0
image,SSP2-Base,Business As Usual,BA,Share|ElectricityHV|ImportsLV,share,0.0,0.0
image,SSP2-Base,Business As Usual,BA,Share|ElectricityHV|ImportsDE,share,0.0,0.0
image,SSP2-Base,Business As Usual,BA,Share|ElectricityHV|ImportsPT,share,0.0,0.0
image,SSP2-Base,Business As Usual,BA,Share|ElectricityHV|ImportsFI,share,0.0,0.0
image,SSP2-Base,Business As Usual,BA,Share|ElectricityHV|ImportsBY,share,0.0,0.0
image,SSP2-Base,Business As Usual,BA,Share|ElectricityHV|ImportsGI,share,0.0,0.0
image,SSP2-Base,Business As Usual,BA,Share|ElectricityHV|ImportsAL,share,0.0,0.0
image,SSP2-Base,Business As Usual,BA,Share|ElectricityHV|ImportsHU,share,0.0,0.0
image,SSP2-Base,Business As Usual,BA,Share|ElectricityHV|ImportsCH,share,0.0,0.0
image,SSP2-Base,Business As Usual,BA,Share|ElectricityMV|TransformationHVMV,share,0.999592403884663,0.9795918367346939
image,SSP2-Base,Business As Usual,BA,Share|ElectricityMV|SolarPVRoofCommercial,share,0.0004075961153370307,0.020408163265306124
image,SSP2-Base,Business As Usual,BA,Share|ElectricityMV|Waste,share,0.0,0.0
image,SSP2-Base,Business As Usual,BA,Share|ElectricityLV|TransformationMVLV,share,0.9983722693653858,0.98
image,SSP2-Base,Business As Usual,BA,Share|ElectricityLV|BatteryChemical,share,0.0,0.0
image,SSP2-Base,Business As Usual,BA,Share|ElectricityLV|SolarPVRoofResidential,share,0.0016277306346141878,0.02
image,SSP2-Base,Business As Usual,EE,Share|ElectricityHV|Coal,share,0.0019449577751988044,0.0014409339904980745
image,SSP2-Base,Business As Usual,EE,Share|ElectricityHV|CombinedCycle,share,0.0,0.0
image,SSP2-Base,Business As Usual,EE,Share|ElectricityHV|GasTurbine,share,0.0,0.0
image,SSP2-Base,Business As Usual,EE,Share|ElectricityHV|CogenerationGas,share,0.0016069763758078627,0.0011905383815297855
image,SSP2-Base,Business As Usual,EE,Share|ElectricityHV|Nuclear,share,0.0,0.0
image,SSP2-Base,Business As Usual,EE,Share|ElectricityHV|Oil,share,0.3556902576402673,0.26351532606947753
image,SSP2-Base,Business As Usual,EE,Share|ElectricityHV|Geothermal,share,0.0,0.0
image,SSP2-Base,Business As Usual,EE,Share|ElectricityHV|HydroRunofRiver,share,0.00172358555827192,0.0017906974061752076
image,SSP2-Base,Business As Usual,EE,Share|ElectricityHV|HydroReservoir,share,0.0,0.0
image,SSP2-Base,Business As Usual,EE,Share|ElectricityHV|Biomass,share,0.10020794369130182,0.10410977510514503
image,SSP2-Base,Business As Usual,EE,Share|ElectricityHV|Biogas,share,0.003068762399002117,0.0031882518634993974
image,SSP2-Base,Business As Usual,EE,Share|ElectricityHV|WindOnshore,share,0.0655920059675701,0.1362919692477793
image,SSP2-Base,Business As Usual,EE,Share|ElectricityHV|WindOffshore,share,0.0,0.0
image,SSP2-Base,Business As Usual,EE,Share|ElectricityHV|SolarThermal,share,0.0,0.0
image,SSP2-Base,Business As Usual,EE,Share|ElectricityHV|SolarPVOpen,share,0.0,0.0
image,SSP2-Base,Business As Usual,EE,Share|ElectricityHV|Hydrogen,share,0.0,0.0
image,SSP2-Base,Business As Usual,EE,Share|ElectricityHV|BatteryHydro,share,0.0,0.0
image,SSP2-Base,Business As Usual,EE,Share|ElectricityHV|ImportsES,share,0.0,0.0
image,SSP2-Base,Business As Usual,EE,Share|ElectricityHV|ImportsBG,share,0.0,0.0
image,SSP2-Base,Business As Usual,EE,Share|ElectricityHV|ImportsSE,share,0.0,0.0
image,SSP2-Base,Business As Usual,EE,Share|ElectricityHV|ImportsAT,share,0.0,0.0
image,SSP2-Base,Business As Usual,EE,Share|ElectricityHV|ImportsMK,share,0.0,0.0
image,SSP2-Base,Business As Usual,EE,Share|ElectricityHV|ImportsMD,share,0.0,0.0
image,SSP2-Base,Business As Usual,EE,Share|ElectricityHV|ImportsHR,share,0.0,0.0
image,SSP2-Base,Business As Usual,EE,Share|ElectricityHV|ImportsXK,share,0.0,0.0
image,SSP2-Base,Business As Usual,EE,Share|ElectricityHV|ImportsLU,share,0.0,0.0
image,SSP2-Base,Business As Usual,EE,Share|ElectricityHV|ImportsGR,share,0.0,0.0
image,SSP2-Base,Business As Usual,EE,Share|ElectricityHV|ImportsIS,share,0.0,0.0
image,SSP2-Base,Business As Usual,EE,Share|ElectricityHV|ImportsBA,share,0.0,0.0
image,SSP2-Base,Business As Usual,EE,Share|ElectricityHV|ImportsEE,share,0.0,0.0
image,SSP2-Base,Business As Usual,EE,Share|ElectricityHV|ImportsSK,share,0.0,0.0
image,SSP2-Base,Business As Usual,EE,Share|ElectricityHV|ImportsME,share,0.0,0.0
image,SSP2-Base,Business As Usual,EE,Share|ElectricityHV|ImportsLT,share,0.0,0.0
image,SSP2-Base,Business As Usual,EE,Share|ElectricityHV|ImportsSI,share,0.0,0.0
image,SSP2-Base,Business As Usual,EE,Share|ElectricityHV|ImportsIE,share,0.0,0.0
image,SSP2-Base,Business As Usual,EE,Share|ElectricityHV|ImportsBE,share,0.0,0.0
image,SSP2-Base,Business As Usual,EE,Share|ElectricityHV|ImportsRS,share,0.0,0.0
image,SSP2-Base,Business As Usual,EE,Share|ElectricityHV|ImportsRO,share,0.0,0.0
image,SSP2-Base,Business As Usual,EE,Share|ElectricityHV|ImportsNL,share,0.0,0.0
image,SSP2-Base,Business As Usual,EE,Share|ElectricityHV|ImportsUA,share,0.0,0.0
image,SSP2-Base,Business As Usual,EE,Share|ElectricityHV|ImportsPL,share,0.0,0.0
image,SSP2-Base,Business As Usual,EE,Share|ElectricityHV|ImportsFR,share,0.0,0.0
image,SSP2-Base,Business As Usual,EE,Share|ElectricityHV|ImportsGB,share,0.0,0.0
image,SSP2-Base,Business As Usual,EE,Share|ElectricityHV|ImportsNO,share,0.0,0.0
image,SSP2-Base,Business As Usual,EE,Share|ElectricityHV|ImportsCZ,share,0.0,0.0
image,SSP2-Base,Business As Usual,EE,Share|ElectricityHV|ImportsMT,share,0.0,0.0
image,SSP2-Base,Business As Usual,EE,Share|ElectricityHV|ImportsDK,share,0.0,0.0
image,SSP2-Base,Business As Usual,EE,Share|ElectricityHV|ImportsIT,share,0.0,0.0
image,SSP2-Base,Business As Usual,EE,Share|ElectricityHV|ImportsLV,share,0.06683488332019608,0.0694372563225065
image,SSP2-Base,Business As Usual,EE,Share|ElectricityHV|ImportsDE,share,0.0,0.0
image,SSP2-Base,Business As Usual,EE,Share|ElectricityHV|ImportsPT,share,0.0,0.0
image,SSP2-Base,Business As Usual,EE,Share|ElectricityHV|ImportsFI,share,0.4033306272723841,0.4190352516133891
image,SSP2-Base,Business As Usual,EE,Share|ElectricityHV|ImportsBY,share,0.0,0.0
image,SSP2-Base,Business As Usual,EE,Share|ElectricityHV|ImportsGI,share,0.0,0.0
image,SSP2-Base,Business As Usual,EE,Share|ElectricityHV|ImportsAL,share,0.0,0.0
image,SSP2-Base,Business As Usual,EE,Share|ElectricityHV|ImportsHU,share,0.0,0.0
image,SSP2-Base,Business As Usual,EE,Share|ElectricityHV|ImportsCH,share,0.0,0.0
image,SSP2-Base,Business As Usual,EE,Share|ElectricityMV|TransformationHVMV,share,0.9850935355492116,0.9695720635699808
image,SSP2-Base,Business As Usual,EE,Share|ElectricityMV|SolarPVRoofCommercial,share,0.0013793400552512373,0.020564187320824955
image,SSP2-Base,Business As Usual,EE,Share|ElectricityMV|Waste,share,0.0135271243955372,0.009863749109194324
image,SSP2-Base,Business As Usual,EE,Share|ElectricityLV|TransformationMVLV,share,0.9945129140089712,0.972564570044856
image,SSP2-Base,Business As Usual,EE,Share|ElectricityLV|BatteryChemical,share,0.0,0.0
image,SSP2-Base,Business As Usual,EE,Share|ElectricityLV|SolarPVRoofResidential,share,0.0054870859910288155,0.02743542995514408
image,SSP2-Base,Business As Usual,SK,Share|ElectricityHV|Coal,share,0.047872800617723116,0.0
image,SSP2-Base,Business As Usual,SK,Share|ElectricityHV|CombinedCycle,share,0.022026268917348903,0.0
image,SSP2-Base,Business As Usual,SK,Share|ElectricityHV|GasTurbine,share,0.016709583315273804,0.0
image,SSP2-Base,Business As Usual,SK,Share|ElectricityHV|CogenerationGas,share,0.028084093983676804,0.0
image,SSP2-Base,Business As Usual,SK,Share|ElectricityHV|Nuclear,share,0.3868995794369271,0.42719930768497166
image,SSP2-Base,Business As Usual,SK,Share|ElectricityHV|Oil,share,0.00019235680810737504,0.0
image,SSP2-Base,Business As Usual,SK,Share|ElectricityHV|Geothermal,share,0.0,0.0
image,SSP2-Base,Business As Usual,SK,Share|ElectricityHV|HydroRunofRiver,share,0.08468367317694271,0.0935043832460612
image,SSP2-Base,Business As Usual,SK,Share|ElectricityHV|HydroReservoir,share,0.028265057516508006,0.03120916549018006
image,SSP2-Base,Business As Usual,SK,Share|ElectricityHV|Biomass,share,0.011204784072254602,0.01237188214418076
image,SSP2-Base,Business As Usual,SK,Share|ElectricityHV|Biogas,share,0.003678823955053551,0.004062012806994971
image,SSP2-Base,Business As Usual,SK,Share|ElectricityHV|WindOnshore,share,2.6664006301570008e-05,0.022720364154995818
image,SSP2-Base,Business As Usual,SK,Share|ElectricityHV|WindOffshore,share,0.0,0.0
image,SSP2-Base,Business As Usual,SK,Share|ElectricityHV|SolarThermal,share,0.0,0.0
image,SSP2-Base,Business As Usual,SK,Share|ElectricityHV|SolarPVOpen,share,0.0,0.0
image,SSP2-Base,Business As Usual,SK,Share|ElectricityHV|Hydrogen,share,0.0,0.0
image,SSP2-Base,Business As Usual,SK,Share|ElectricityHV|BatteryHydro,share,0.005732761354837551,0.006329889749360678
image,SSP2-Base,Business As Usual,SK,Share|ElectricityHV|ImportsES,share,0.0,0.0
image,SSP2-Base,Business As Usual,SK,Share|ElectricityHV|ImportsBG,share,0.0,0.0
image,SSP2-Base,Business As Usual,SK,Share|ElectricityHV|ImportsSE,share,0.0,0.0
image,SSP2-Base,Business As Usual,SK,Share|ElectricityHV|ImportsAT,share,0.0,0.0
image,SSP2-Base,Business As Usual,SK,Share|ElectricityHV|ImportsMK,share,0.0,0.0
image,SSP2-Base,Business As Usual,SK,Share|ElectricityHV|ImportsMD,share,0.0,0.0
image,SSP2-Base,Business As Usual,SK,Share|ElectricityHV|ImportsHR,share,0.0,0.0
image,SSP2-Base,Business As Usual,SK,Share|ElectricityHV|ImportsXK,share,0.0,0.0
image,SSP2-Base,Business As Usual,SK,Share|ElectricityHV|ImportsLU,share,0.0,0.0
image,SSP2-Base,Business As Usual,SK,Share|ElectricityHV|ImportsGR,share,0.0,0.0
image,SSP2-Base,Business As Usual,SK,Share|ElectricityHV|ImportsIS,share,0.0,0.0
image,SSP2-Base,Business As Usual,SK,Share|ElectricityHV|ImportsBA,share,0.0,0.0
image,SSP2-Base,Business As Usual,SK,Share|ElectricityHV|ImportsEE,share,0.0,0.0
image,SSP2-Base,Business As Usual,SK,Share|ElectricityHV|ImportsSK,share,0.0,0.0
image,SSP2-Base,Business As Usual,SK,Share|ElectricityHV|ImportsME,share,0.0,0.0
image,SSP2-Base,Business As Usual,SK,Share|ElectricityHV|ImportsLT,share,0.0,0.0
image,SSP2-Base,Business As Usual,SK,Share|ElectricityHV|ImportsSI,share,0.0,0.0
image,SSP2-Base,Business As Usual,SK,Share|ElectricityHV|ImportsIE,share,0.0,0.0
image,SSP2-Base,Business As Usual,SK,Share|ElectricityHV|ImportsBE,share,0.0,0.0
image,SSP2-Base,Business As Usual,SK,Share|ElectricityHV|ImportsRS,share,0.0,0.0
image,SSP2-Base,Business As Usual,SK,Share|ElectricityHV|ImportsRO,share,0.0,0.0
image,SSP2-Base,Business As Usual,SK,Share|ElectricityHV|ImportsNL,share,0.0,0.0
image,SSP2-Base,Business As Usual,SK,Share|ElectricityHV|ImportsUA,share,0.0008080001909566673,0.0008921620506498493
image,SSP2-Base,Business As Usual,SK,Share|ElectricityHV|ImportsPL,share,0.08739868732181291,0.0965021951452921
image,SSP2-Base,Business As Usual,SK,Share|ElectricityHV|ImportsFR,share,0.0,0.0
image,SSP2-Base,Business As Usual,SK,Share|ElectricityHV|ImportsGB,share,0.0,0.0
image,SSP2-Base,Business As Usual,SK,Share|ElectricityHV|ImportsNO,share,0.0,0.0
image,SSP2-Base,Business As Usual,SK,Share|ElectricityHV|ImportsCZ,share,0.27523179837953904,0.3039001331863599
image,SSP2-Base,Business As Usual,SK,Share|ElectricityHV|ImportsMT,share,0.0,0.0
image,SSP2-Base,Business As Usual,SK,Share|ElectricityHV|ImportsDK,share,0.0,0.0
image,SSP2-Base,Business As Usual,SK,Share|ElectricityHV|ImportsIT,share,0.0,0.0
image,SSP2-Base,Business As Usual,SK,Share|ElectricityHV|ImportsLV,share,0.0,0.0
image,SSP2-Base,Business As Usual,SK,Share|ElectricityHV|ImportsDE,share,0.0,0.0
image,SSP2-Base,Business As Usual,SK,Share|ElectricityHV|ImportsPT,share,0.0,0.0
image,SSP2-Base,Business As Usual,SK,Share|ElectricityHV|ImportsFI,share,0.0,0.0
image,SSP2-Base,Business As Usual,SK,Share|ElectricityHV|ImportsBY,share,0.0,0.0
image,SSP2-Base,Business As Usual,SK,Share|ElectricityHV|ImportsGI,share,0.0,0.0
image,SSP2-Base,Business As Usual,SK,Share|ElectricityHV|ImportsAL,share,0.0,0.0
image,SSP2-Base,Business As Usual,SK,Share|ElectricityHV|ImportsHU,share,0.0011850669467364501,0.0013085043409531176
image,SSP2-Base,Business As Usual,SK,Share|ElectricityHV|ImportsCH,share,0.0,0.0
image,SSP2-Base,Business As Usual,SK,Share|ElectricityMV|TransformationHVMV,share,0.9942626580220765,0.9914849801981057
image,SSP2-Base,Business As Usual,SK,Share|ElectricityMV|SolarPVRoofCommercial,share,0.005737341977923518,0.008515019801894145
image,SSP2-Base,Business As Usual,SK,Share|ElectricityMV|Waste,share,0.0,0.0
image,SSP2-Base,Business As Usual,SK,Share|ElectricityLV|TransformationMVLV,share,0.9775654899141839,0.8878274495709196
image,SSP2-Base,Business As Usual,SK,Share|ElectricityLV|BatteryChemical,share,0.0,0.0
image,SSP2-Base,Business As Usual,SK,Share|ElectricityLV|SolarPVRoofResidential,share,0.022434510085816074,0.11217255042908036
image,SSP2-Base,Business As Usual,ME,Share|ElectricityHV|Coal,share,0.3093764820905048,0.21326170966950087
image,SSP2-Base,Business As Usual,ME,Share|ElectricityHV|CombinedCycle,share,0.0,0.0
image,SSP2-Base,Business As Usual,ME,Share|ElectricityHV|GasTurbine,share,0.0,0.0
image,SSP2-Base,Business As Usual,ME,Share|ElectricityHV|CogenerationGas,share,0.0,0.0
image,SSP2-Base,Business As Usual,ME,Share|ElectricityHV|Nuclear,share,0.0,0.0
image,SSP2-Base,Business As Usual,ME,Share|ElectricityHV|Oil,share,0.0,0.0
image,SSP2-Base,Business As Usual,ME,Share|ElectricityHV|Geothermal,share,0.0,0.0
image,SSP2-Base,Business As Usual,ME,Share|ElectricityHV|HydroRunofRiver,share,0.35991138670591377,0.37490769448532685
image,SSP2-Base,Business As Usual,ME,Share|ElectricityHV|HydroReservoir,share,0.0,0.0
image,SSP2-Base,Business As Usual,ME,Share|ElectricityHV|Biomass,share,0.0,0.0
image,SSP2-Base,Business As Usual,ME,Share|ElectricityHV|Biogas,share,0.0,0.0
image,SSP2-Base,Business As Usual,ME,Share|ElectricityHV|WindOnshore,share,0.06464524080778396,0.13467758501621657
image,SSP2-Base,Business As Usual,ME,Share|ElectricityHV|WindOffshore,share,0.0,0.0
image,SSP2-Base,Business As Usual,ME,Share|ElectricityHV|SolarThermal,share,0.0,0.0
image,SSP2-Base,Business As Usual,ME,Share|ElectricityHV|SolarPVOpen,share,0.0,0.0
image,SSP2-Base,Business As Usual,ME,Share|ElectricityHV|Hydrogen,share,0.0,0.0
image,SSP2-Base,Business As Usual,ME,Share|ElectricityHV|BatteryHydro,share,0.0,0.0
image,SSP2-Base,Business As Usual,ME,Share|ElectricityHV|ImportsES,share,0.0,0.0
image,SSP2-Base,Business As Usual,ME,Share|ElectricityHV|ImportsBG,share,0.0,0.0
image,SSP2-Base,Business As Usual,ME,Share|ElectricityHV|ImportsSE,share,0.0,0.0
image,SSP2-Base,Business As Usual,ME,Share|ElectricityHV|ImportsAT,share,0.0,0.0
image,SSP2-Base,Business As Usual,ME,Share|ElectricityHV|ImportsMK,share,0.0,0.0
image,SSP2-Base,Business As Usual,ME,Share|ElectricityHV|ImportsMD,share,0.0,0.0
image,SSP2-Base,Business As Usual,ME,Share|ElectricityHV|ImportsHR,share,0.0,0.0
image,SSP2-Base,Business As Usual,ME,Share|ElectricityHV|ImportsXK,share,0.0,0.0
image,SSP2-Base,Business As Usual,ME,Share|ElectricityHV|ImportsLU,share,0.0,0.0
image,SSP2-Base,Business As Usual,ME,Share|ElectricityHV|ImportsGR,share,0.0,0.0
image,SSP2-Base,Business As Usual,ME,Share|ElectricityHV|ImportsIS,share,0.0,0.0
image,SSP2-Base,Business As Usual,ME,Share|ElectricityHV|ImportsBA,share,0.06309490876387165,0.06572386329569964
image,SSP2-Base,Business As Usual,ME,Share|ElectricityHV|ImportsEE,share,0.0,0.0
image,SSP2-Base,Business As Usual,ME,Share|ElectricityHV|ImportsSK,share,0.0,0.0
image,SSP2-Base,Business As Usual,ME,Share|ElectricityHV|ImportsME,share,0.0,0.0
image,SSP2-Base,Business As Usual,ME,Share|ElectricityHV|ImportsLT,share,0.0,0.0
image,SSP2-Base,Business As Usual,ME,Share|ElectricityHV|ImportsSI,share,0.0,0.0
image,SSP2-Base,Business As Usual,ME,Share|ElectricityHV|ImportsIE,share,0.0,0.0
image,SSP2-Base,Business As Usual,ME,Share|ElectricityHV|ImportsBE,share,0.0,0.0
image,SSP2-Base,Business As Usual,ME,Share|ElectricityHV|ImportsRS,share,0.20297198163192587,0.21142914753325612
image,SSP2-Base,Business As Usual,ME,Share|ElectricityHV|ImportsRO,share,0.0,0.0
image,SSP2-Base,Business As Usual,ME,Share|ElectricityHV|ImportsNL,share,0.0,0.0
image,SSP2-Base,Business As Usual,ME,Share|ElectricityHV|ImportsUA,share,0.0,0.0
image,SSP2-Base,Business As Usual,ME,Share|ElectricityHV|ImportsPL,share,0.0,0.0
image,SSP2-Base,Business As Usual,ME,Share|ElectricityHV|ImportsFR,share,0.0,0.0
image,SSP2-Base,Business As Usual,ME,Share|ElectricityHV|ImportsGB,share,0.0,0.0
image,SSP2-Base,Business As Usual,ME,Share|ElectricityHV|ImportsNO,share,0.0,0.0
image,SSP2-Base,Business As Usual,ME,Share|ElectricityHV|ImportsCZ,share,0.0,0.0
image,SSP2-Base,Business As Usual,ME,Share|ElectricityHV|ImportsMT,share,0.0,0.0
image,SSP2-Base,Business As Usual,ME,Share|ElectricityHV|ImportsDK,share,0.0,0.0
image,SSP2-Base,Business As Usual,ME,Share|ElectricityHV|ImportsIT,share,0.0,0.0
image,SSP2-Base,Business As Usual,ME,Share|ElectricityHV|ImportsLV,share,0.0,0.0
image,SSP2-Base,Business As Usual,ME,Share|ElectricityHV|ImportsDE,share,0.0,0.0
image,SSP2-Base,Business As Usual,ME,Share|ElectricityHV|ImportsPT,share,0.0,0.0
image,SSP2-Base,Business As Usual,ME,Share|ElectricityHV|ImportsFI,share,0.0,0.0
image,SSP2-Base,Business As Usual,ME,Share|ElectricityHV|ImportsBY,share,0.0,0.0
image,SSP2-Base,Business As Usual,ME,Share|ElectricityHV|ImportsGI,share,0.0,0.0
image,SSP2-Base,Business As Usual,ME,Share|ElectricityHV|ImportsAL,share,0.0,0.0
image,SSP2-Base,Business As Usual,ME,Share|ElectricityHV|ImportsHU,share,0.0,0.0
image,SSP2-Base,Business As Usual,ME,Share|ElectricityHV|ImportsCH,share,0.0,0.0
image,SSP2-Base,Business As Usual,ME,Share|ElectricityMV|TransformationHVMV,share,1.0,0.9795918367346939
image,SSP2-Base,Business As Usual,ME,Share|ElectricityMV|SolarPVRoofCommercial,share,0.0,0.020408163265306124
image,SSP2-Base,Business As Usual,ME,Share|ElectricityMV|Waste,share,0.0,0.0
image,SSP2-Base,Business As Usual,ME,Share|ElectricityLV|TransformationMVLV,share,1.0,0.98
image,SSP2-Base,Business As Usual,ME,Share|ElectricityLV|BatteryChemical,share,0.0,0.0
image,SSP2-Base,Business As Usual,ME,Share|ElectricityLV|SolarPVRoofResidential,share,0.0,0.02
image,SSP2-Base,Business As Usual,LT,Share|ElectricityHV|Coal,share,0.0,0.0
image,SSP2-Base,Business As Usual,LT,Share|ElectricityHV|CombinedCycle,share,0.0,0.0
image,SSP2-Base,Business As Usual,LT,Share|ElectricityHV|GasTurbine,share,0.0,0.0
image,SSP2-Base,Business As Usual,LT,Share|ElectricityHV|CogenerationGas,share,0.0036631898878240333,0.0
image,SSP2-Base,Business As Usual,LT,Share|ElectricityHV|Nuclear,share,0.0,0.0
image,SSP2-Base,Business As Usual,LT,Share|ElectricityHV|Oil,share,5.387043952682399e-06,0.0
image,SSP2-Base,Business As Usual,LT,Share|ElectricityHV|Geothermal,share,0.0,0.0
image,SSP2-Base,Business As Usual,LT,Share|ElectricityHV|HydroRunofRiver,share,0.021226688597674598,0.02082615853171358
image,SSP2-Base,Business As Usual,LT,Share|ElectricityHV|HydroReservoir,share,0.0,0.0
image,SSP2-Base,Business As Usual,LT,Share|ElectricityHV|Biomass,share,0.017814954351520695,0.017478800890340283
image,SSP2-Base,Business As Usual,LT,Share|ElectricityHV|Biogas,share,0.004508955788395169,0.004423875520173819
image,SSP2-Base,Business As Usual,LT,Share|ElectricityHV|WindOnshore,share,0.09214619827259209,0.11287600291597943
image,SSP2-Base,Business As Usual,LT,Share|ElectricityHV|WindOffshore,share,0.0,0.0
image,SSP2-Base,Business As Usual,LT,Share|ElectricityHV|SolarThermal,share,0.0,0.0
image,SSP2-Base,Business As Usual,LT,Share|ElectricityHV|SolarPVOpen,share,0.0,0.0
image,SSP2-Base,Business As Usual,LT,Share|ElectricityHV|Hydrogen,share,0.0,0.0
image,SSP2-Base,Business As Usual,LT,Share|ElectricityHV|BatteryHydro,share,0.037014575976778895,0.03631614152765231
image,SSP2-Base,Business As Usual,LT,Share|ElectricityHV|ImportsES,share,0.0,0.0
image,SSP2-Base,Business As Usual,LT,Share|ElectricityHV|ImportsBG,share,0.0,0.0
image,SSP2-Base,Business As Usual,LT,Share|ElectricityHV|ImportsSE,share,0.22181047211317295,0.21762509187274925
image,SSP2-Base,Business As Usual,LT,Share|ElectricityHV|ImportsAT,share,0.0,0.0
image,SSP2-Base,Business As Usual,LT,Share|ElectricityHV|ImportsMK,share,0.0,0.0
image,SSP2-Base,Business As Usual,LT,Share|ElectricityHV|ImportsMD,share,0.0,0.0
image,SSP2-Base,Business As Usual,LT,Share|ElectricityHV|ImportsHR,share,0.0,0.0
image,SSP2-Base,Business As Usual,LT,Share|ElectricityHV|ImportsXK,share,0.0,0.0
image,SSP2-Base,Business As Usual,LT,Share|ElectricityHV|ImportsLU,share,0.0,0.0
image,SSP2-Base,Business As Usual,LT,Share|ElectricityHV|ImportsGR,share,0.0,0.0
image,SSP2-Base,Business As Usual,LT,Share|ElectricityHV|ImportsIS,share,0.0,0.0
image,SSP2-Base,Business As Usual,LT,Share|ElectricityHV|ImportsBA,share,0.0,0.0
image,SSP2-Base,Business As Usual,LT,Share|ElectricityHV|ImportsEE,share,0.0,0.0
image,SSP2-Base,Business As Usual,LT,Share|ElectricityHV|ImportsSK,share,0.0,0.0
image,SSP2-Base,Business As Usual,LT,Share|ElectricityHV|ImportsME,share,0.0,0.0
image,SSP2-Base,Business As Usual,LT,Share|ElectricityHV|ImportsLT,share,0.0,0.0
image,SSP2-Base,Business As Usual,LT,Share|ElectricityHV|ImportsSI,share,0.0,0.0
image,SSP2-Base,Business As Usual,LT,Share|ElectricityHV|ImportsIE,share,0.0,0.0
image,SSP2-Base,Business As Usual,LT,Share|ElectricityHV|ImportsBE,share,0.0,0.0
image,SSP2-Base,Business As Usual,LT,Share|ElectricityHV|ImportsRS,share,0.0,0.0
image,SSP2-Base,Business As Usual,LT,Share|ElectricityHV|ImportsRO,share,0.0,0.0
image,SSP2-Base,Business As Usual,LT,Share|ElectricityHV|ImportsNL,share,0.0,0.0
image,SSP2-Base,Business As Usual,LT,Share|ElectricityHV|ImportsUA,share,0.0,0.0
image,SSP2-Base,Business As Usual,LT,Share|ElectricityHV|ImportsPL,share,0.02388069199091499,0.023430083074959827
image,SSP2-Base,Business As Usual,LT,Share|ElectricityHV|ImportsFR,share,0.0,0.0
image,SSP2-Base,Business As Usual,LT,Share|ElectricityHV|ImportsGB,share,0.0,0.0
image,SSP2-Base,Business As Usual,LT,Share|ElectricityHV|ImportsNO,share,0.0,0.0
image,SSP2-Base,Business As Usual,LT,Share|ElectricityHV|ImportsCZ,share,0.0,0.0
image,SSP2-Base,Business As Usual,LT,Share|ElectricityHV|ImportsMT,share,0.0,0.0
image,SSP2-Base,Business As Usual,LT,Share|ElectricityHV|ImportsDK,share,0.0,0.0
image,SSP2-Base,Business As Usual,LT,Share|ElectricityHV|ImportsIT,share,0.0,0.0
image,SSP2-Base,Business As Usual,LT,Share|ElectricityHV|ImportsLV,share,0.20725361671449993,0.20334291230145207
image,SSP2-Base,Business As Usual,LT,Share|ElectricityHV|ImportsDE,share,0.0,0.0
image,SSP2-Base,Business As Usual,LT,Share|ElectricityHV|ImportsPT,share,0.0,0.0
image,SSP2-Base,Business As Usual,LT,Share|ElectricityHV|ImportsFI,share,0.0,0.0
image,SSP2-Base,Business As Usual,LT,Share|ElectricityHV|ImportsBY,share,0.19799806387892493,0.19426200409641756
image,SSP2-Base,Business As Usual,LT,Share|ElectricityHV|ImportsGI,share,0.0,0.0
image,SSP2-Base,Business As Usual,LT,Share|ElectricityHV|ImportsAL,share,0.0,0.0
image,SSP2-Base,Business As Usual,LT,Share|ElectricityHV|ImportsHU,share,0.0,0.0
image,SSP2-Base,Business As Usual,LT,Share|ElectricityHV|ImportsCH,share,0.0,0.0
image,SSP2-Base,Business As Usual,LT,Share|ElectricityMV|TransformationHVMV,share,0.9883280436775944,1.0
image,SSP2-Base,Business As Usual,LT,Share|ElectricityMV|SolarPVRoofCommercial,share,0.0018339085860099751,0.0
image,SSP2-Base,Business As Usual,LT,Share|ElectricityMV|Waste,share,0.009838047736395673,0.0
image,SSP2-Base,Business As Usual,LT,Share|ElectricityLV|TransformationMVLV,share,0.9927177853200669,1.0
image,SSP2-Base,Business As Usual,LT,Share|ElectricityLV|BatteryChemical,share,0.0,0.0
image,SSP2-Base,Business As Usual,LT,Share|ElectricityLV|SolarPVRoofResidential,share,0.007282214679933112,0.0
image,SSP2-Base,Business As Usual,SI,Share|ElectricityHV|Coal,share,0.17086624330001568,0.06169131647558121
image,SSP2-Base,Business As Usual,SI,Share|ElectricityHV|CombinedCycle,share,0.0,0.0
image,SSP2-Base,Business As Usual,SI,Share|ElectricityHV|GasTurbine,share,0.0009607665567863717,0.0003468850989472014
image,SSP2-Base,Business As Usual,SI,Share|ElectricityHV|CogenerationGas,share,0.014153731714609026,0.005110209750344151
image,SSP2-Base,Business As Usual,SI,Share|ElectricityHV|Nuclear,share,0.23342986258865342,0.26108448439393295
image,SSP2-Base,Business As Usual,SI,Share|ElectricityHV|Oil,share,0.0003876103381837058,0.0001399468471962119
image,SSP2-Base,Business As Usual,SI,Share|ElectricityHV|Geothermal,share,0.0,0.0
image,SSP2-Base,Business As Usual,SI,Share|ElectricityHV|HydroRunofRiver,share,0.1801942389805083,0.2015419940416396
image,SSP2-Base,Business As Usual,SI,Share|ElectricityHV|HydroReservoir,share,0.0,0.0
image,SSP2-Base,Business As Usual,SI,Share|ElectricityHV|Biomass,share,0.0030647723270858357,0.003427858346522001
image,SSP2-Base,Business As Usual,SI,Share|ElectricityHV|Biogas,share,0.003264531867081406,0.0036512835583785395
image,SSP2-Base,Business As Usual,SI,Share|ElectricityHV|WindOnshore,share,0.00025972985565730303,0.02297890438876801
image,SSP2-Base,Business As Usual,SI,Share|ElectricityHV|WindOffshore,share,0.0,0.0
image,SSP2-Base,Business As Usual,SI,Share|ElectricityHV|SolarThermal,share,0.0,0.0
image,SSP2-Base,Business As Usual,SI,Share|ElectricityHV|SolarPVOpen,share,0.0,0.0
image,SSP2-Base,Business As Usual,SI,Share|ElectricityHV|Hydrogen,share,0.0,0.0
image,SSP2-Base,Business As Usual,SI,Share|ElectricityHV|BatteryHydro,share,0.008579236108583996,0.009595625045843393
image,SSP2-Base,Business As Usual,SI,Share|ElectricityHV|ImportsES,share,0.0,0.0
image,SSP2-Base,Business As Usual,SI,Share|ElectricityHV|ImportsBG,share,0.0,0.0
image,SSP2-Base,Business As Usual,SI,Share|ElectricityHV|ImportsSE,share,0.0,0.0
image,SSP2-Base,Business As Usual,SI,Share|ElectricityHV|ImportsAT,share,0.2504795310961964,0.2801540407138265
image,SSP2-Base,Business As Usual,SI,Share|ElectricityHV|ImportsMK,share,0.0,0.0
image,SSP2-Base,Business As Usual,SI,Share|ElectricityHV|ImportsMD,share,0.0,0.0
image,SSP2-Base,Business As Usual,SI,Share|ElectricityHV|ImportsHR,share,0.12389576965955222,0.1385738002046273
image,SSP2-Base,Business As Usual,SI,Share|ElectricityHV|ImportsXK,share,0.0,0.0
image,SSP2-Base,Business As Usual,SI,Share|ElectricityHV|ImportsLU,share,0.0,0.0
image,SSP2-Base,Business As Usual,SI,Share|ElectricityHV|ImportsGR,share,0.0,0.0
image,SSP2-Base,Business As Usual,SI,Share|ElectricityHV|ImportsIS,share,0.0,0.0
image,SSP2-Base,Business As Usual,SI,Share|ElectricityHV|ImportsBA,share,0.0,0.0
image,SSP2-Base,Business As Usual,SI,Share|ElectricityHV|ImportsEE,share,0.0,0.0
image,SSP2-Base,Business As Usual,SI,Share|ElectricityHV|ImportsSK,share,0.0,0.0
image,SSP2-Base,Business As Usual,SI,Share|ElectricityHV|ImportsME,share,0.0,0.0
image,SSP2-Base,Business As Usual,SI,Share|ElectricityHV|ImportsLT,share,0.0,0.0
image,SSP2-Base,Business As Usual,SI,Share|ElectricityHV|ImportsSI,share,0.0,0.0
image,SSP2-Base,Business As Usual,SI,Share|ElectricityHV|ImportsIE,share,0.0,0.0
image,SSP2-Base,Business As Usual,SI,Share|ElectricityHV|ImportsBE,share,0.0,0.0
image,SSP2-Base,Business As Usual,SI,Share|ElectricityHV|ImportsRS,share,0.0,0.0
image,SSP2-Base,Business As Usual,SI,Share|ElectricityHV|ImportsRO,share,0.0,0.0
image,SSP2-Base,Business As Usual,SI,Share|ElectricityHV|ImportsNL,share,0.0,0.0
image,SSP2-Base,Business As Usual,SI,Share|ElectricityHV|ImportsUA,share,0.0,0.0
image,SSP2-Base,Business As Usual,SI,Share|ElectricityHV|ImportsPL,share,0.0,0.0
image,SSP2-Base,Business As Usual,SI,Share|ElectricityHV|ImportsFR,share,0.0,0.0
image,SSP2-Base,Business As Usual,SI,Share|ElectricityHV|ImportsGB,share,0.0,0.0
image,SSP2-Base,Business As Usual,SI,Share|ElectricityHV|ImportsNO,share,0.0,0.0
image,SSP2-Base,Business As Usual,SI,Share|ElectricityHV|ImportsCZ,share,0.0,0.0
image,SSP2-Base,Business As Usual,SI,Share|ElectricityHV|ImportsMT,share,0.0,0.0
image,SSP2-Base,Business As Usual,SI,Share|ElectricityHV|ImportsDK,share,0.0,0.0
image,SSP2-Base,Business As Usual,SI,Share|ElectricityHV|ImportsIT,share,0.010463975607086617,0.01170365113439302
image,SSP2-Base,Business As Usual,SI,Share|ElectricityHV|ImportsLV,share,0.0,0.0
image,SSP2-Base,Business As Usual,SI,Share|ElectricityHV|ImportsDE,share,0.0,0.0
image,SSP2-Base,Business As Usual,SI,Share|ElectricityHV|ImportsPT,share,0.0,0.0
image,SSP2-Base,Business As Usual,SI,Share|ElectricityHV|ImportsFI,share,0.0,0.0
image,SSP2-Base,Business As Usual,SI,Share|ElectricityHV|ImportsBY,share,0.0,0.0
image,SSP2-Base,Business As Usual,SI,Share|ElectricityHV|ImportsGI,share,0.0,0.0
image,SSP2-Base,Business As Usual,SI,Share|ElectricityHV|ImportsAL,share,0.0,0.0
image,SSP2-Base,Business As Usual,SI,Share|ElectricityHV|ImportsHU,share,0.0,0.0
image,SSP2-Base,Business As Usual,SI,Share|ElectricityHV|ImportsCH,share,0.0,0.0
image,SSP2-Base,Business As Usual,SI,Share|ElectricityMV|TransformationHVMV,share,0.9940621080570154,0.9708942828243067
image,SSP2-Base,Business As Usual,SI,Share|ElectricityMV|SolarPVRoofCommercial,share,0.00528670712712706,0.028876086207765352
image,SSP2-Base,Business As Usual,SI,Share|ElectricityMV|Waste,share,0.0006511848158574216,0.00022963096792792093
image,SSP2-Base,Business As Usual,SI,Share|ElectricityLV|TransformationMVLV,share,0.9792910990680984,0.8964554953404918
image,SSP2-Base,Business As Usual,SI,Share|ElectricityLV|BatteryChemical,share,0.0,0.0
image,SSP2-Base,Business As Usual,SI,Share|ElectricityLV|SolarPVRoofResidential,share,0.020708900931901628,0.10354450465950814
image,SSP2-Base,Business As Usual,IE,Share|ElectricityHV|Coal,share,0.07879936984016836,0.027886989269977354
image,SSP2-Base,Business As Usual,IE,Share|ElectricityHV|CombinedCycle,share,0.3072606876572812,0.10873913734544348
image,SSP2-Base,Business As Usual,IE,Share|ElectricityHV|GasTurbine,share,0.14593902199006012,0.05164762038786248
image,SSP2-Base,Business As Usual,IE,Share|ElectricityHV|CogenerationGas,share,0.0,0.0
image,SSP2-Base,Business As Usual,IE,Share|ElectricityHV|Nuclear,share,0.0,0.0
image,SSP2-Base,Business As Usual,IE,Share|ElectricityHV|Oil,share,0.009014519395626475,0.0031902260915250627
image,SSP2-Base,Business As Usual,IE,Share|ElectricityHV|Geothermal,share,0.0,0.0
image,SSP2-Base,Business As Usual,IE,Share|ElectricityHV|HydroRunofRiver,share,0.029597513271420822,0.03036845053907244
image,SSP2-Base,Business As Usual,IE,Share|ElectricityHV|HydroReservoir,share,0.0,0.0
image,SSP2-Base,Business As Usual,IE,Share|ElectricityHV|Biomass,share,0.010713806836375806,0.010992873286750823
image,SSP2-Base,Business As Usual,IE,Share|ElectricityHV|Biogas,share,0.0042360857201636124,0.004346424596294614
image,SSP2-Base,Business As Usual,IE,Share|ElectricityHV|WindOnshore,share,0.32902402950944615,0.675188477808512
image,SSP2-Base,Business As Usual,IE,Share|ElectricityHV|WindOffshore,share,0.0037277617534413727,0.0038248601290481266
image,SSP2-Base,Business As Usual,IE,Share|ElectricityHV|SolarThermal,share,0.0,0.0
image,SSP2-Base,Business As Usual,IE,Share|ElectricityHV|SolarPVOpen,share,0.0,0.0
image,SSP2-Base,Business As Usual,IE,Share|ElectricityHV|Hydrogen,share,0.0,0.0
image,SSP2-Base,Business As Usual,IE,Share|ElectricityHV|BatteryHydro,share,0.008189672223085096,0.008402991614776157
image,SSP2-Base,Business As Usual,IE,Share|ElectricityHV|ImportsES,share,0.0,0.0
image,SSP2-Base,Business As Usual,IE,Share|ElectricityHV|ImportsBG,share,0.0,0.0
image,SSP2-Base,Business As Usual,IE,Share|ElectricityHV|ImportsSE,share,0.0,0.0
image,SSP2-Base,Business As Usual,IE,Share|ElectricityHV|ImportsAT,share,0.0,0.0
image,SSP2-Base,Business As Usual,IE,Share|ElectricityHV|ImportsMK,share,0.0,0.0
image,SSP2-Base,Business As Usual,IE,Share|ElectricityHV|ImportsMD,share,0.0,0.0
image,SSP2-Base,Business As Usual,IE,Share|ElectricityHV|ImportsHR,share,0.0,0.0
image,SSP2-Base,Business As Usual,IE,Share|ElectricityHV|ImportsXK,share,0.0,0.0
image,SSP2-Base,Business As Usual,IE,Share|ElectricityHV|ImportsLU,share,0.0,0.0
image,SSP2-Base,Business As Usual,IE,Share|ElectricityHV|ImportsGR,share,0.0,0.0
image,SSP2-Base,Business As Usual,IE,Share|ElectricityHV|ImportsIS,share,0.0,0.0
image,SSP2-Base,Business As Usual,IE,Share|ElectricityHV|ImportsBA,share,0.0,0.0
image,SSP2-Base,Business As Usual,IE,Share|ElectricityHV|ImportsEE,share,0.0,0.0
image,SSP2-Base,Business As Usual,IE,Share|ElectricityHV|ImportsSK,share,0.0,0.0
image,SSP2-Base,Business As Usual,IE,Share|ElectricityHV|ImportsME,share,0.0,0.0
image,SSP2-Base,Business As Usual,IE,Share|ElectricityHV|ImportsLT,share,0.0,0.0
image,SSP2-Base,Business As Usual,IE,Share|ElectricityHV|ImportsSI,share,0.0,0.0
image,SSP2-Base,Business As Usual,IE,Share|ElectricityHV|ImportsIE,share,0.0,0.0
image,SSP2-Base,Business As Usual,IE,Share|ElectricityHV|ImportsBE,share,0.0,0.0
image,SSP2-Base,Business As Usual,IE,Share|ElectricityHV|ImportsRS,share,0.0,0.0
image,SSP2-Base,Business As Usual,IE,Share|ElectricityHV|ImportsRO,share,0.0,0.0
image,SSP2-Base,Business As Usual,IE,Share|ElectricityHV|ImportsNL,share,0.0,0.0
image,SSP2-Base,Business As Usual,IE,Share|ElectricityHV|ImportsUA,share,0.0,0.0
image,SSP2-Base,Business As Usual,IE,Share|ElectricityHV|ImportsPL,share,0.0,0.0
image,SSP2-Base,Business As Usual,IE,Share|ElectricityHV|ImportsFR,share,0.0,0.0
image,SSP2-Base,Business As Usual,IE,Share|ElectricityHV|ImportsGB,share,0.07349753180293095,0.0754119489307375
image,SSP2-Base,Business As Usual,IE,Share|ElectricityHV|ImportsNO,share,0.0,0.0
image,SSP2-Base,Business As Usual,IE,Share|ElectricityHV|ImportsCZ,share,0.0,0.0
image,SSP2-Base,Business As Usual,IE,Share|ElectricityHV|ImportsMT,share,0.0,0.0
image,SSP2-Base,Business As Usual,IE,Share|ElectricityHV|ImportsDK,share,0.0,0.0
image,SSP2-Base,Business As Usual,IE,Share|ElectricityHV|ImportsIT,share,0.0,0.0
image,SSP2-Base,Business As Usual,IE,Share|ElectricityHV|ImportsLV,share,0.0,0.0
image,SSP2-Base,Business As Usual,IE,Share|ElectricityHV|ImportsDE,share,0.0,0.0
image,SSP2-Base,Business As Usual,IE,Share|ElectricityHV|ImportsPT,share,0.0,0.0
image,SSP2-Base,Business As Usual,IE,Share|ElectricityHV|ImportsFI,share,0.0,0.0
image,SSP2-Base,Business As Usual,IE,Share|ElectricityHV|ImportsBY,share,0.0,0.0
image,SSP2-Base,Business As Usual,IE,Share|ElectricityHV|ImportsGI,share,0.0,0.0
image,SSP2-Base,Business As Usual,IE,Share|ElectricityHV|ImportsAL,share,0.0,0.0
image,SSP2-Base,Business As Usual,IE,Share|ElectricityHV|ImportsHU,share,0.0,0.0
image,SSP2-Base,Business As Usual,IE,Share|ElectricityHV|ImportsCH,share,0.0,0.0
image,SSP2-Base,Business As Usual,IE,Share|ElectricityMV|TransformationHVMV,share,0.9776001157919639,0.971754708028547
image,SSP2-Base,Business As Usual,IE,Share|ElectricityMV|SolarPVRoofCommercial,share,0.00012155153103034295,0.020408163265306124
image,SSP2-Base,Business As Usual,IE,Share|ElectricityMV|Waste,share,0.022278332677005703,0.007837128706146905
image,SSP2-Base,Business As Usual,IE,Share|ElectricityLV|TransformationMVLV,share,0.9995140301573923,0.98
image,SSP2-Base,Business As Usual,IE,Share|ElectricityLV|BatteryChemical,share,0.0,0.0
image,SSP2-Base,Business As Usual,IE,Share|ElectricityLV|SolarPVRoofResidential,share,0.0004859698426077576,0.02
image,SSP2-Base,Business As Usual,BE,Share|ElectricityHV|Coal,share,0.0,0.0
image,SSP2-Base,Business As Usual,BE,Share|ElectricityHV|CombinedCycle,share,0.12218315836611195,0.0
image,SSP2-Base,Business As Usual,BE,Share|ElectricityHV|GasTurbine,share,0.02848115514475924,0.0
image,SSP2-Base,Business As Usual,BE,Share|ElectricityHV|CogenerationGas,share,0.05938158942107843,0.0
image,SSP2-Base,Business As Usual,BE,Share|ElectricityHV|Nuclear,share,0.4838121976321836,0.5638877273474526
image,SSP2-Base,Business As Usual,BE,Share|ElectricityHV|Oil,share,0.00011812710978944423,0.0
image,SSP2-Base,Business As Usual,BE,Share|ElectricityHV|Geothermal,share,0.0,0.0
image,SSP2-Base,Business As Usual,BE,Share|ElectricityHV|HydroRunofRiver,share,0.0035356257404412835,0.004120805497021159
image,SSP2-Base,Business As Usual,BE,Share|ElectricityHV|HydroReservoir,share,0.0,0.0
image,SSP2-Base,Business As Usual,BE,Share|ElectricityHV|Biomass,share,0.024770346252771133,0.028870074633181305
image,SSP2-Base,Business As Usual,BE,Share|ElectricityHV|Biogas,share,0.003775524162885696,0.004400409394749389
image,SSP2-Base,Business As Usual,BE,Share|ElectricityHV|WindOnshore,share,0.06815787202168953,0.15887729884961635
image,SSP2-Base,Business As Usual,BE,Share|ElectricityHV|WindOffshore,share,0.044899029345421296,0.05233024661553515
image,SSP2-Base,Business As Usual,BE,Share|ElectricityHV|SolarThermal,share,0.0,0.0
image,SSP2-Base,Business As Usual,BE,Share|ElectricityHV|SolarPVOpen,share,0.0,0.0
image,SSP2-Base,Business As Usual,BE,Share|ElectricityHV|Hydrogen,share,0.0,0.0
image,SSP2-Base,Business As Usual,BE,Share|ElectricityHV|BatteryHydro,share,0.010293119705284683,0.011996729115831129
image,SSP2-Base,Business As Usual,BE,Share|ElectricityHV|ImportsES,share,0.0,0.0
image,SSP2-Base,Business As Usual,BE,Share|ElectricityHV|ImportsBG,share,0.0,0.0
image,SSP2-Base,Business As Usual,BE,Share|ElectricityHV|ImportsSE,share,0.0,0.0
image,SSP2-Base,Business As Usual,BE,Share|ElectricityHV|ImportsAT,share,0.0,0.0
image,SSP2-Base,Business As Usual,BE,Share|ElectricityHV|ImportsMK,share,0.0,0.0
image,SSP2-Base,Business As Usual,BE,Share|ElectricityHV|ImportsMD,share,0.0,0.0
image,SSP2-Base,Business As Usual,BE,Share|ElectricityHV|ImportsHR,share,0.0,0.0
image,SSP2-Base,Business As Usual,BE,Share|ElectricityHV|ImportsXK,share,0.0,0.0
image,SSP2-Base,Business As Usual,BE,Share|ElectricityHV|ImportsLU,share,0.000960240852645102,0.0011191698654027646
image,SSP2-Base,Business As Usual,BE,Share|ElectricityHV|ImportsGR,share,0.0,0.0
image,SSP2-Base,Business As Usual,BE,Share|ElectricityHV|ImportsIS,share,0.0,0.0
image,SSP2-Base,Business As Usual,BE,Share|ElectricityHV|ImportsBA,share,0.0,0.0
image,SSP2-Base,Business As Usual,BE,Share|ElectricityHV|ImportsEE,share,0.0,0.0
image,SSP2-Base,Business As Usual,BE,Share|ElectricityHV|ImportsSK,share,0.0,0.0
image,SSP2-Base,Business As Usual,BE,Share|ElectricityHV|ImportsME,share,0.0,0.0
image,SSP2-Base,Business As Usual,BE,Share|ElectricityHV|ImportsLT,share,0.0,0.0
image,SSP2-Base,Business As Usual,BE,Share|ElectricityHV|ImportsSI,share,0.0,0.0
image,SSP2-Base,Business As Usual,BE,Share|ElectricityHV|ImportsIE,share,0.0,0.0
image,SSP2-Base,Business As Usual,BE,Share|ElectricityHV|ImportsBE,share,0.0,0.0
image,SSP2-Base,Business As Usual,BE,Share|ElectricityHV|ImportsRS,share,0.0,0.0
image,SSP2-Base,Business As Usual,BE,Share|ElectricityHV|ImportsRO,share,0.0,0.0
image,SSP2-Base,Business As Usual,BE,Share|ElectricityHV|ImportsNL,share,0.06993202347539505,0.0815064398527807
image,SSP2-Base,Business As Usual,BE,Share|ElectricityHV|ImportsUA,share,0.0,0.0
image,SSP2-Base,Business As Usual,BE,Share|ElectricityHV|ImportsPL,share,0.0,0.0
image,SSP2-Base,Business As Usual,BE,Share|ElectricityHV|ImportsFR,share,0.07820523160976095,0.09114894278179266
image,SSP2-Base,Business As Usual,BE,Share|ElectricityHV|ImportsGB,share,0.0014947591597825258,0.0017421560466368187
image,SSP2-Base,Business As Usual,BE,Share|ElectricityHV|ImportsNO,share,0.0,0.0
image,SSP2-Base,Business As Usual,BE,Share|ElectricityHV|ImportsCZ,share,0.0,0.0
image,SSP2-Base,Business As Usual,BE,Share|ElectricityHV|ImportsMT,share,0.0,0.0
image,SSP2-Base,Business As Usual,BE,Share|ElectricityHV|ImportsDK,share,0.0,0.0
image,SSP2-Base,Business As Usual,BE,Share|ElectricityHV|ImportsIT,share,0.0,0.0
image,SSP2-Base,Business As Usual,BE,Share|ElectricityHV|ImportsLV,share,0.0,0.0
image,SSP2-Base,Business As Usual,BE,Share|ElectricityHV|ImportsDE,share,0.0,0.0
image,SSP2-Base,Business As Usual,BE,Share|ElectricityHV|ImportsPT,share,0.0,0.0
image,SSP2-Base,Business As Usual,BE,Share|ElectricityHV|ImportsFI,share,0.0,0.0
image,SSP2-Base,Business As Usual,BE,Share|ElectricityHV|ImportsBY,share,0.0,0.0
image,SSP2-Base,Business As Usual,BE,Share|ElectricityHV|ImportsGI,share,0.0,0.0
image,SSP2-Base,Business As Usual,BE,Share|ElectricityHV|ImportsAL,share,0.0,0.0
image,SSP2-Base,Business As Usual,BE,Share|ElectricityHV|ImportsHU,share,0.0,0.0
image,SSP2-Base,Business As Usual,BE,Share|ElectricityHV|ImportsCH,share,0.0,0.0
image,SSP2-Base,Business As Usual,BE,Share|ElectricityMV|TransformationHVMV,share,0.9609367064046147,0.9916872864520235
image,SSP2-Base,Business As Usual,BE,Share|ElectricityMV|SolarPVRoofCommercial,share,0.010538195363391518,0.00831271354797652
image,SSP2-Base,Business As Usual,BE,Share|ElectricityMV|Waste,share,0.02852509823199381,0.0
image,SSP2-Base,Business As Usual,BE,Share|ElectricityLV|TransformationMVLV,share,0.9595522055847008,0.7977610279235039
image,SSP2-Base,Business As Usual,BE,Share|ElectricityLV|BatteryChemical,share,0.0,0.0
image,SSP2-Base,Business As Usual,BE,Share|ElectricityLV|SolarPVRoofResidential,share,0.04044779441529921,0.20223897207649605
image,SSP2-Base,Business As Usual,RS,Share|ElectricityHV|Coal,share,0.5744313529223378,0.5346333986184058
image,SSP2-Base,Business As Usual,RS,Share|ElectricityHV|CombinedCycle,share,0.0,0.0
image,SSP2-Base,Business As Usual,RS,Share|ElectricityHV|GasTurbine,share,0.0,0.0
image,SSP2-Base,Business As Usual,RS,Share|ElectricityHV|CogenerationGas,share,0.010222797275176302,0.009514537851755114
image,SSP2-Base,Business As Usual,RS,Share|ElectricityHV|Nuclear,share,0.0,0.0
image,SSP2-Base,Business As Usual,RS,Share|ElectricityHV|Oil,share,0.0,0.0
image,SSP2-Base,Business As Usual,RS,Share|ElectricityHV|Geothermal,share,0.0,0.0
image,SSP2-Base,Business As Usual,RS,Share|ElectricityHV|HydroRunofRiver,share,0.19894445824147705,0.20712860701796376
image,SSP2-Base,Business As Usual,RS,Share|ElectricityHV|HydroReservoir,share,0.03789728853252241,0.03945630178836863
image,SSP2-Base,Business As Usual,RS,Share|ElectricityHV|Biomass,share,0.0,0.0
image,SSP2-Base,Business As Usual,RS,Share|ElectricityHV|Biogas,share,0.0004292571981240051,0.00044691591957761066
image,SSP2-Base,Business As Usual,RS,Share|ElectricityHV|WindOnshore,share,0.022494403761996087,0.04683955067767261
image,SSP2-Base,Business As Usual,RS,Share|ElectricityHV|WindOffshore,share,0.0,0.0
image,SSP2-Base,Business As Usual,RS,Share|ElectricityHV|SolarThermal,share,0.0,0.0
image,SSP2-Base,Business As Usual,RS,Share|ElectricityHV|SolarPVOpen,share,0.0,0.0
image,SSP2-Base,Business As Usual,RS,Share|ElectricityHV|Hydrogen,share,0.0,0.0
image,SSP2-Base,Business As Usual,RS,Share|ElectricityHV|BatteryHydro,share,0.018558903629975004,0.019322377163134865
image,SSP2-Base,Business As Usual,RS,Share|ElectricityHV|ImportsES,share,0.0,0.0
image,SSP2-Base,Business As Usual,RS,Share|ElectricityHV|ImportsBG,share,0.035174406394342606,0.03662140611275893
image,SSP2-Base,Business As Usual,RS,Share|ElectricityHV|ImportsSE,share,0.0,0.0
image,SSP2-Base,Business As Usual,RS,Share|ElectricityHV|ImportsAT,share,0.0,0.0
image,SSP2-Base,Business As Usual,RS,Share|ElectricityHV|ImportsMK,share,0.008415641543657301,0.008761843006375475
image,SSP2-Base,Business As Usual,RS,Share|ElectricityHV|ImportsMD,share,0.0,0.0
image,SSP2-Base,Business As Usual,RS,Share|ElectricityHV|ImportsHR,share,0.009336048306645932,0.009720113331635543
image,SSP2-Base,Business As Usual,RS,Share|ElectricityHV|ImportsXK,share,0.0,0.0
image,SSP2-Base,Business As Usual,RS,Share|ElectricityHV|ImportsLU,share,0.0,0.0
image,SSP2-Base,Business As Usual,RS,Share|ElectricityHV|ImportsGR,share,0.0,0.0
image,SSP2-Base,Business As Usual,RS,Share|ElectricityHV|ImportsIS,share,0.0,0.0
image,SSP2-Base,Business As Usual,RS,Share|ElectricityHV|ImportsBA,share,0.027459993838399907,0.028589639152279876
image,SSP2-Base,Business As Usual,RS,Share|ElectricityHV|ImportsEE,share,0.0,0.0
image,SSP2-Base,Business As Usual,RS,Share|ElectricityHV|ImportsSK,share,0.0,0.0
image,SSP2-Base,Business As Usual,RS,Share|ElectricityHV|ImportsME,share,0.011859253328935804,0.012347117602612874
image,SSP2-Base,Business As Usual,RS,Share|ElectricityHV|ImportsLT,share,0.0,0.0
image,SSP2-Base,Business As Usual,RS,Share|ElectricityHV|ImportsSI,share,0.0,0.0
image,SSP2-Base,Business As Usual,RS,Share|ElectricityHV|ImportsIE,share,0.0,0.0
image,SSP2-Base,Business As Usual,RS,Share|ElectricityHV|ImportsBE,share,0.0,0.0
image,SSP2-Base,Business As Usual,RS,Share|ElectricityHV|ImportsRS,share,0.0,0.0
image,SSP2-Base,Business As Usual,RS,Share|ElectricityHV|ImportsRO,share,0.025441429820568007,0.02648803573549801
image,SSP2-Base,Business As Usual,RS,Share|ElectricityHV|ImportsNL,share,0.0,0.0
image,SSP2-Base,Business As Usual,RS,Share|ElectricityHV|ImportsUA,share,0.0,0.0
image,SSP2-Base,Business As Usual,RS,Share|ElectricityHV|ImportsPL,share,0.0,0.0
image,SSP2-Base,Business As Usual,RS,Share|ElectricityHV|ImportsFR,share,0.0,0.0
image,SSP2-Base,Business As Usual,RS,Share|ElectricityHV|ImportsGB,share,0.0,0.0
image,SSP2-Base,Business As Usual,RS,Share|ElectricityHV|ImportsNO,share,0.0,0.0
image,SSP2-Base,Business As Usual,RS,Share|ElectricityHV|ImportsCZ,share,0.0,0.0
image,SSP2-Base,Business As Usual,RS,Share|ElectricityHV|ImportsMT,share,0.0,0.0
image,SSP2-Base,Business As Usual,RS,Share|ElectricityHV|ImportsDK,share,0.0,0.0
image,SSP2-Base,Business As Usual,RS,Share|ElectricityHV|ImportsIT,share,0.0,0.0
image,SSP2-Base,Business As Usual,RS,Share|ElectricityHV|ImportsLV,share,0.0,0.0
image,SSP2-Base,Business As Usual,RS,Share|ElectricityHV|ImportsDE,share,0.0,0.0
image,SSP2-Base,Business As Usual,RS,Share|ElectricityHV|ImportsPT,share,0.0,0.0
image,SSP2-Base,Business As Usual,RS,Share|ElectricityHV|ImportsFI,share,0.0,0.0
image,SSP2-Base,Business As Usual,RS,Share|ElectricityHV|ImportsBY,share,0.0,0.0
image,SSP2-Base,Business As Usual,RS,Share|ElectricityHV|ImportsGI,share,0.0,0.0
image,SSP2-Base,Business As Usual,RS,Share|ElectricityHV|ImportsAL,share,0.0,0.0
image,SSP2-Base,Business As Usual,RS,Share|ElectricityHV|ImportsHU,share,0.019334765205841903,0.020130156021960947
image,SSP2-Base,Business As Usual,RS,Share|ElectricityHV|ImportsCH,share,0.0,0.0
image,SSP2-Base,Business As Usual,RS,Share|ElectricityMV|TransformationHVMV,share,0.9998984273916126,0.9795918367346939
image,SSP2-Base,Business As Usual,RS,Share|ElectricityMV|SolarPVRoofCommercial,share,0.00010157260838740214,0.020408163265306124
image,SSP2-Base,Business As Usual,RS,Share|ElectricityMV|Waste,share,0.0,0.0
image,SSP2-Base,Business As Usual,RS,Share|ElectricityLV|TransformationMVLV,share,0.9995938745713269,0.98
image,SSP2-Base,Business As Usual,RS,Share|ElectricityLV|BatteryChemical,share,0.0,0.0
image,SSP2-Base,Business As Usual,RS,Share|ElectricityLV|SolarPVRoofResidential,share,0.0004061254286731176,0.02
image,SSP2-Base,Business As Usual,RO,Share|ElectricityHV|Coal,share,0.2190357705878186,0.0
image,SSP2-Base,Business As Usual,RO,Share|ElectricityHV|CombinedCycle,share,0.0,0.0
image,SSP2-Base,Business As Usual,RO,Share|ElectricityHV|GasTurbine,share,0.0018565246034375035,0.0
image,SSP2-Base,Business As Usual,RO,Share|ElectricityHV|CogenerationGas,share,0.0657144664439547,0.0
image,SSP2-Base,Business As Usual,RO,Share|ElectricityHV|Nuclear,share,0.19799711972549747,0.23749892313610346
image,SSP2-Base,Business As Usual,RO,Share|ElectricityHV|Oil,share,0.00017130710069009715,0.0
image,SSP2-Base,Business As Usual,RO,Share|ElectricityHV|Geothermal,share,0.0,0.0
image,SSP2-Base,Business As Usual,RO,Share|ElectricityHV|HydroRunofRiver,share,0.2830455911236548,0.3395151565006987
image,SSP2-Base,Business As Usual,RO,Share|ElectricityHV|HydroReservoir,share,0.0,0.0
image,SSP2-Base,Business As Usual,RO,Share|ElectricityHV|Biomass,share,0.0037933896610520394,0.004550197299761373
image,SSP2-Base,Business As Usual,RO,Share|ElectricityHV|Biogas,share,0.0002980163941516623,0.0003574727389269679
image,SSP2-Base,Business As Usual,RO,Share|ElectricityHV|WindOnshore,share,0.12045393181352552,0.28897065909729935
image,SSP2-Base,Business As Usual,RO,Share|ElectricityHV|WindOffshore,share,0.0,0.0
image,SSP2-Base,Business As Usual,RO,Share|ElectricityHV|SolarThermal,share,0.0,0.0
image,SSP2-Base,Business As Usual,RO,Share|ElectricityHV|SolarPVOpen,share,0.0,0.0
image,SSP2-Base,Business As Usual,RO,Share|ElectricityHV|Hydrogen,share,0.0,0.0
image,SSP2-Base,Business As Usual,RO,Share|ElectricityHV|BatteryHydro,share,0.007858148271007146,0.009425903542412458
image,SSP2-Base,Business As Usual,RO,Share|ElectricityHV|ImportsES,share,0.0,0.0
image,SSP2-Base,Business As Usual,RO,Share|ElectricityHV|ImportsBG,share,0.02675716189232178,0.03209540191501309
image,SSP2-Base,Business As Usual,RO,Share|ElectricityHV|ImportsSE,share,0.0,0.0
image,SSP2-Base,Business As Usual,RO,Share|ElectricityHV|ImportsAT,share,0.0,0.0
image,SSP2-Base,Business As Usual,RO,Share|ElectricityHV|ImportsMK,share,0.0,0.0
image,SSP2-Base,Business As Usual,RO,Share|ElectricityHV|ImportsMD,share,0.0,0.0
image,SSP2-Base,Business As Usual,RO,Share|ElectricityHV|ImportsHR,share,0.0,0.0
image,SSP2-Base,Business As Usual,RO,Share|ElectricityHV|ImportsXK,share,0.0,0.0
image,SSP2-Base,Business As Usual,RO,Share|ElectricityHV|ImportsLU,share,0.0,0.0
image,SSP2-Base,Business As Usual,RO,Share|ElectricityHV|ImportsGR,share,0.0,0.0
image,SSP2-Base,Business As Usual,RO,Share|ElectricityHV|ImportsIS,share,0.0,0.0
image,SSP2-Base,Business As Usual,RO,Share|ElectricityHV|ImportsBA,share,0.0,0.0
image,SSP2-Base,Business As Usual,RO,Share|ElectricityHV|ImportsEE,share,0.0,0.0
image,SSP2-Base,Business As Usual,RO,Share|ElectricityHV|ImportsSK,share,0.0,0.0
image,SSP2-Base,Business As Usual,RO,Share|ElectricityHV|ImportsME,share,0.0,0.0
image,SSP2-Base,Business As Usual,RO,Share|ElectricityHV|ImportsLT,share,0.0,0.0
image,SSP2-Base,Business As Usual,RO,Share|ElectricityHV|ImportsSI,share,0.0,0.0
image,SSP2-Base,Business As Usual,RO,Share|ElectricityHV|ImportsIE,share,0.0,0.0
image,SSP2-Base,Business As Usual,RO,Share|ElectricityHV|ImportsBE,share,0.0,0.0
image,SSP2-Base,Business As Usual,RO,Share|ElectricityHV|ImportsRS,share,0.0292988074146398,0.03514412340844244
image,SSP2-Base,Business As Usual,RO,Share|ElectricityHV|ImportsRO,share,0.0,0.0
image,SSP2-Base,Business As Usual,RO,Share|ElectricityHV|ImportsNL,share,0.0,0.0
image,SSP2-Base,Business As Usual,RO,Share|ElectricityHV|ImportsUA,share,0.009356339563878355,0.011222994425361184
image,SSP2-Base,Business As Usual,RO,Share|ElectricityHV|ImportsPL,share,0.0,0.0
image,SSP2-Base,Business As Usual,RO,Share|ElectricityHV|ImportsFR,share,0.0,0.0
image,SSP2-Base,Business As Usual,RO,Share|ElectricityHV|ImportsGB,share,0.0,0.0
image,SSP2-Base,Business As Usual,RO,Share|ElectricityHV|ImportsNO,share,0.0,0.0
image,SSP2-Base,Business As Usual,RO,Share|ElectricityHV|ImportsCZ,share,0.0,0.0
image,SSP2-Base,Business As Usual,RO,Share|ElectricityHV|ImportsMT,share,0.0,0.0
image,SSP2-Base,Business As Usual,RO,Share|ElectricityHV|ImportsDK,share,0.0,0.0
image,SSP2-Base,Business As Usual,RO,Share|ElectricityHV|ImportsIT,share,0.0,0.0
image,SSP2-Base,Business As Usual,RO,Share|ElectricityHV|ImportsLV,share,0.0,0.0
image,SSP2-Base,Business As Usual,RO,Share|ElectricityHV|ImportsDE,share,0.0,0.0
image,SSP2-Base,Business As Usual,RO,Share|ElectricityHV|ImportsPT,share,0.0,0.0
image,SSP2-Base,Business As Usual,RO,Share|ElectricityHV|ImportsFI,share,0.0,0.0
image,SSP2-Base,Business As Usual,RO,Share|ElectricityHV|ImportsBY,share,0.0,0.0
image,SSP2-Base,Business As Usual,RO,Share|ElectricityHV|ImportsGI,share,0.0,0.0
image,SSP2-Base,Business As Usual,RO,Share|ElectricityHV|ImportsAL,share,0.0,0.0
image,SSP2-Base,Business As Usual,RO,Share|ElectricityHV|ImportsHU,share,0.034363425404370505,0.041219167935981
image,SSP2-Base,Business As Usual,RO,Share|ElectricityHV|ImportsCH,share,0.0,0.0
image,SSP2-Base,Business As Usual,RO,Share|ElectricityMV|TransformationHVMV,share,0.9908830202341941,0.9671559110446895
image,SSP2-Base,Business As Usual,RO,Share|ElectricityMV|SolarPVRoofCommercial,share,0.00911697976580592,0.03284408895531054
image,SSP2-Base,Business As Usual,RO,Share|ElectricityMV|Waste,share,0.0,0.0
image,SSP2-Base,Business As Usual,RO,Share|ElectricityLV|TransformationMVLV,share,0.964815197467777,0.8240759873388848
image,SSP2-Base,Business As Usual,RO,Share|ElectricityLV|BatteryChemical,share,0.0,0.0
image,SSP2-Base,Business As Usual,RO,Share|ElectricityLV|SolarPVRoofResidential,share,0.03518480253222306,0.1759240126611153
image,SSP2-Base,Business As Usual,NL,Share|ElectricityHV|Coal,share,0.16057034975897835,0.09503214870703794
image,SSP2-Base,Business As Usual,NL,Share|ElectricityHV|CombinedCycle,share,0.21896101781722677,0.12959015183989514
image,SSP2-Base,Business As Usual,NL,Share|ElectricityHV|GasTurbine,share,0.11029550011686039,0.06527742129574898
image,SSP2-Base,Business As Usual,NL,Share|ElectricityHV|CogenerationGas,share,0.1597611064564788,0.0945532051786795
image,SSP2-Base,Business As Usual,NL,Share|ElectricityHV|Nuclear,share,0.034439892830532746,0.04864172392226857
image,SSP2-Base,Business As Usual,NL,Share|ElectricityHV|Oil,share,0.005721081851161591,0.0033859719559732955
image,SSP2-Base,Business As Usual,NL,Share|ElectricityHV|Geothermal,share,0.0,0.0
image,SSP2-Base,Business As Usual,NL,Share|ElectricityHV|HydroRunofRiver,share,0.0006881878058991184,0.0009719728637349206
image,SSP2-Base,Business As Usual,NL,Share|ElectricityHV|HydroReservoir,share,0.0,0.0
image,SSP2-Base,Business As Usual,NL,Share|ElectricityHV|Biomass,share,0.021876308277507236,0.030897347820129248
image,SSP2-Base,Business As Usual,NL,Share|ElectricityHV|Biogas,share,0.000265034432852696,0.00037432554671850435
image,SSP2-Base,Business As Usual,NL,Share|ElectricityHV|WindOnshore,share,0.08873865129902661,0.25066285769013774
image,SSP2-Base,Business As Usual,NL,Share|ElectricityHV|WindOffshore,share,0.007488150303609477,0.010576006770663041
image,SSP2-Base,Business As Usual,NL,Share|ElectricityHV|SolarThermal,share,0.0,0.0
image,SSP2-Base,Business As Usual,NL,Share|ElectricityHV|SolarPVOpen,share,0.0,0.0
image,SSP2-Base,Business As Usual,NL,Share|ElectricityHV|Hydrogen,share,0.0,0.0
image,SSP2-Base,Business As Usual,NL,Share|ElectricityHV|BatteryHydro,share,0.0,0.0
image,SSP2-Base,Business As Usual,NL,Share|ElectricityHV|ImportsES,share,0.0,0.0
image,SSP2-Base,Business As Usual,NL,Share|ElectricityHV|ImportsBG,share,0.0,0.0
image,SSP2-Base,Business As Usual,NL,Share|ElectricityHV|ImportsSE,share,0.0,0.0
image,SSP2-Base,Business As Usual,NL,Share|ElectricityHV|ImportsAT,share,0.0,0.0
image,SSP2-Base,Business As Usual,NL,Share|ElectricityHV|ImportsMK,share,0.0,0.0
image,SSP2-Base,Business As Usual,NL,Share|ElectricityHV|ImportsMD,share,0.0,0.0
image,SSP2-Base,Business As Usual,NL,Share|ElectricityHV|ImportsHR,share,0.0,0.0
image,SSP2-Base,Business As Usual,NL,Share|ElectricityHV|ImportsXK,share,0.0,0.0
image,SSP2-Base,Business As Usual,NL,Share|ElectricityHV|ImportsLU,share,0.0,0.0
image,SSP2-Base,Business As Usual,NL,Share|ElectricityHV|ImportsGR,share,0.0,0.0
image,SSP2-Base,Business As Usual,NL,Share|ElectricityHV|ImportsIS,share,0.0,0.0
image,SSP2-Base,Business As Usual,NL,Share|ElectricityHV|ImportsBA,share,0.0,0.0
image,SSP2-Base,Business As Usual,NL,Share|ElectricityHV|ImportsEE,share,0.0,0.0
image,SSP2-Base,Business As Usual,NL,Share|ElectricityHV|ImportsSK,share,0.0,0.0
image,SSP2-Base,Business As Usual,NL,Share|ElectricityHV|ImportsME,share,0.0,0.0
image,SSP2-Base,Business As Usual,NL,Share|ElectricityHV|ImportsLT,share,0.0,0.0
image,SSP2-Base,Business As Usual,NL,Share|ElectricityHV|ImportsSI,share,0.0,0.0
image,SSP2-Base,Business As Usual,NL,Share|ElectricityHV|ImportsIE,share,0.0,0.0
image,SSP2-Base,Business As Usual,NL,Share|ElectricityHV|ImportsBE,share,0.0424335719120884,0.05993172220773156
image,SSP2-Base,Business As Usual,NL,Share|ElectricityHV|ImportsRS,share,0.0,0.0
image,SSP2-Base,Business As Usual,NL,Share|ElectricityHV|ImportsRO,share,0.0,0.0
image,SSP2-Base,Business As Usual,NL,Share|ElectricityHV|ImportsNL,share,0.0,0.0
image,SSP2-Base,Business As Usual,NL,Share|ElectricityHV|ImportsUA,share,0.0,0.0
image,SSP2-Base,Business As Usual,NL,Share|ElectricityHV|ImportsPL,share,0.0,0.0
image,SSP2-Base,Business As Usual,NL,Share|ElectricityHV|ImportsFR,share,0.0,0.0
image,SSP2-Base,Business As Usual,NL,Share|ElectricityHV|ImportsGB,share,0.0036034317996654886,0.005089363536481736
image,SSP2-Base,Business As Usual,NL,Share|ElectricityHV|ImportsNO,share,0.024683382725143335,0.034861963534325635
image,SSP2-Base,Business As Usual,NL,Share|ElectricityHV|ImportsCZ,share,0.0,0.0
image,SSP2-Base,Business As Usual,NL,Share|ElectricityHV|ImportsMT,share,0.0,0.0
image,SSP2-Base,Business As Usual,NL,Share|ElectricityHV|ImportsDK,share,0.00579602527636913,0.008186107393740009
image,SSP2-Base,Business As Usual,NL,Share|ElectricityHV|ImportsIT,share,0.0,0.0
image,SSP2-Base,Business As Usual,NL,Share|ElectricityHV|ImportsLV,share,0.0,0.0
image,SSP2-Base,Business As Usual,NL,Share|ElectricityHV|ImportsDE,share,0.11467830733659995,0.16196770973673424
image,SSP2-Base,Business As Usual,NL,Share|ElectricityHV|ImportsPT,share,0.0,0.0
image,SSP2-Base,Business As Usual,NL,Share|ElectricityHV|ImportsFI,share,0.0,0.0
image,SSP2-Base,Business As Usual,NL,Share|ElectricityHV|ImportsBY,share,0.0,0.0
image,SSP2-Base,Business As Usual,NL,Share|ElectricityHV|ImportsGI,share,0.0,0.0
image,SSP2-Base,Business As Usual,NL,Share|ElectricityHV|ImportsAL,share,0.0,0.0
image,SSP2-Base,Business As Usual,NL,Share|ElectricityHV|ImportsHU,share,0.0,0.0
image,SSP2-Base,Business As Usual,NL,Share|ElectricityHV|ImportsCH,share,0.0,0.0
image,SSP2-Base,Business As Usual,NL,Share|ElectricityMV|TransformationHVMV,share,0.9856116426979307,0.9065431690801515
image,SSP2-Base,Business As Usual,NL,Share|ElectricityMV|SolarPVRoofCommercial,share,0.01438835730206936,0.09345683091984869
image,SSP2-Base,Business As Usual,NL,Share|ElectricityMV|Waste,share,0.0,0.0
image,SSP2-Base,Business As Usual,NL,Share|ElectricityLV|TransformationMVLV,share,0.9455787030529852,0.727893515264926
image,SSP2-Base,Business As Usual,NL,Share|ElectricityLV|BatteryChemical,share,0.0,0.0
image,SSP2-Base,Business As Usual,NL,Share|ElectricityLV|SolarPVRoofResidential,share,0.0544212969470148,0.272106484735074
image,SSP2-Base,Business As Usual,UA,Share|ElectricityHV|Coal,share,0.2879237530523903,0.21155983320384777
image,SSP2-Base,Business As Usual,UA,Share|ElectricityHV|CombinedCycle,share,0.00011897045652806006,8.741678889786566e-05
image,SSP2-Base,Business As Usual,UA,Share|ElectricityHV|GasTurbine,share,0.006234051840751643,0.004580639678497024
image,SSP2-Base,Business As Usual,UA,Share|ElectricityHV|CogenerationGas,share,0.06552725643145363,0.04814793949432024
image,SSP2-Base,Business As Usual,UA,Share|ElectricityHV|Nuclear,share,0.5525000340057022,0.621979809290526
image,SSP2-Base,Business As Usual,UA,Share|ElectricityHV|Oil,share,0.0026174710380450473,0.0019232582597100017
image,SSP2-Base,Business As Usual,UA,Share|ElectricityHV|Geothermal,share,0.0,0.0
image,SSP2-Base,Business As Usual,UA,Share|ElectricityHV|HydroRunofRiver,share,0.04562627290599182,0.051364015880609695
image,SSP2-Base,Business As Usual,UA,Share|ElectricityHV|HydroReservoir,share,0.0,0.0
image,SSP2-Base,Business As Usual,UA,Share|ElectricityHV|Biomass,share,0.0,0.0
image,SSP2-Base,Business As Usual,UA,Share|ElectricityHV|Biogas,share,0.0,0.0
image,SSP2-Base,Business As Usual,UA,Share|ElectricityHV|WindOnshore,share,0.014162561118062288,0.03188715482753034
image,SSP2-Base,Business As Usual,UA,Share|ElectricityHV|WindOffshore,share,0.0,0.0
image,SSP2-Base,Business As Usual,UA,Share|ElectricityHV|SolarThermal,share,0.0,0.0
image,SSP2-Base,Business As Usual,UA,Share|ElectricityHV|SolarPVOpen,share,0.0,0.0
image,SSP2-Base,Business As Usual,UA,Share|ElectricityHV|Hydrogen,share,0.0,0.0
image,SSP2-Base,Business As Usual,UA,Share|ElectricityHV|BatteryHydro,share,0.009441707412041514,0.010629051609176765
image,SSP2-Base,Business As Usual,UA,Share|ElectricityHV|ImportsES,share,0.0,0.0
image,SSP2-Base,Business As Usual,UA,Share|ElectricityHV|ImportsBG,share,0.0,0.0
image,SSP2-Base,Business As Usual,UA,Share|ElectricityHV|ImportsSE,share,0.0,0.0
image,SSP2-Base,Business As Usual,UA,Share|ElectricityHV|ImportsAT,share,0.0,0.0
image,SSP2-Base,Business As Usual,UA,Share|ElectricityHV|ImportsMK,share,0.0,0.0
image,SSP2-Base,Business As Usual,UA,Share|ElectricityHV|ImportsMD,share,7.081287640318783e-07,7.97179667867926e-07
image,SSP2-Base,Business As Usual,UA,Share|ElectricityHV|ImportsHR,share,0.0,0.0
image,SSP2-Base,Business As Usual,UA,Share|ElectricityHV|ImportsXK,share,0.0,0.0
image,SSP2-Base,Business As Usual,UA,Share|ElectricityHV|ImportsLU,share,0.0,0.0
image,SSP2-Base,Business As Usual,UA,Share|ElectricityHV|ImportsGR,share,0.0,0.0
image,SSP2-Base,Business As Usual,UA,Share|ElectricityHV|ImportsIS,share,0.0,0.0
image,SSP2-Base,Business As Usual,UA,Share|ElectricityHV|ImportsBA,share,0.0,0.0
image,SSP2-Base,Business As Usual,UA,Share|ElectricityHV|ImportsEE,share,0.0,0.0
image,SSP2-Base,Business As Usual,UA,Share|ElectricityHV|ImportsSK,share,0.005220325248443003,0.005876808511522346
image,SSP2-Base,Business As Usual,UA,Share|ElectricityHV|ImportsME,share,0.0,0.0
image,SSP2-Base,Business As Usual,UA,Share|ElectricityHV|ImportsLT,share,0.0,0.0
image,SSP2-Base,Business As Usual,UA,Share|ElectricityHV|ImportsSI,share,0.0,0.0
image,SSP2-Base,Business As Usual,UA,Share|ElectricityHV|ImportsIE,share,0.0,0.0
image,SSP2-Base,Business As Usual,UA,Share|ElectricityHV|ImportsBE,share,0.0,0.0
image,SSP2-Base,Business As Usual,UA,Share|ElectricityHV|ImportsRS,share,0.0,0.0
image,SSP2-Base,Business As Usual,UA,Share|ElectricityHV|ImportsRO,share,0.0,0.0
image,SSP2-Base,Business As Usual,UA,Share|ElectricityHV|ImportsNL,share,0.0,0.0
image,SSP2-Base,Business As Usual,UA,Share|ElectricityHV|ImportsUA,share,0.0,0.0
image,SSP2-Base,Business As Usual,UA,Share|ElectricityHV|ImportsPL,share,0.0,0.0
image,SSP2-Base,Business As Usual,UA,Share|ElectricityHV|ImportsFR,share,0.0,0.0
image,SSP2-Base,Business As Usual,UA,Share|ElectricityHV|ImportsGB,share,0.0,0.0
image,SSP2-Base,Business As Usual,UA,Share|ElectricityHV|ImportsNO,share,0.0,0.0
image,SSP2-Base,Business As Usual,UA,Share|ElectricityHV|ImportsCZ,share,0.0,0.0
image,SSP2-Base,Business As Usual,UA,Share|ElectricityHV|ImportsMT,share,0.0,0.0
image,SSP2-Base,Business As Usual,UA,Share|ElectricityHV|ImportsDK,share,0.0,0.0
image,SSP2-Base,Business As Usual,UA,Share|ElectricityHV|ImportsIT,share,0.0,0.0
image,SSP2-Base,Business As Usual,UA,Share|ElectricityHV|ImportsLV,share,0.0,0.0
image,SSP2-Base,Business As Usual,UA,Share|ElectricityHV|ImportsDE,share,0.0,0.0
image,SSP2-Base,Business As Usual,UA,Share|ElectricityHV|ImportsPT,share,0.0,0.0
image,SSP2-Base,Business As Usual,UA,Share|ElectricityHV|ImportsFI,share,0.0,0.0
image,SSP2-Base,Business As Usual,UA,Share|ElectricityHV|ImportsBY,share,0.005693355262816302,0.0064093245296581265
image,SSP2-Base,Business As Usual,UA,Share|ElectricityHV|ImportsGI,share,0.0,0.0
image,SSP2-Base,Business As Usual,UA,Share|ElectricityHV|ImportsAL,share,0.0,0.0
image,SSP2-Base,Business As Usual,UA,Share|ElectricityHV|ImportsHU,share,0.002824017510959131,0.0031791525154572895
image,SSP2-Base,Business As Usual,UA,Share|ElectricityHV|ImportsCH,share,0.0,0.0
image,SSP2-Base,Business As Usual,UA,Share|ElectricityMV|TransformationHVMV,share,0.9944456508617492,0.9695194614612918
image,SSP2-Base,Business As Usual,UA,Share|ElectricityMV|SolarPVRoofCommercial,share,0.0055543491382508085,0.030480538538708368
image,SSP2-Base,Business As Usual,UA,Share|ElectricityMV|Waste,share,0.0,0.0
image,SSP2-Base,Business As Usual,UA,Share|ElectricityLV|TransformationMVLV,share,0.9782654877250945,0.8913274386254723
image,SSP2-Base,Business As Usual,UA,Share|ElectricityLV|BatteryChemical,share,0.0,0.0
image,SSP2-Base,Business As Usual,UA,Share|ElectricityLV|SolarPVRoofResidential,share,0.02173451227490554,0.1086725613745277
image,SSP2-Base,Business As Usual,PL,Share|ElectricityHV|Coal,share,0.6938146116340533,0.5878119936215235
image,SSP2-Base,Business As Usual,PL,Share|ElectricityHV|CombinedCycle,share,0.0,0.0
image,SSP2-Base,Business As Usual,PL,Share|ElectricityHV|GasTurbine,share,0.0,0.0
image,SSP2-Base,Business As Usual,PL,Share|ElectricityHV|CogenerationGas,share,0.03886680790417166,0.0329286461495078
image,SSP2-Base,Business As Usual,PL,Share|ElectricityHV|Nuclear,share,0.0,0.0
image,SSP2-Base,Business As Usual,PL,Share|ElectricityHV|Oil,share,0.0030690521304263863,0.00260015517267001
image,SSP2-Base,Business As Usual,PL,Share|ElectricityHV|Geothermal,share,0.0,0.0
image,SSP2-Base,Business As Usual,PL,Share|ElectricityHV|HydroRunofRiver,share,0.012703578368844021,0.013203508262311434
image,SSP2-Base,Business As Usual,PL,Share|ElectricityHV|HydroReservoir,share,0.0,0.0
image,SSP2-Base,Business As Usual,PL,Share|ElectricityHV|Biomass,share,0.027762692445944388,0.02885525073730812
image,SSP2-Base,Business As Usual,PL,Share|ElectricityHV|Biogas,share,0.003782800557155856,0.003931666886361607
image,SSP2-Base,Business As Usual,PL,Share|ElectricityHV|WindOnshore,share,0.09814807348160524,0.20402108154385268
image,SSP2-Base,Business As Usual,PL,Share|ElectricityHV|WindOffshore,share,0.0,0.0
image,SSP2-Base,Business As Usual,PL,Share|ElectricityHV|SolarThermal,share,0.0,0.0
image,SSP2-Base,Business As Usual,PL,Share|ElectricityHV|SolarPVOpen,share,0.0,0.0
image,SSP2-Base,Business As Usual,PL,Share|ElectricityHV|Hydrogen,share,0.0,0.0
image,SSP2-Base,Business As Usual,PL,Share|ElectricityHV|BatteryHydro,share,0.004589884057220461,0.004770511922939118
image,SSP2-Base,Business As Usual,PL,Share|ElectricityHV|ImportsES,share,0.0,0.0
image,SSP2-Base,Business As Usual,PL,Share|ElectricityHV|ImportsBG,share,0.0,0.0
image,SSP2-Base,Business As Usual,PL,Share|ElectricityHV|ImportsSE,share,0.020194283017767357,0.020988998133823423
image,SSP2-Base,Business As Usual,PL,Share|ElectricityHV|ImportsAT,share,0.0,0.0
image,SSP2-Base,Business As Usual,PL,Share|ElectricityHV|ImportsMK,share,0.0,0.0
image,SSP2-Base,Business As Usual,PL,Share|ElectricityHV|ImportsMD,share,0.0,0.0
image,SSP2-Base,Business As Usual,PL,Share|ElectricityHV|ImportsHR,share,0.0,0.0
image,SSP2-Base,Business As Usual,PL,Share|ElectricityHV|ImportsXK,share,0.0,0.0
image,SSP2-Base,Business As Usual,PL,Share|ElectricityHV|ImportsLU,share,0.0,0.0
image,SSP2-Base,Business As Usual,PL,Share|ElectricityHV|ImportsGR,share,0.0,0.0
image,SSP2-Base,Business As Usual,PL,Share|ElectricityHV|ImportsIS,share,0.0,0.0
image,SSP2-Base,Business As Usual,PL,Share|ElectricityHV|ImportsBA,share,0.0,0.0
image,SSP2-Base,Business As Usual,PL,Share|ElectricityHV|ImportsEE,share,0.0,0.0
image,SSP2-Base,Business As Usual,PL,Share|ElectricityHV|ImportsSK,share,0.00017586427982164534,0.0001827851495264826
image,SSP2-Base,Business As Usual,PL,Share|ElectricityHV|ImportsME,share,0.0,0.0
image,SSP2-Base,Business As Usual,PL,Share|ElectricityHV|ImportsLT,share,0.014965651207365873,0.015554601516998173
image,SSP2-Base,Business As Usual,PL,Share|ElectricityHV|ImportsSI,share,0.0,0.0
image,SSP2-Base,Business As Usual,PL,Share|ElectricityHV|ImportsIE,share,0.0,0.0
image,SSP2-Base,Business As Usual,PL,Share|ElectricityHV|ImportsBE,share,0.0,0.0
image,SSP2-Base,Business As Usual,PL,Share|ElectricityHV|ImportsRS,share,0.0,0.0
image,SSP2-Base,Business As Usual,PL,Share|ElectricityHV|ImportsRO,share,0.0,0.0
image,SSP2-Base,Business As Usual,PL,Share|ElectricityHV|ImportsNL,share,0.0,0.0
image,SSP2-Base,Business As Usual,PL,Share|ElectricityHV|ImportsUA,share,0.009035504804240544,0.009391083273791033
image,SSP2-Base,Business As Usual,PL,Share|ElectricityHV|ImportsPL,share,0.0,0.0
image,SSP2-Base,Business As Usual,PL,Share|ElectricityHV|ImportsFR,share,0.0,0.0
image,SSP2-Base,Business As Usual,PL,Share|ElectricityHV|ImportsGB,share,0.0,0.0
image,SSP2-Base,Business As Usual,PL,Share|ElectricityHV|ImportsNO,share,0.0,0.0
image,SSP2-Base,Business As Usual,PL,Share|ElectricityHV|ImportsCZ,share,0.006702806031208108,0.006966584708980732
image,SSP2-Base,Business As Usual,PL,Share|ElectricityHV|ImportsMT,share,0.0,0.0
image,SSP2-Base,Business As Usual,PL,Share|ElectricityHV|ImportsDK,share,0.0,0.0
image,SSP2-Base,Business As Usual,PL,Share|ElectricityHV|ImportsIT,share,0.0,0.0
image,SSP2-Base,Business As Usual,PL,Share|ElectricityHV|ImportsLV,share,0.0,0.0
image,SSP2-Base,Business As Usual,PL,Share|ElectricityHV|ImportsDE,share,0.06618839008017491,0.06879313292040602
image,SSP2-Base,Business As Usual,PL,Share|ElectricityHV|ImportsPT,share,0.0,0.0
image,SSP2-Base,Business As Usual,PL,Share|ElectricityHV|ImportsFI,share,0.0,0.0
image,SSP2-Base,Business As Usual,PL,Share|ElectricityHV|ImportsBY,share,0.0,0.0
image,SSP2-Base,Business As Usual,PL,Share|ElectricityHV|ImportsGI,share,0.0,0.0
image,SSP2-Base,Business As Usual,PL,Share|ElectricityHV|ImportsAL,share,0.0,0.0
image,SSP2-Base,Business As Usual,PL,Share|ElectricityHV|ImportsHU,share,0.0,0.0
image,SSP2-Base,Business As Usual,PL,Share|ElectricityHV|ImportsCH,share,0.0,0.0
image,SSP2-Base,Business As Usual,PL,Share|ElectricityMV|TransformationHVMV,share,0.9978061268490614,0.9786811273247172
image,SSP2-Base,Business As Usual,PL,Share|ElectricityMV|SolarPVRoofCommercial,share,0.001191357555391221,0.02048580326846561
image,SSP2-Base,Business As Usual,PL,Share|ElectricityMV|Waste,share,0.0010025155955473498,0.0008330694068170828
image,SSP2-Base,Business As Usual,PL,Share|ElectricityLV|TransformationMVLV,share,0.9952571713971946,0.9762858569859731
image,SSP2-Base,Business As Usual,PL,Share|ElectricityLV|BatteryChemical,share,0.0,0.0
image,SSP2-Base,Business As Usual,PL,Share|ElectricityLV|SolarPVRoofResidential,share,0.004742828602805374,0.02371414301402687
image,SSP2-Base,Business As Usual,FR,Share|ElectricityHV|Coal,share,0.005735307669191522,0.0
image,SSP2-Base,Business As Usual,FR,Share|ElectricityHV|CombinedCycle,share,0.03534229471255529,0.0
image,SSP2-Base,Business As Usual,FR,Share|ElectricityHV|GasTurbine,share,0.006797150194556687,0.0
image,SSP2-Base,Business As Usual,FR,Share|ElectricityHV|CogenerationGas,share,0.015155622867787292,0.0
image,SSP2-Base,Business As Usual,FR,Share|ElectricityHV|Nuclear,share,0.7131606887679198,0.7202110211241876
image,SSP2-Base,Business As Usual,FR,Share|ElectricityHV|Oil,share,0.009697475091788798,0.0
image,SSP2-Base,Business As Usual,FR,Share|ElectricityHV|Geothermal,share,0.00021024412735798188,0.00021232260840323985
image,SSP2-Base,Business As Usual,FR,Share|ElectricityHV|HydroRunofRiver,share,0.08905270821614138,0.08993308650961437
image,SSP2-Base,Business As Usual,FR,Share|ElectricityHV|HydroReservoir,share,0.016961516336504393,0.017129198500316894
image,SSP2-Base,Business As Usual,FR,Share|ElectricityHV|Biomass,share,0.004788907946396879,0.004836251263516615
image,SSP2-Base,Business As Usual,FR,Share|ElectricityHV|Biogas,share,0.0016317315154918792,0.001647862872255653
image,SSP2-Base,Business As Usual,FR,Share|ElectricityHV|WindOnshore,share,0.06293859134728387,0.12712160907426706
image,SSP2-Base,Business As Usual,FR,Share|ElectricityHV|WindOffshore,share,3.5905665165612283e-05,3.6260629869748984e-05
image,SSP2-Base,Business As Usual,FR,Share|ElectricityHV|SolarThermal,share,0.0,0.0
image,SSP2-Base,Business As Usual,FR,Share|ElectricityHV|SolarPVOpen,share,0.0,0.0
image,SSP2-Base,Business As Usual,FR,Share|ElectricityHV|Hydrogen,share,0.0,0.0
image,SSP2-Base,Business As Usual,FR,Share|ElectricityHV|BatteryHydro,share,0.008769608785406027,0.008856305454957983
image,SSP2-Base,Business As Usual,FR,Share|ElectricityHV|ImportsES,share,0.005904398211419576,0.005962769305634231
image,SSP2-Base,Business As Usual,FR,Share|ElectricityHV|ImportsBG,share,0.0,0.0
image,SSP2-Base,Business As Usual,FR,Share|ElectricityHV|ImportsSE,share,0.0,0.0
image,SSP2-Base,Business As Usual,FR,Share|ElectricityHV|ImportsAT,share,0.0,0.0
image,SSP2-Base,Business As Usual,FR,Share|ElectricityHV|ImportsMK,share,0.0,0.0
image,SSP2-Base,Business As Usual,FR,Share|ElectricityHV|ImportsMD,share,0.0,0.0
image,SSP2-Base,Business As Usual,FR,Share|ElectricityHV|ImportsHR,share,0.0,0.0
image,SSP2-Base,Business As Usual,FR,Share|ElectricityHV|ImportsXK,share,0.0,0.0
image,SSP2-Base,Business As Usual,FR,Share|ElectricityHV|ImportsLU,share,0.0,0.0
image,SSP2-Base,Business As Usual,FR,Share|ElectricityHV|ImportsGR,share,0.0,0.0
image,SSP2-Base,Business As Usual,FR,Share|ElectricityHV|ImportsIS,share,0.0,0.0
image,SSP2-Base,Business As Usual,FR,Share|ElectricityHV|ImportsBA,share,0.0,0.0
image,SSP2-Base,Business As Usual,FR,Share|ElectricityHV|ImportsEE,share,0.0,0.0
image,SSP2-Base,Business As Usual,FR,Share|ElectricityHV|ImportsSK,share,0.0,0.0
image,SSP2-Base,Business As Usual,FR,Share|ElectricityHV|ImportsME,share,0.0,0.0
image,SSP2-Base,Business As Usual,FR,Share|ElectricityHV|ImportsLT,share,0.0,0.0
image,SSP2-Base,Business As Usual,FR,Share|ElectricityHV|ImportsSI,share,0.0,0.0
image,SSP2-Base,Business As Usual,FR,Share|ElectricityHV|ImportsIE,share,0.0,0.0
image,SSP2-Base,Business As Usual,FR,Share|ElectricityHV|ImportsBE,share,0.0072679014684470565,0.007339752205163467
image,SSP2-Base,Business As Usual,FR,Share|ElectricityHV|ImportsRS,share,0.0,0.0
image,SSP2-Base,Business As Usual,FR,Share|ElectricityHV|ImportsRO,share,0.0,0.0
image,SSP2-Base,Business As Usual,FR,Share|ElectricityHV|ImportsNL,share,0.0,0.0
image,SSP2-Base,Business As Usual,FR,Share|ElectricityHV|ImportsUA,share,0.0,0.0
image,SSP2-Base,Business As Usual,FR,Share|ElectricityHV|ImportsPL,share,0.0,0.0
image,SSP2-Base,Business As Usual,FR,Share|ElectricityHV|ImportsFR,share,0.0,0.0
image,SSP2-Base,Business As Usual,FR,Share|ElectricityHV|ImportsGB,share,0.0013476721807567996,0.001360995316666109
image,SSP2-Base,Business As Usual,FR,Share|ElectricityHV|ImportsNO,share,0.0,0.0
image,SSP2-Base,Business As Usual,FR,Share|ElectricityHV|ImportsCZ,share,0.0,0.0
image,SSP2-Base,Business As Usual,FR,Share|ElectricityHV|ImportsMT,share,0.0,0.0
image,SSP2-Base,Business As Usual,FR,Share|ElectricityHV|ImportsDK,share,0.0,0.0
image,SSP2-Base,Business As Usual,FR,Share|ElectricityHV|ImportsIT,share,0.0017984376445437792,0.0018162170641272712
image,SSP2-Base,Business As Usual,FR,Share|ElectricityHV|ImportsLV,share,0.0,0.0
image,SSP2-Base,Business As Usual,FR,Share|ElectricityHV|ImportsDE,share,0.004692805596665678,0.004739198842481017
image,SSP2-Base,Business As Usual,FR,Share|ElectricityHV|ImportsPT,share,0.0,0.0
image,SSP2-Base,Business As Usual,FR,Share|ElectricityHV|ImportsFI,share,0.0,0.0
image,SSP2-Base,Business As Usual,FR,Share|ElectricityHV|ImportsBY,share,0.0,0.0
image,SSP2-Base,Business As Usual,FR,Share|ElectricityHV|ImportsGI,share,0.0,0.0
image,SSP2-Base,Business As Usual,FR,Share|ElectricityHV|ImportsAL,share,0.0,0.0
image,SSP2-Base,Business As Usual,FR,Share|ElectricityHV|ImportsHU,share,0.0,0.0
image,SSP2-Base,Business As Usual,FR,Share|ElectricityHV|ImportsCH,share,0.008711031654619807,0.008797149228538727
image,SSP2-Base,Business As Usual,FR,Share|ElectricityMV|TransformationHVMV,share,0.9939281589353824,0.9999999999999999
image,SSP2-Base,Business As Usual,FR,Share|ElectricityMV|SolarPVRoofCommercial,share,0.005023785914418505,0.0
image,SSP2-Base,Business As Usual,FR,Share|ElectricityMV|Waste,share,0.00104805515019899,0.0
image,SSP2-Base,Business As Usual,FR,Share|ElectricityLV|TransformationMVLV,share,0.9803007162786596,0.9648103362631046
image,SSP2-Base,Business As Usual,FR,Share|ElectricityLV|BatteryChemical,share,0.0,0.0
image,SSP2-Base,Business As Usual,FR,Share|ElectricityLV|SolarPVRoofResidential,share,0.01969928372134041,0.035189663736895416
image,SSP2-Base,Business As Usual,GB,Share|ElectricityHV|Coal,share,0.024269146464971407,0.012881135815832124
image,SSP2-Base,Business As Usual,GB,Share|ElectricityHV|CombinedCycle,share,0.0,0.0
image,SSP2-Base,Business As Usual,GB,Share|ElectricityHV|GasTurbine,share,0.3951856630689391,0.20974945310944107
image,SSP2-Base,Business As Usual,GB,Share|ElectricityHV|CogenerationGas,share,0.0,0.0
image,SSP2-Base,Business As Usual,GB,Share|ElectricityHV|Nuclear,share,0.19517153466188025,0.21202109285706744
image,SSP2-Base,Business As Usual,GB,Share|ElectricityHV|Oil,share,0.0016142750164275703,0.0008567955103291543
image,SSP2-Base,Business As Usual,GB,Share|ElectricityHV|Geothermal,share,0.0,0.0
image,SSP2-Base,Business As Usual,GB,Share|ElectricityHV|HydroRunofRiver,share,0.015328724990899604,0.016652085204465775
image,SSP2-Base,Business As Usual,GB,Share|ElectricityHV|HydroReservoir,share,0.0,0.0
image,SSP2-Base,Business As Usual,GB,Share|ElectricityHV|Biomass,share,0.06976740177689922,0.07579056441894853
image,SSP2-Base,Business As Usual,GB,Share|ElectricityHV|Biogas,share,0.0,0.0
image,SSP2-Base,Business As Usual,GB,Share|ElectricityHV|WindOnshore,share,0.13587135644591136,0.29520281768077744
image,SSP2-Base,Business As Usual,GB,Share|ElectricityHV|WindOffshore,share,0.06562007820847711,0.0712851939153447
image,SSP2-Base,Business As Usual,GB,Share|ElectricityHV|SolarThermal,share,0.0,0.0
image,SSP2-Base,Business As Usual,GB,Share|ElectricityHV|SolarPVOpen,share,0.0,0.0
image,SSP2-Base,Business As Usual,GB,Share|ElectricityHV|Hydrogen,share,0.0,0.0
image,SSP2-Base,Business As Usual,GB,Share|ElectricityHV|BatteryHydro,share,0.006425957546998762,0.00698072361898531
image,SSP2-Base,Business As Usual,GB,Share|ElectricityHV|ImportsES,share,0.0,0.0
image,SSP2-Base,Business As Usual,GB,Share|ElectricityHV|ImportsBG,share,0.0,0.0
image,SSP2-Base,Business As Usual,GB,Share|ElectricityHV|ImportsSE,share,0.0,0.0
image,SSP2-Base,Business As Usual,GB,Share|ElectricityHV|ImportsAT,share,0.0,0.0
image,SSP2-Base,Business As Usual,GB,Share|ElectricityHV|ImportsMK,share,0.0,0.0
image,SSP2-Base,Business As Usual,GB,Share|ElectricityHV|ImportsMD,share,0.0,0.0
image,SSP2-Base,Business As Usual,GB,Share|ElectricityHV|ImportsHR,share,0.0,0.0
image,SSP2-Base,Business As Usual,GB,Share|ElectricityHV|ImportsXK,share,0.0,0.0
image,SSP2-Base,Business As Usual,GB,Share|ElectricityHV|ImportsLU,share,0.0,0.0
image,SSP2-Base,Business As Usual,GB,Share|ElectricityHV|ImportsGR,share,0.0,0.0
image,SSP2-Base,Business As Usual,GB,Share|ElectricityHV|ImportsIS,share,0.0,0.0
image,SSP2-Base,Business As Usual,GB,Share|ElectricityHV|ImportsBA,share,0.0,0.0
image,SSP2-Base,Business As Usual,GB,Share|ElectricityHV|ImportsEE,share,0.0,0.0
image,SSP2-Base,Business As Usual,GB,Share|ElectricityHV|ImportsSK,share,0.0,0.0
image,SSP2-Base,Business As Usual,GB,Share|ElectricityHV|ImportsME,share,0.0,0.0
image,SSP2-Base,Business As Usual,GB,Share|ElectricityHV|ImportsLT,share,0.0,0.0
image,SSP2-Base,Business As Usual,GB,Share|ElectricityHV|ImportsSI,share,0.0,0.0
image,SSP2-Base,Business As Usual,GB,Share|ElectricityHV|ImportsIE,share,0.005690791766071771,0.0061820894709611425
image,SSP2-Base,Business As Usual,GB,Share|ElectricityHV|ImportsBE,share,0.018813582491902903,0.020437797588671248
image,SSP2-Base,Business As Usual,GB,Share|ElectricityHV|ImportsRS,share,0.0,0.0
image,SSP2-Base,Business As Usual,GB,Share|ElectricityHV|ImportsRO,share,0.0,0.0
image,SSP2-Base,Business As Usual,GB,Share|ElectricityHV|ImportsNL,share,0.022355816392664405,0.024285839794702502
image,SSP2-Base,Business As Usual,GB,Share|ElectricityHV|ImportsUA,share,0.0,0.0
image,SSP2-Base,Business As Usual,GB,Share|ElectricityHV|ImportsPL,share,0.0,0.0
image,SSP2-Base,Business As Usual,GB,Share|ElectricityHV|ImportsFR,share,0.04388567116795661,0.047674411014473575
image,SSP2-Base,Business As Usual,GB,Share|ElectricityHV|ImportsGB,share,0.0,0.0
image,SSP2-Base,Business As Usual,GB,Share|ElectricityHV|ImportsNO,share,0.0,0.0
image,SSP2-Base,Business As Usual,GB,Share|ElectricityHV|ImportsCZ,share,0.0,0.0
image,SSP2-Base,Business As Usual,GB,Share|ElectricityHV|ImportsMT,share,0.0,0.0
image,SSP2-Base,Business As Usual,GB,Share|ElectricityHV|ImportsDK,share,0.0,0.0
image,SSP2-Base,Business As Usual,GB,Share|ElectricityHV|ImportsIT,share,0.0,0.0
image,SSP2-Base,Business As Usual,GB,Share|ElectricityHV|ImportsLV,share,0.0,0.0
image,SSP2-Base,Business As Usual,GB,Share|ElectricityHV|ImportsDE,share,0.0,0.0
image,SSP2-Base,Business As Usual,GB,Share|ElectricityHV|ImportsPT,share,0.0,0.0
image,SSP2-Base,Business As Usual,GB,Share|ElectricityHV|ImportsFI,share,0.0,0.0
image,SSP2-Base,Business As Usual,GB,Share|ElectricityHV|ImportsBY,share,0.0,0.0
image,SSP2-Base,Business As Usual,GB,Share|ElectricityHV|ImportsGI,share,0.0,0.0
image,SSP2-Base,Business As Usual,GB,Share|ElectricityHV|ImportsAL,share,0.0,0.0
image,SSP2-Base,Business As Usual,GB,Share|ElectricityHV|ImportsHU,share,0.0,0.0
image,SSP2-Base,Business As Usual,GB,Share|ElectricityHV|ImportsCH,share,0.0,0.0
image,SSP2-Base,Business As Usual,GB,Share|ElectricityMV|TransformationHVMV,share,0.9868908261254361,0.9730826990832415
image,SSP2-Base,Business As Usual,GB,Share|ElectricityMV|SolarPVRoofCommercial,share,0.004150547350181083,0.022228932543990432
image,SSP2-Base,Business As Usual,GB,Share|ElectricityMV|Waste,share,0.00895862652438285,0.004688368372768019
image,SSP2-Base,Business As Usual,GB,Share|ElectricityLV|TransformationMVLV,share,0.9836689419186564,0.9183447095932818
image,SSP2-Base,Business As Usual,GB,Share|ElectricityLV|BatteryChemical,share,0.0,0.0
image,SSP2-Base,Business As Usual,GB,Share|ElectricityLV|SolarPVRoofResidential,share,0.016331058081343632,0.08165529040671816
image,SSP2-Base,Business As Usual,NO,Share|ElectricityHV|Coal,share,0.0003025155685362641,0.0
image,SSP2-Base,Business As Usual,NO,Share|ElectricityHV|CombinedCycle,share,1.5206740081288188e-07,0.0
image,SSP2-Base,Business As Usual,NO,Share|ElectricityHV|GasTurbine,share,1.1912539930927394e-07,0.0
image,SSP2-Base,Business As Usual,NO,Share|ElectricityHV|CogenerationGas,share,0.0,0.0
image,SSP2-Base,Business As Usual,NO,Share|ElectricityHV|Nuclear,share,0.0,0.0
image,SSP2-Base,Business As Usual,NO,Share|ElectricityHV|Oil,share,0.00011688409685264869,0.0
image,SSP2-Base,Business As Usual,NO,Share|ElectricityHV|Geothermal,share,0.0,0.0
image,SSP2-Base,Business As Usual,NO,Share|ElectricityHV|HydroRunofRiver,share,0.0,0.0
image,SSP2-Base,Business As Usual,NO,Share|ElectricityHV|HydroReservoir,share,0.8685501524924425,0.8656496419204637
image,SSP2-Base,Business As Usual,NO,Share|ElectricityHV|Biomass,share,0.0001625800836732319,0.0001620371498539997
image,SSP2-Base,Business As Usual,NO,Share|ElectricityHV|Biogas,share,0.00010061252884531936,0.00010027653477203307
image,SSP2-Base,Business As Usual,NO,Share|ElectricityHV|WindOnshore,share,0.03822138816459146,0.04185150319087939
image,SSP2-Base,Business As Usual,NO,Share|ElectricityHV|WindOffshore,share,8.730332422028369e-05,8.701177604181276e-05
image,SSP2-Base,Business As Usual,NO,Share|ElectricityHV|SolarThermal,share,0.0,0.0
image,SSP2-Base,Business As Usual,NO,Share|ElectricityHV|SolarPVOpen,share,0.0,0.0
image,SSP2-Base,Business As Usual,NO,Share|ElectricityHV|Hydrogen,share,0.0,0.0
image,SSP2-Base,Business As Usual,NO,Share|ElectricityHV|BatteryHydro,share,0.006116935333889311,0.006096507917518313
image,SSP2-Base,Business As Usual,NO,Share|ElectricityHV|ImportsES,share,0.0,0.0
image,SSP2-Base,Business As Usual,NO,Share|ElectricityHV|ImportsBG,share,0.0,0.0
image,SSP2-Base,Business As Usual,NO,Share|ElectricityHV|ImportsSE,share,0.0522814985802505,0.05210690527793428
image,SSP2-Base,Business As Usual,NO,Share|ElectricityHV|ImportsAT,share,0.0,0.0
image,SSP2-Base,Business As Usual,NO,Share|ElectricityHV|ImportsMK,share,0.0,0.0
image,SSP2-Base,Business As Usual,NO,Share|ElectricityHV|ImportsMD,share,0.0,0.0
image,SSP2-Base,Business As Usual,NO,Share|ElectricityHV|ImportsHR,share,0.0,0.0
image,SSP2-Base,Business As Usual,NO,Share|ElectricityHV|ImportsXK,share,0.0,0.0
image,SSP2-Base,Business As Usual,NO,Share|ElectricityHV|ImportsLU,share,0.0,0.0
image,SSP2-Base,Business As Usual,NO,Share|ElectricityHV|ImportsGR,share,0.0,0.0
image,SSP2-Base,Business As Usual,NO,Share|ElectricityHV|ImportsIS,share,0.0,0.0
image,SSP2-Base,Business As Usual,NO,Share|ElectricityHV|ImportsBA,share,0.0,0.0
image,SSP2-Base,Business As Usual,NO,Share|ElectricityHV|ImportsEE,share,0.0,0.0
image,SSP2-Base,Business As Usual,NO,Share|ElectricityHV|ImportsSK,share,0.0,0.0
image,SSP2-Base,Business As Usual,NO,Share|ElectricityHV|ImportsME,share,0.0,0.0
image,SSP2-Base,Business As Usual,NO,Share|ElectricityHV|ImportsLT,share,0.0,0.0
image,SSP2-Base,Business As Usual,NO,Share|ElectricityHV|ImportsSI,share,0.0,0.0
image,SSP2-Base,Business As Usual,NO,Share|ElectricityHV|ImportsIE,share,0.0,0.0
image,SSP2-Base,Business As Usual,NO,Share|ElectricityHV|ImportsBE,share,0.0,0.0
image,SSP2-Base,Business As Usual,NO,Share|ElectricityHV|ImportsRS,share,0.0,0.0
image,SSP2-Base,Business As Usual,NO,Share|ElectricityHV|ImportsRO,share,0.0,0.0
image,SSP2-Base,Business As Usual,NO,Share|ElectricityHV|ImportsNL,share,0.009890149798269307,0.009857121787202803
image,SSP2-Base,Business As Usual,NO,Share|ElectricityHV|ImportsUA,share,0.0,0.0
image,SSP2-Base,Business As Usual,NO,Share|ElectricityHV|ImportsPL,share,0.0,0.0
image,SSP2-Base,Business As Usual,NO,Share|ElectricityHV|ImportsFR,share,0.0,0.0
image,SSP2-Base,Business As Usual,NO,Share|ElectricityHV|ImportsGB,share,0.0,0.0
image,SSP2-Base,Business As Usual,NO,Share|ElectricityHV|ImportsNO,share,0.0,0.0
image,SSP2-Base,Business As Usual,NO,Share|ElectricityHV|ImportsCZ,share,0.0,0.0
image,SSP2-Base,Business As Usual,NO,Share|ElectricityHV|ImportsMT,share,0.0,0.0
image,SSP2-Base,Business As Usual,NO,Share|ElectricityHV|ImportsDK,share,0.023128272567118833,0.023051036038059424
image,SSP2-Base,Business As Usual,NO,Share|ElectricityHV|ImportsIT,share,0.0,0.0
image,SSP2-Base,Business As Usual,NO,Share|ElectricityHV|ImportsLV,share,0.0,0.0
image,SSP2-Base,Business As Usual,NO,Share|ElectricityHV|ImportsDE,share,0.0,0.0
image,SSP2-Base,Business As Usual,NO,Share|ElectricityHV|ImportsPT,share,0.0,0.0
image,SSP2-Base,Business As Usual,NO,Share|ElectricityHV|ImportsFI,share,0.000398401793993887,0.0003970713370109961
image,SSP2-Base,Business As Usual,NO,Share|ElectricityHV|ImportsBY,share,0.0,0.0
image,SSP2-Base,Business As Usual,NO,Share|ElectricityHV|ImportsGI,share,0.0,0.0
image,SSP2-Base,Business As Usual,NO,Share|ElectricityHV|ImportsAL,share,0.0,0.0
image,SSP2-Base,Business As Usual,NO,Share|ElectricityHV|ImportsHU,share,0.0,0.0
image,SSP2-Base,Business As Usual,NO,Share|ElectricityHV|ImportsCH,share,0.0,0.0
image,SSP2-Base,Business As Usual,NO,Share|ElectricityMV|TransformationHVMV,share,0.9967237934800233,0.9999999999999999
image,SSP2-Base,Business As Usual,NO,Share|ElectricityMV|SolarPVRoofCommercial,share,1.5872732106277196e-05,0.0
image,SSP2-Base,Business As Usual,NO,Share|ElectricityMV|Waste,share,0.0032603337878704887,0.0
image,SSP2-Base,Business As Usual,NO,Share|ElectricityLV|TransformationMVLV,share,0.9999365131024169,1.0
image,SSP2-Base,Business As Usual,NO,Share|ElectricityLV|BatteryChemical,share,0.0,0.0
image,SSP2-Base,Business As Usual,NO,Share|ElectricityLV|SolarPVRoofResidential,share,6.34868975830384e-05,0.0
image,SSP2-Base,Business As Usual,CZ,Share|ElectricityHV|Coal,share,0.3887776311718021,0.25460806675255654
image,SSP2-Base,Business As Usual,CZ,Share|ElectricityHV|CombinedCycle,share,0.008055998488215393,0.005275823597833594
image,SSP2-Base,Business As Usual,CZ,Share|ElectricityHV|GasTurbine,share,0.03383519371753052,0.022158459154795928
image,SSP2-Base,Business As Usual,CZ,Share|ElectricityHV|CogenerationGas,share,0.01948969638820476,0.01276368165534264
image,SSP2-Base,Business As Usual,CZ,Share|ElectricityHV|Nuclear,share,0.3543925494396205,0.44495180967437264
image,SSP2-Base,Business As Usual,CZ,Share|ElectricityHV|Oil,share,0.001209066608495231,0.0007918102459655306
image,SSP2-Base,Business As Usual,CZ,Share|ElectricityHV|Geothermal,share,0.0,0.0
image,SSP2-Base,Business As Usual,CZ,Share|ElectricityHV|HydroRunofRiver,share,0.013266637081538052,0.016656710721084777
image,SSP2-Base,Business As Usual,CZ,Share|ElectricityHV|HydroReservoir,share,0.004422212360512664,0.005552236907028234
image,SSP2-Base,Business As Usual,CZ,Share|ElectricityHV|Biomass,share,0.014464183967684072,0.01816027126433871
image,SSP2-Base,Business As Usual,CZ,Share|ElectricityHV|Biogas,share,0.0016121149152504002,0.0020240646990969694
image,SSP2-Base,Business As Usual,CZ,Share|ElectricityHV|WindOnshore,share,0.00863828843076302,0.02642130487926516
image,SSP2-Base,Business As Usual,CZ,Share|ElectricityHV|WindOffshore,share,0.0,0.0
image,SSP2-Base,Business As Usual,CZ,Share|ElectricityHV|SolarThermal,share,0.0,0.0
image,SSP2-Base,Business As Usual,CZ,Share|ElectricityHV|SolarPVOpen,share,0.0,0.0
image,SSP2-Base,Business As Usual,CZ,Share|ElectricityHV|Hydrogen,share,0.0,0.0
image,SSP2-Base,Business As Usual,CZ,Share|ElectricityHV|BatteryHydro,share,0.014396740159152077,0.018075593285907462
image,SSP2-Base,Business As Usual,CZ,Share|ElectricityHV|ImportsES,share,0.0,0.0
image,SSP2-Base,Business As Usual,CZ,Share|ElectricityHV|ImportsBG,share,0.0,0.0
image,SSP2-Base,Business As Usual,CZ,Share|ElectricityHV|ImportsSE,share,0.0,0.0
image,SSP2-Base,Business As Usual,CZ,Share|ElectricityHV|ImportsAT,share,0.0018044313137029042,0.0022655244297171773
image,SSP2-Base,Business As Usual,CZ,Share|ElectricityHV|ImportsMK,share,0.0,0.0
image,SSP2-Base,Business As Usual,CZ,Share|ElectricityHV|ImportsMD,share,0.0,0.0
image,SSP2-Base,Business As Usual,CZ,Share|ElectricityHV|ImportsHR,share,0.0,0.0
image,SSP2-Base,Business As Usual,CZ,Share|ElectricityHV|ImportsXK,share,0.0,0.0
image,SSP2-Base,Business As Usual,CZ,Share|ElectricityHV|ImportsLU,share,0.0,0.0
image,SSP2-Base,Business As Usual,CZ,Share|ElectricityHV|ImportsGR,share,0.0,0.0
image,SSP2-Base,Business As Usual,CZ,Share|ElectricityHV|ImportsIS,share,0.0,0.0
image,SSP2-Base,Business As Usual,CZ,Share|ElectricityHV|ImportsBA,share,0.0,0.0
image,SSP2-Base,Business As Usual,CZ,Share|ElectricityHV|ImportsEE,share,0.0,0.0
image,SSP2-Base,Business As Usual,CZ,Share|ElectricityHV|ImportsSK,share,0.0015169677876628084,0.0019046042683617285
image,SSP2-Base,Business As Usual,CZ,Share|ElectricityHV|ImportsME,share,0.0,0.0
image,SSP2-Base,Business As Usual,CZ,Share|ElectricityHV|ImportsLT,share,0.0,0.0
image,SSP2-Base,Business As Usual,CZ,Share|ElectricityHV|ImportsSI,share,0.0,0.0
image,SSP2-Base,Business As Usual,CZ,Share|ElectricityHV|ImportsIE,share,0.0,0.0
image,SSP2-Base,Business As Usual,CZ,Share|ElectricityHV|ImportsBE,share,0.0,0.0
image,SSP2-Base,Business As Usual,CZ,Share|ElectricityHV|ImportsRS,share,0.0,0.0
image,SSP2-Base,Business As Usual,CZ,Share|ElectricityHV|ImportsRO,share,0.0,0.0
image,SSP2-Base,Business As Usual,CZ,Share|ElectricityHV|ImportsNL,share,0.0,0.0
image,SSP2-Base,Business As Usual,CZ,Share|ElectricityHV|ImportsUA,share,0.0,0.0
image,SSP2-Base,Business As Usual,CZ,Share|ElectricityHV|ImportsPL,share,0.04247430030650251,0.05332791791451295
image,SSP2-Base,Business As Usual,CZ,Share|ElectricityHV|ImportsFR,share,0.0,0.0
image,SSP2-Base,Business As Usual,CZ,Share|ElectricityHV|ImportsGB,share,0.0,0.0
image,SSP2-Base,Business As Usual,CZ,Share|ElectricityHV|ImportsNO,share,0.0,0.0
image,SSP2-Base,Business As Usual,CZ,Share|ElectricityHV|ImportsCZ,share,0.0,0.0
image,SSP2-Base,Business As Usual,CZ,Share|ElectricityHV|ImportsMT,share,0.0,0.0
image,SSP2-Base,Business As Usual,CZ,Share|ElectricityHV|ImportsDK,share,0.0,0.0
image,SSP2-Base,Business As Usual,CZ,Share|ElectricityHV|ImportsIT,share,0.0,0.0
image,SSP2-Base,Business As Usual,CZ,Share|ElectricityHV|ImportsLV,share,0.0,0.0
image,SSP2-Base,Business As Usual,CZ,Share|ElectricityHV|ImportsDE,share,0.09164398786336303,0.11506212054981989
image,SSP2-Base,Business As Usual,CZ,Share|ElectricityHV|ImportsPT,share,0.0,0.0
image,SSP2-Base,Business As Usual,CZ,Share|ElectricityHV|ImportsFI,share,0.0,0.0
image,SSP2-Base,Business As Usual,CZ,Share|ElectricityHV|ImportsBY,share,0.0,0.0
image,SSP2-Base,Business As Usual,CZ,Share|ElectricityHV|ImportsGI,share,0.0,0.0
image,SSP2-Base,Business As Usual,CZ,Share|ElectricityHV|ImportsAL,share,0.0,0.0
image,SSP2-Base,Business As Usual,CZ,Share|ElectricityHV|ImportsHU,share,0.0,0.0
image,SSP2-Base,Business As Usual,CZ,Share|ElectricityHV|ImportsCH,share,0.0,0.0
image,SSP2-Base,Business As Usual,CZ,Share|ElectricityMV|TransformationHVMV,share,0.9887512238532377,0.9391194317015102
image,SSP2-Base,Business As Usual,CZ,Share|ElectricityMV|SolarPVRoofCommercial,share,0.010089557059972082,0.060159510287847925
image,SSP2-Base,Business As Usual,CZ,Share|ElectricityMV|Waste,share,0.0011592190867902598,0.0007210580106417277
image,SSP2-Base,Business As Usual,CZ,Share|ElectricityLV|TransformationMVLV,share,0.9612073734369673,0.8060368671848364
image,SSP2-Base,Business As Usual,CZ,Share|ElectricityLV|BatteryChemical,share,0.0,0.0
image,SSP2-Base,Business As Usual,CZ,Share|ElectricityLV|SolarPVRoofResidential,share,0.03879262656303273,0.19396313281516364
image,SSP2-Base,Business As Usual,MT,Share|ElectricityHV|Coal,share,0.0,0.0
image,SSP2-Base,Business As Usual,MT,Share|ElectricityHV|CombinedCycle,share,0.7207380002791554,0.47612874394244226
image,SSP2-Base,Business As Usual,MT,Share|ElectricityHV|GasTurbine,share,0.0,0.0
image,SSP2-Base,Business As Usual,MT,Share|ElectricityHV|CogenerationGas,share,0.0,0.0
image,SSP2-Base,Business As Usual,MT,Share|ElectricityHV|Nuclear,share,0.0,0.0
image,SSP2-Base,Business As Usual,MT,Share|ElectricityHV|Oil,share,0.011888486250665605,0.007853686115778564
image,SSP2-Base,Business As Usual,MT,Share|ElectricityHV|Geothermal,share,0.0,0.0
image,SSP2-Base,Business As Usual,MT,Share|ElectricityHV|HydroRunofRiver,share,0.0,0.0
image,SSP2-Base,Business As Usual,MT,Share|ElectricityHV|HydroReservoir,share,0.0,0.0
image,SSP2-Base,Business As Usual,MT,Share|ElectricityHV|Biomass,share,0.0,0.0
image,SSP2-Base,Business As Usual,MT,Share|ElectricityHV|Biogas,share,0.0,0.0
image,SSP2-Base,Business As Usual,MT,Share|ElectricityHV|WindOnshore,share,0.0,0.03955068140046489
image,SSP2-Base,Business As Usual,MT,Share|ElectricityHV|WindOffshore,share,0.0,0.0
image,SSP2-Base,Business As Usual,MT,Share|ElectricityHV|SolarThermal,share,0.0,0.0
image,SSP2-Base,Business As Usual,MT,Share|ElectricityHV|SolarPVOpen,share,0.0,0.0
image,SSP2-Base,Business As Usual,MT,Share|ElectricityHV|Hydrogen,share,0.0,0.0
image,SSP2-Base,Business As Usual,MT,Share|ElectricityHV|BatteryHydro,share,0.0,0.0
image,SSP2-Base,Business As Usual,MT,Share|ElectricityHV|ImportsES,share,0.0,0.0
image,SSP2-Base,Business As Usual,MT,Share|ElectricityHV|ImportsBG,share,0.0,0.0
image,SSP2-Base,Business As Usual,MT,Share|ElectricityHV|ImportsSE,share,0.0,0.0
image,SSP2-Base,Business As Usual,MT,Share|ElectricityHV|ImportsAT,share,0.0,0.0
image,SSP2-Base,Business As Usual,MT,Share|ElectricityHV|ImportsMK,share,0.0,0.0
image,SSP2-Base,Business As Usual,MT,Share|ElectricityHV|ImportsMD,share,0.0,0.0
image,SSP2-Base,Business As Usual,MT,Share|ElectricityHV|ImportsHR,share,0.0,0.0
image,SSP2-Base,Business As Usual,MT,Share|ElectricityHV|ImportsXK,share,0.0,0.0
image,SSP2-Base,Business As Usual,MT,Share|ElectricityHV|ImportsLU,share,0.0,0.0
image,SSP2-Base,Business As Usual,MT,Share|ElectricityHV|ImportsGR,share,0.0,0.0
image,SSP2-Base,Business As Usual,MT,Share|ElectricityHV|ImportsIS,share,0.0,0.0
image,SSP2-Base,Business As Usual,MT,Share|ElectricityHV|ImportsBA,share,0.0,0.0
image,SSP2-Base,Business As Usual,MT,Share|ElectricityHV|ImportsEE,share,0.0,0.0
image,SSP2-Base,Business As Usual,MT,Share|ElectricityHV|ImportsSK,share,0.0,0.0
image,SSP2-Base,Business As Usual,MT,Share|ElectricityHV|ImportsME,share,0.0,0.0
image,SSP2-Base,Business As Usual,MT,Share|ElectricityHV|ImportsLT,share,0.0,0.0
image,SSP2-Base,Business As Usual,MT,Share|ElectricityHV|ImportsSI,share,0.0,0.0
image,SSP2-Base,Business As Usual,MT,Share|ElectricityHV|ImportsIE,share,0.0,0.0
image,SSP2-Base,Business As Usual,MT,Share|ElectricityHV|ImportsBE,share,0.0,0.0
image,SSP2-Base,Business As Usual,MT,Share|ElectricityHV|ImportsRS,share,0.0,0.0
image,SSP2-Base,Business As Usual,MT,Share|ElectricityHV|ImportsRO,share,0.0,0.0
image,SSP2-Base,Business As Usual,MT,Share|ElectricityHV|ImportsNL,share,0.0,0.0
image,SSP2-Base,Business As Usual,MT,Share|ElectricityHV|ImportsUA,share,0.0,0.0
image,SSP2-Base,Business As Usual,MT,Share|ElectricityHV|ImportsPL,share,0.0,0.0
image,SSP2-Base,Business As Usual,MT,Share|ElectricityHV|ImportsFR,share,0.0,0.0
image,SSP2-Base,Business As Usual,MT,Share|ElectricityHV|ImportsGB,share,0.0,0.0
image,SSP2-Base,Business As Usual,MT,Share|ElectricityHV|ImportsNO,share,0.0,0.0
image,SSP2-Base,Business As Usual,MT,Share|ElectricityHV|ImportsCZ,share,0.0,0.0
image,SSP2-Base,Business As Usual,MT,Share|ElectricityHV|ImportsMT,share,0.0,0.0
image,SSP2-Base,Business As Usual,MT,Share|ElectricityHV|ImportsDK,share,0.0,0.0
image,SSP2-Base,Business As Usual,MT,Share|ElectricityHV|ImportsIT,share,0.2673735134701791,0.47646688854131425
image,SSP2-Base,Business As Usual,MT,Share|ElectricityHV|ImportsLV,share,0.0,0.0
image,SSP2-Base,Business As Usual,MT,Share|ElectricityHV|ImportsDE,share,0.0,0.0
image,SSP2-Base,Business As Usual,MT,Share|ElectricityHV|ImportsPT,share,0.0,0.0
image,SSP2-Base,Business As Usual,MT,Share|ElectricityHV|ImportsFI,share,0.0,0.0
image,SSP2-Base,Business As Usual,MT,Share|ElectricityHV|ImportsBY,share,0.0,0.0
image,SSP2-Base,Business As Usual,MT,Share|ElectricityHV|ImportsGI,share,0.0,0.0
image,SSP2-Base,Business As Usual,MT,Share|ElectricityHV|ImportsAL,share,0.0,0.0
image,SSP2-Base,Business As Usual,MT,Share|ElectricityHV|ImportsHU,share,0.0,0.0
image,SSP2-Base,Business As Usual,MT,Share|ElectricityHV|ImportsCH,share,0.0,0.0
image,SSP2-Base,Business As Usual,MT,Share|ElectricityMV|TransformationHVMV,share,0.9785290492956639,0.8364653285833229
image,SSP2-Base,Business As Usual,MT,Share|ElectricityMV|SolarPVRoofCommercial,share,0.02147095070433613,0.16353467141667719
image,SSP2-Base,Business As Usual,MT,Share|ElectricityMV|Waste,share,0.0,0.0
image,SSP2-Base,Business As Usual,MT,Share|ElectricityLV|TransformationMVLV,share,0.9209088462370306,0.604544231185153
image,SSP2-Base,Business As Usual,MT,Share|ElectricityLV|BatteryChemical,share,0.0,0.0
image,SSP2-Base,Business As Usual,MT,Share|ElectricityLV|SolarPVRoofResidential,share,0.0790911537629694,0.39545576881484695
image,SSP2-Base,Business As Usual,DK,Share|ElectricityHV|Coal,share,0.0749712557282855,0.0
image,SSP2-Base,Business As Usual,DK,Share|ElectricityHV|CombinedCycle,share,0.0,0.0
image,SSP2-Base,Business As Usual,DK,Share|ElectricityHV|GasTurbine,share,0.0,0.0
image,SSP2-Base,Business As Usual,DK,Share|ElectricityHV|CogenerationGas,share,0.04241055012369902,0.0
image,SSP2-Base,Business As Usual,DK,Share|ElectricityHV|Nuclear,share,0.0,0.0
image,SSP2-Base,Business As Usual,DK,Share|ElectricityHV|Oil,share,0.001644049068737935,0.0
image,SSP2-Base,Business As Usual,DK,Share|ElectricityHV|Geothermal,share,0.0,0.0
image,SSP2-Base,Business As Usual,DK,Share|ElectricityHV|HydroRunofRiver,share,0.000413861520001258,0.0003950032003205164
image,SSP2-Base,Business As Usual,DK,Share|ElectricityHV|HydroReservoir,share,0.0,0.0
image,SSP2-Base,Business As Usual,DK,Share|ElectricityHV|Biomass,share,0.0963799051114886,0.09198818717311523
image,SSP2-Base,Business As Usual,DK,Share|ElectricityHV|Biogas,share,0.00791863213165502,0.00755780589158204
image,SSP2-Base,Business As Usual,DK,Share|ElectricityHV|WindOnshore,share,0.3021901883556146,0.4475893405134086
image,SSP2-Base,Business As Usual,DK,Share|ElectricityHV|WindOffshore,share,0.0860188162994638,0.08209921938615487
image,SSP2-Base,Business As Usual,DK,Share|ElectricityHV|SolarThermal,share,0.0,0.0
image,SSP2-Base,Business As Usual,DK,Share|ElectricityHV|SolarPVOpen,share,0.0,0.0
image,SSP2-Base,Business As Usual,DK,Share|ElectricityHV|Hydrogen,share,0.0,0.0
image,SSP2-Base,Business As Usual,DK,Share|ElectricityHV|BatteryHydro,share,0.0,0.0
image,SSP2-Base,Business As Usual,DK,Share|ElectricityHV|ImportsES,share,0.0,0.0
image,SSP2-Base,Business As Usual,DK,Share|ElectricityHV|ImportsBG,share,0.0,0.0
image,SSP2-Base,Business As Usual,DK,Share|ElectricityHV|ImportsSE,share,0.130045448996606,0.12411970202163689
image,SSP2-Base,Business As Usual,DK,Share|ElectricityHV|ImportsAT,share,0.0,0.0
image,SSP2-Base,Business As Usual,DK,Share|ElectricityHV|ImportsMK,share,0.0,0.0
image,SSP2-Base,Business As Usual,DK,Share|ElectricityHV|ImportsMD,share,0.0,0.0
image,SSP2-Base,Business As Usual,DK,Share|ElectricityHV|ImportsHR,share,0.0,0.0
image,SSP2-Base,Business As Usual,DK,Share|ElectricityHV|ImportsXK,share,0.0,0.0
image,SSP2-Base,Business As Usual,DK,Share|ElectricityHV|ImportsLU,share,0.0,0.0
image,SSP2-Base,Business As Usual,DK,Share|ElectricityHV|ImportsGR,share,0.0,0.0
image,SSP2-Base,Business As Usual,DK,Share|ElectricityHV|ImportsIS,share,0.0,0.0
image,SSP2-Base,Business As Usual,DK,Share|ElectricityHV|ImportsBA,share,0.0,0.0
image,SSP2-Base,Business As Usual,DK,Share|ElectricityHV|ImportsEE,share,0.0,0.0
image,SSP2-Base,Business As Usual,DK,Share|ElectricityHV|ImportsSK,share,0.0,0.0
image,SSP2-Base,Business As Usual,DK,Share|ElectricityHV|ImportsME,share,0.0,0.0
image,SSP2-Base,Business As Usual,DK,Share|ElectricityHV|ImportsLT,share,0.0,0.0
image,SSP2-Base,Business As Usual,DK,Share|ElectricityHV|ImportsSI,share,0.0,0.0
image,SSP2-Base,Business As Usual,DK,Share|ElectricityHV|ImportsIE,share,0.0,0.0
image,SSP2-Base,Business As Usual,DK,Share|ElectricityHV|ImportsBE,share,0.0,0.0
image,SSP2-Base,Business As Usual,DK,Share|ElectricityHV|ImportsRS,share,0.0,0.0
image,SSP2-Base,Business As Usual,DK,Share|ElectricityHV|ImportsRO,share,0.0,0.0
image,SSP2-Base,Business As Usual,DK,Share|ElectricityHV|ImportsNL,share,0.0159039013941954,0.015179212477328192
image,SSP2-Base,Business As Usual,DK,Share|ElectricityHV|ImportsUA,share,0.0,0.0
image,SSP2-Base,Business As Usual,DK,Share|ElectricityHV|ImportsPL,share,0.0,0.0
image,SSP2-Base,Business As Usual,DK,Share|ElectricityHV|ImportsFR,share,0.0,0.0
image,SSP2-Base,Business As Usual,DK,Share|ElectricityHV|ImportsGB,share,0.0,0.0
image,SSP2-Base,Business As Usual,DK,Share|ElectricityHV|ImportsNO,share,0.0821631481557058,0.07841924146466643
image,SSP2-Base,Business As Usual,DK,Share|ElectricityHV|ImportsCZ,share,0.0,0.0
image,SSP2-Base,Business As Usual,DK,Share|ElectricityHV|ImportsMT,share,0.0,0.0
image,SSP2-Base,Business As Usual,DK,Share|ElectricityHV|ImportsDK,share,0.0,0.0
image,SSP2-Base,Business As Usual,DK,Share|ElectricityHV|ImportsIT,share,0.0,0.0
image,SSP2-Base,Business As Usual,DK,Share|ElectricityHV|ImportsLV,share,0.0,0.0
image,SSP2-Base,Business As Usual,DK,Share|ElectricityHV|ImportsDE,share,0.159940243114547,0.1526522878717873
image,SSP2-Base,Business As Usual,DK,Share|ElectricityHV|ImportsPT,share,0.0,0.0
image,SSP2-Base,Business As Usual,DK,Share|ElectricityHV|ImportsFI,share,0.0,0.0
image,SSP2-Base,Business As Usual,DK,Share|ElectricityHV|ImportsBY,share,0.0,0.0
image,SSP2-Base,Business As Usual,DK,Share|ElectricityHV|ImportsGI,share,0.0,0.0
image,SSP2-Base,Business As Usual,DK,Share|ElectricityHV|ImportsAL,share,0.0,0.0
image,SSP2-Base,Business As Usual,DK,Share|ElectricityHV|ImportsHU,share,0.0,0.0
image,SSP2-Base,Business As Usual,DK,Share|ElectricityHV|ImportsCH,share,0.0,0.0
image,SSP2-Base,Business As Usual,DK,Share|ElectricityMV|TransformationHVMV,share,0.9831762894783086,1.0
image,SSP2-Base,Business As Usual,DK,Share|ElectricityMV|SolarPVRoofCommercial,share,0.007528820818743229,0.0
image,SSP2-Base,Business As Usual,DK,Share|ElectricityMV|Waste,share,0.009294889702948228,0.0
image,SSP2-Base,Business As Usual,DK,Share|ElectricityLV|TransformationMVLV,share,0.9707651330254712,1.0
image,SSP2-Base,Business As Usual,DK,Share|ElectricityLV|BatteryChemical,share,0.0,0.0
image,SSP2-Base,Business As Usual,DK,Share|ElectricityLV|SolarPVRoofResidential,share,0.029234866974528834,0.0
image,SSP2-Base,Business As Usual,IT,Share|ElectricityHV|Coal,share,0.0648321031001344,0.043318649210614145
image,SSP2-Base,Business As Usual,IT,Share|ElectricityHV|CombinedCycle,share,0.1560882423748331,0.10429295817989119
image,SSP2-Base,Business As Usual,IT,Share|ElectricityHV|GasTurbine,share,0.041910084735262615,0.02800292096386106
image,SSP2-Base,Business As Usual,IT,Share|ElectricityHV|CogenerationGas,share,0.22847350839292646,0.15265837896242748
image,SSP2-Base,Business As Usual,IT,Share|ElectricityHV|Nuclear,share,0.0,0.0
image,SSP2-Base,Business As Usual,IT,Share|ElectricityHV|Oil,share,0.0315131125594568,0.021056010883825207
image,SSP2-Base,Business As Usual,IT,Share|ElectricityHV|Geothermal,share,0.019884114141512095,0.023561321949882336
image,SSP2-Base,Business As Usual,IT,Share|ElectricityHV|HydroRunofRiver,share,0.058745368782318175,0.06960926381201663
image,SSP2-Base,Business As Usual,IT,Share|ElectricityHV|HydroReservoir,share,0.10443969607628459,0.12375393171093899
image,SSP2-Base,Business As Usual,IT,Share|ElectricityHV|Biomass,share,0.014013053545789678,0.0166045147268594
image,SSP2-Base,Business As Usual,IT,Share|ElectricityHV|Biogas,share,0.043454814140933676,0.05149099723328075
image,SSP2-Base,Business As Usual,IT,Share|ElectricityHV|WindOnshore,share,0.07193811009982887,0.1704835287572189
image,SSP2-Base,Business As Usual,IT,Share|ElectricityHV|WindOffshore,share,0.0,0.0
image,SSP2-Base,Business As Usual,IT,Share|ElectricityHV|SolarThermal,share,0.0,0.0
image,SSP2-Base,Business As Usual,IT,Share|ElectricityHV|SolarPVOpen,share,0.0,0.0
image,SSP2-Base,Business As Usual,IT,Share|ElectricityHV|Hydrogen,share,0.0,0.0
image,SSP2-Base,Business As Usual,IT,Share|ElectricityHV|BatteryHydro,share,0.006534251122711524,0.007742642860924489
image,SSP2-Base,Business As Usual,IT,Share|ElectricityHV|ImportsES,share,0.0,0.0
image,SSP2-Base,Business As Usual,IT,Share|ElectricityHV|ImportsBG,share,0.0,0.0
image,SSP2-Base,Business As Usual,IT,Share|ElectricityHV|ImportsSE,share,0.0,0.0
image,SSP2-Base,Business As Usual,IT,Share|ElectricityHV|ImportsAT,share,0.004420099539087823,0.005237517122955677
image,SSP2-Base,Business As Usual,IT,Share|ElectricityHV|ImportsMK,share,0.0,0.0
image,SSP2-Base,Business As Usual,IT,Share|ElectricityHV|ImportsMD,share,0.0,0.0
image,SSP2-Base,Business As Usual,IT,Share|ElectricityHV|ImportsHR,share,0.0,0.0
image,SSP2-Base,Business As Usual,IT,Share|ElectricityHV|ImportsXK,share,0.0,0.0
image,SSP2-Base,Business As Usual,IT,Share|ElectricityHV|ImportsLU,share,0.0,0.0
image,SSP2-Base,Business As Usual,IT,Share|ElectricityHV|ImportsGR,share,0.00020440113870117622,0.00024220143787078138
image,SSP2-Base,Business As Usual,IT,Share|ElectricityHV|ImportsIS,share,0.0,0.0
image,SSP2-Base,Business As Usual,IT,Share|ElectricityHV|ImportsBA,share,0.0,0.0
image,SSP2-Base,Business As Usual,IT,Share|ElectricityHV|ImportsEE,share,0.0,0.0
image,SSP2-Base,Business As Usual,IT,Share|ElectricityHV|ImportsSK,share,0.0,0.0
image,SSP2-Base,Business As Usual,IT,Share|ElectricityHV|ImportsME,share,0.0001338838788733384,0.00015864328436176903
image,SSP2-Base,Business As Usual,IT,Share|ElectricityHV|ImportsLT,share,0.0,0.0
image,SSP2-Base,Business As Usual,IT,Share|ElectricityHV|ImportsSI,share,0.018680933943001143,0.022135635302788684
image,SSP2-Base,Business As Usual,IT,Share|ElectricityHV|ImportsIE,share,0.0,0.0
image,SSP2-Base,Business As Usual,IT,Share|ElectricityHV|ImportsBE,share,0.0,0.0
image,SSP2-Base,Business As Usual,IT,Share|ElectricityHV|ImportsRS,share,0.0,0.0
image,SSP2-Base,Business As Usual,IT,Share|ElectricityHV|ImportsRO,share,0.0,0.0
image,SSP2-Base,Business As Usual,IT,Share|ElectricityHV|ImportsNL,share,0.0,0.0
image,SSP2-Base,Business As Usual,IT,Share|ElectricityHV|ImportsUA,share,0.0,0.0
image,SSP2-Base,Business As Usual,IT,Share|ElectricityHV|ImportsPL,share,0.0,0.0
image,SSP2-Base,Business As Usual,IT,Share|ElectricityHV|ImportsFR,share,0.05483364214093688,0.06497413397311157
image,SSP2-Base,Business As Usual,IT,Share|ElectricityHV|ImportsGB,share,0.0,0.0
image,SSP2-Base,Business As Usual,IT,Share|ElectricityHV|ImportsNO,share,0.0,0.0
image,SSP2-Base,Business As Usual,IT,Share|ElectricityHV|ImportsCZ,share,0.0,0.0
image,SSP2-Base,Business As Usual,IT,Share|ElectricityHV|ImportsMT,share,7.017915105845193e-05,8.315751762888792e-05
image,SSP2-Base,Business As Usual,IT,Share|ElectricityHV|ImportsDK,share,0.0,0.0
image,SSP2-Base,Business As Usual,IT,Share|ElectricityHV|ImportsIT,share,0.0,0.0
image,SSP2-Base,Business As Usual,IT,Share|ElectricityHV|ImportsLV,share,0.0,0.0
image,SSP2-Base,Business As Usual,IT,Share|ElectricityHV|ImportsDE,share,0.0,0.0
image,SSP2-Base,Business As Usual,IT,Share|ElectricityHV|ImportsPT,share,0.0,0.0
image,SSP2-Base,Business As Usual,IT,Share|ElectricityHV|ImportsFI,share,0.0,0.0
image,SSP2-Base,Business As Usual,IT,Share|ElectricityHV|ImportsBY,share,0.0,0.0
image,SSP2-Base,Business As Usual,IT,Share|ElectricityHV|ImportsGI,share,0.0,0.0
image,SSP2-Base,Business As Usual,IT,Share|ElectricityHV|ImportsAL,share,0.0,0.0
image,SSP2-Base,Business As Usual,IT,Share|ElectricityHV|ImportsHU,share,0.0,0.0
image,SSP2-Base,Business As Usual,IT,Share|ElectricityHV|ImportsCH,share,0.07983040113634915,0.0945935921095422
image,SSP2-Base,Business As Usual,IT,Share|ElectricityMV|TransformationHVMV,share,0.9745248011286594,0.9429135280577821
image,SSP2-Base,Business As Usual,IT,Share|ElectricityMV|SolarPVRoofCommercial,share,0.007986051360327389,0.0457798620789341
image,SSP2-Base,Business As Usual,IT,Share|ElectricityMV|Waste,share,0.017489147511013298,0.011306609863283587
image,SSP2-Base,Business As Usual,IT,Share|ElectricityLV|TransformationMVLV,share,0.9690446389709135,0.8452231948545674
image,SSP2-Base,Business As Usual,IT,Share|ElectricityLV|BatteryChemical,share,0.0,0.0
image,SSP2-Base,Business As Usual,IT,Share|ElectricityLV|SolarPVRoofResidential,share,0.030955361029086522,0.1547768051454326
image,SSP2-Base,Business As Usual,LV,Share|ElectricityHV|Coal,share,6.927580584711756e-06,5.796637694764874e-06
image,SSP2-Base,Business As Usual,LV,Share|ElectricityHV|CombinedCycle,share,0.0,0.0
image,SSP2-Base,Business As Usual,LV,Share|ElectricityHV|GasTurbine,share,0.0,0.0
image,SSP2-Base,Business As Usual,LV,Share|ElectricityHV|CogenerationGas,share,0.27537680188621166,0.23042092842631737
image,SSP2-Base,Business As Usual,LV,Share|ElectricityHV|Nuclear,share,0.0,0.0
image,SSP2-Base,Business As Usual,LV,Share|ElectricityHV|Oil,share,2.5999808614226867e-05,2.1755282212450912e-05
image,SSP2-Base,Business As Usual,LV,Share|ElectricityHV|Geothermal,share,0.0,0.0
image,SSP2-Base,Business As Usual,LV,Share|ElectricityHV|HydroRunofRiver,share,0.20049779431433273,0.20877517081780675
image,SSP2-Base,Business As Usual,LV,Share|ElectricityHV|HydroReservoir,share,0.0,0.0
image,SSP2-Base,Business As Usual,LV,Share|ElectricityHV|Biomass,share,0.04827882224897364,0.05027197130213749
image,SSP2-Base,Business As Usual,LV,Share|ElectricityHV|Biogas,share,0.017874013165418676,0.018611926203834804
image,SSP2-Base,Business As Usual,LV,Share|ElectricityHV|WindOnshore,share,0.0144505917373225,0.03009434361804573
image,SSP2-Base,Business As Usual,LV,Share|ElectricityHV|WindOffshore,share,0.0,0.0
image,SSP2-Base,Business As Usual,LV,Share|ElectricityHV|SolarThermal,share,0.0,0.0
image,SSP2-Base,Business As Usual,LV,Share|ElectricityHV|SolarPVOpen,share,0.0,0.0
image,SSP2-Base,Business As Usual,LV,Share|ElectricityHV|Hydrogen,share,0.0,0.0
image,SSP2-Base,Business As Usual,LV,Share|ElectricityHV|BatteryHydro,share,0.0,0.0
image,SSP2-Base,Business As Usual,LV,Share|ElectricityHV|ImportsES,share,0.0,0.0
image,SSP2-Base,Business As Usual,LV,Share|ElectricityHV|ImportsBG,share,0.0,0.0
image,SSP2-Base,Business As Usual,LV,Share|ElectricityHV|ImportsSE,share,0.0,0.0
image,SSP2-Base,Business As Usual,LV,Share|ElectricityHV|ImportsAT,share,0.0,0.0
image,SSP2-Base,Business As Usual,LV,Share|ElectricityHV|ImportsMK,share,0.0,0.0
image,SSP2-Base,Business As Usual,LV,Share|ElectricityHV|ImportsMD,share,0.0,0.0
image,SSP2-Base,Business As Usual,LV,Share|ElectricityHV|ImportsHR,share,0.0,0.0
image,SSP2-Base,Business As Usual,LV,Share|ElectricityHV|ImportsXK,share,0.0,0.0
image,SSP2-Base,Business As Usual,LV,Share|ElectricityHV|ImportsLU,share,0.0,0.0
image,SSP2-Base,Business As Usual,LV,Share|ElectricityHV|ImportsGR,share,0.0,0.0
image,SSP2-Base,Business As Usual,LV,Share|ElectricityHV|ImportsIS,share,0.0,0.0
image,SSP2-Base,Business As Usual,LV,Share|ElectricityHV|ImportsBA,share,0.0,0.0
image,SSP2-Base,Business As Usual,LV,Share|ElectricityHV|ImportsEE,share,0.25785901443115666,0.26850449885935534
image,SSP2-Base,Business As Usual,LV,Share|ElectricityHV|ImportsSK,share,0.0,0.0
image,SSP2-Base,Business As Usual,LV,Share|ElectricityHV|ImportsME,share,0.0,0.0
image,SSP2-Base,Business As Usual,LV,Share|ElectricityHV|ImportsLT,share,0.0802622128197143,0.0835757682470083
image,SSP2-Base,Business As Usual,LV,Share|ElectricityHV|ImportsSI,share,0.0,0.0
image,SSP2-Base,Business As Usual,LV,Share|ElectricityHV|ImportsIE,share,0.0,0.0
image,SSP2-Base,Business As Usual,LV,Share|ElectricityHV|ImportsBE,share,0.0,0.0
image,SSP2-Base,Business As Usual,LV,Share|ElectricityHV|ImportsRS,share,0.0,0.0
image,SSP2-Base,Business As Usual,LV,Share|ElectricityHV|ImportsRO,share,0.0,0.0
image,SSP2-Base,Business As Usual,LV,Share|ElectricityHV|ImportsNL,share,0.0,0.0
image,SSP2-Base,Business As Usual,LV,Share|ElectricityHV|ImportsUA,share,0.0,0.0
image,SSP2-Base,Business As Usual,LV,Share|ElectricityHV|ImportsPL,share,0.0,0.0
image,SSP2-Base,Business As Usual,LV,Share|ElectricityHV|ImportsFR,share,0.0,0.0
image,SSP2-Base,Business As Usual,LV,Share|ElectricityHV|ImportsGB,share,0.0,0.0
image,SSP2-Base,Business As Usual,LV,Share|ElectricityHV|ImportsNO,share,0.0,0.0
image,SSP2-Base,Business As Usual,LV,Share|ElectricityHV|ImportsCZ,share,0.0,0.0
image,SSP2-Base,Business As Usual,LV,Share|ElectricityHV|ImportsMT,share,0.0,0.0
image,SSP2-Base,Business As Usual,LV,Share|ElectricityHV|ImportsDK,share,0.0,0.0
image,SSP2-Base,Business As Usual,LV,Share|ElectricityHV|ImportsIT,share,0.0,0.0
image,SSP2-Base,Business As Usual,LV,Share|ElectricityHV|ImportsLV,share,0.0,0.0
image,SSP2-Base,Business As Usual,LV,Share|ElectricityHV|ImportsDE,share,0.0,0.0
image,SSP2-Base,Business As Usual,LV,Share|ElectricityHV|ImportsPT,share,0.0,0.0
image,SSP2-Base,Business As Usual,LV,Share|ElectricityHV|ImportsFI,share,0.0,0.0
image,SSP2-Base,Business As Usual,LV,Share|ElectricityHV|ImportsBY,share,0.0,0.0
image,SSP2-Base,Business As Usual,LV,Share|ElectricityHV|ImportsGI,share,0.0,0.0
image,SSP2-Base,Business As Usual,LV,Share|ElectricityHV|ImportsAL,share,0.0,0.0
image,SSP2-Base,Business As Usual,LV,Share|ElectricityHV|ImportsHU,share,0.0,0.0
image,SSP2-Base,Business As Usual,LV,Share|ElectricityHV|ImportsCH,share,0.0,0.0
image,SSP2-Base,Business As Usual,LV,Share|ElectricityMV|TransformationHVMV,share,0.9999265308950578,0.9795918367346939
image,SSP2-Base,Business As Usual,LV,Share|ElectricityMV|SolarPVRoofCommercial,share,7.346910494221377e-05,0.020408163265306124
image,SSP2-Base,Business As Usual,LV,Share|ElectricityMV|Waste,share,0.0,0.0
image,SSP2-Base,Business As Usual,LV,Share|ElectricityLV|TransformationMVLV,share,0.9997062099182086,0.98
image,SSP2-Base,Business As Usual,LV,Share|ElectricityLV|BatteryChemical,share,0.0,0.0
image,SSP2-Base,Business As Usual,LV,Share|ElectricityLV|SolarPVRoofResidential,share,0.0002937900817914546,0.02
image,SSP2-Base,Business As Usual,DE,Share|ElectricityHV|Coal,share,0.3001478936926875,0.0
image,SSP2-Base,Business As Usual,DE,Share|ElectricityHV|CombinedCycle,share,0.02863337405633904,0.0
image,SSP2-Base,Business As Usual,DE,Share|ElectricityHV|GasTurbine,share,0.017685319283714855,0.0
image,SSP2-Base,Business As Usual,DE,Share|ElectricityHV|CogenerationGas,share,0.06997844391640554,0.0
image,SSP2-Base,Business As Usual,DE,Share|ElectricityHV|Nuclear,share,0.13785596218501459,0.16843413722142223
image,SSP2-Base,Business As Usual,DE,Share|ElectricityHV|Oil,share,0.0016165498244244529,0.0
image,SSP2-Base,Business As Usual,DE,Share|ElectricityHV|Geothermal,share,0.0003502136890680724,0.0004278954615118155
image,SSP2-Base,Business As Usual,DE,Share|ElectricityHV|HydroRunofRiver,share,0.03189521772042227,0.038969975567822945
image,SSP2-Base,Business As Usual,DE,Share|ElectricityHV|HydroReservoir,share,0.006075373588211288,0.007422967366872586
image,SSP2-Base,Business As Usual,DE,Share|ElectricityHV|Biomass,share,0.012320289279855182,0.015053083394287329
image,SSP2-Base,Business As Usual,DE,Share|ElectricityHV|Biogas,share,0.06019014391210961,0.07354106995723009
image,SSP2-Base,Business As Usual,DE,Share|ElectricityHV|WindOnshore,share,0.23651777058852666,0.5779607351787539
image,SSP2-Base,Business As Usual,DE,Share|ElectricityHV|WindOffshore,share,0.006963593553943331,0.008508205620043915
image,SSP2-Base,Business As Usual,DE,Share|ElectricityHV|SolarThermal,share,0.0,0.0
image,SSP2-Base,Business As Usual,DE,Share|ElectricityHV|SolarPVOpen,share,0.0,0.0
image,SSP2-Base,Business As Usual,DE,Share|ElectricityHV|Hydrogen,share,0.0,0.0
image,SSP2-Base,Business As Usual,DE,Share|ElectricityHV|BatteryHydro,share,0.011488071735001439,0.014036269598741475
image,SSP2-Base,Business As Usual,DE,Share|ElectricityHV|ImportsES,share,0.0,0.0
image,SSP2-Base,Business As Usual,DE,Share|ElectricityHV|ImportsBG,share,0.0,0.0
image,SSP2-Base,Business As Usual,DE,Share|ElectricityHV|ImportsSE,share,0.00260604150843314,0.0031840940796383247
image,SSP2-Base,Business As Usual,DE,Share|ElectricityHV|ImportsAT,share,0.009525531030824586,0.011638412842815953
image,SSP2-Base,Business As Usual,DE,Share|ElectricityHV|ImportsMK,share,0.0,0.0
image,SSP2-Base,Business As Usual,DE,Share|ElectricityHV|ImportsMD,share,0.0,0.0
image,SSP2-Base,Business As Usual,DE,Share|ElectricityHV|ImportsHR,share,0.0,0.0
image,SSP2-Base,Business As Usual,DE,Share|ElectricityHV|ImportsXK,share,0.0,0.0
image,SSP2-Base,Business As Usual,DE,Share|ElectricityHV|ImportsLU,share,0.0,0.0
image,SSP2-Base,Business As Usual,DE,Share|ElectricityHV|ImportsGR,share,0.0,0.0
image,SSP2-Base,Business As Usual,DE,Share|ElectricityHV|ImportsIS,share,0.0,0.0
image,SSP2-Base,Business As Usual,DE,Share|ElectricityHV|ImportsBA,share,0.0,0.0
image,SSP2-Base,Business As Usual,DE,Share|ElectricityHV|ImportsEE,share,0.0,0.0
image,SSP2-Base,Business As Usual,DE,Share|ElectricityHV|ImportsSK,share,0.0,0.0
image,SSP2-Base,Business As Usual,DE,Share|ElectricityHV|ImportsME,share,0.0,0.0
image,SSP2-Base,Business As Usual,DE,Share|ElectricityHV|ImportsLT,share,0.0,0.0
image,SSP2-Base,Business As Usual,DE,Share|ElectricityHV|ImportsSI,share,0.0,0.0
image,SSP2-Base,Business As Usual,DE,Share|ElectricityHV|ImportsIE,share,0.0,0.0
image,SSP2-Base,Business As Usual,DE,Share|ElectricityHV|ImportsBE,share,0.0,0.0
image,SSP2-Base,Business As Usual,DE,Share|ElectricityHV|ImportsRS,share,0.0,0.0
image,SSP2-Base,Business As Usual,DE,Share|ElectricityHV|ImportsRO,share,0.0,0.0
image,SSP2-Base,Business As Usual,DE,Share|ElectricityHV|ImportsNL,share,0.009857635271029709,0.012044181953414538
image,SSP2-Base,Business As Usual,DE,Share|ElectricityHV|ImportsUA,share,0.0,0.0
image,SSP2-Base,Business As Usual,DE,Share|ElectricityHV|ImportsPL,share,3.907108708295563e-05,4.77375424233632e-05
image,SSP2-Base,Business As Usual,DE,Share|ElectricityHV|ImportsFR,share,0.030453958826809777,0.03720902744189045
image,SSP2-Base,Business As Usual,DE,Share|ElectricityHV|ImportsGB,share,0.0,0.0
image,SSP2-Base,Business As Usual,DE,Share|ElectricityHV|ImportsNO,share,0.0,0.0
image,SSP2-Base,Business As Usual,DE,Share|ElectricityHV|ImportsCZ,share,0.006729994750039109,0.008222791682424313
image,SSP2-Base,Business As Usual,DE,Share|ElectricityHV|ImportsMT,share,0.0,0.0
image,SSP2-Base,Business As Usual,DE,Share|ElectricityHV|ImportsDK,share,0.005996364762099864,0.007326433395849301
image,SSP2-Base,Business As Usual,DE,Share|ElectricityHV|ImportsIT,share,0.0,0.0
image,SSP2-Base,Business As Usual,DE,Share|ElectricityHV|ImportsLV,share,0.0,0.0
image,SSP2-Base,Business As Usual,DE,Share|ElectricityHV|ImportsDE,share,0.0,0.0
image,SSP2-Base,Business As Usual,DE,Share|ElectricityHV|ImportsPT,share,0.0,0.0
image,SSP2-Base,Business As Usual,DE,Share|ElectricityHV|ImportsFI,share,0.0,0.0
image,SSP2-Base,Business As Usual,DE,Share|ElectricityHV|ImportsBY,share,0.0,0.0
image,SSP2-Base,Business As Usual,DE,Share|ElectricityHV|ImportsGI,share,0.0,0.0
image,SSP2-Base,Business As Usual,DE,Share|ElectricityHV|ImportsAL,share,0.0,0.0
image,SSP2-Base,Business As Usual,DE,Share|ElectricityHV|ImportsHU,share,0.0,0.0
image,SSP2-Base,Business As Usual,DE,Share|ElectricityHV|ImportsCH,share,0.013073185737956936,0.015972981694857304
image,SSP2-Base,Business As Usual,DE,Share|ElectricityMV|TransformationHVMV,share,0.9548172004677438,1.0
image,SSP2-Base,Business As Usual,DE,Share|ElectricityMV|SolarPVRoofCommercial,share,0.019089754987189355,0.0
image,SSP2-Base,Business As Usual,DE,Share|ElectricityMV|Waste,share,0.0260930445450669,0.0
image,SSP2-Base,Business As Usual,DE,Share|ElectricityLV|TransformationMVLV,share,0.9290580386901086,0.7260366043123938
image,SSP2-Base,Business As Usual,DE,Share|ElectricityLV|BatteryChemical,share,0.0,0.0
image,SSP2-Base,Business As Usual,DE,Share|ElectricityLV|SolarPVRoofResidential,share,0.07094196130989143,0.2739633956876062
image,SSP2-Base,Business As Usual,PT,Share|ElectricityHV|Coal,share,0.10513884529625886,0.005500483426742796
image,SSP2-Base,Business As Usual,PT,Share|ElectricityHV|CombinedCycle,share,0.2303836521571097,0.012052837910782634
image,SSP2-Base,Business As Usual,PT,Share|ElectricityHV|GasTurbine,share,0.0,0.0
image,SSP2-Base,Business As Usual,PT,Share|ElectricityHV|CogenerationGas,share,0.0,0.0
image,SSP2-Base,Business As Usual,PT,Share|ElectricityHV|Nuclear,share,0.0,0.0
image,SSP2-Base,Business As Usual,PT,Share|ElectricityHV|Oil,share,0.020472913463698842,0.0010710686510480628
image,SSP2-Base,Business As Usual,PT,Share|ElectricityHV|Geothermal,share,0.0038393841395381947,0.004145462349837687
image,SSP2-Base,Business As Usual,PT,Share|ElectricityHV|HydroRunofRiver,share,0.11265321066916585,0.12163399817386637
image,SSP2-Base,Business As Usual,PT,Share|ElectricityHV|HydroReservoir,share,0.058023390347801525,0.06264905290921954
image,SSP2-Base,Business As Usual,PT,Share|ElectricityHV|Biomass,share,0.018161363540996275,0.019609199299857126
image,SSP2-Base,Business As Usual,PT,Share|ElectricityHV|Biogas,share,0.0,0.0
image,SSP2-Base,Business As Usual,PT,Share|ElectricityHV|WindOnshore,share,0.26491162677777136,0.5720611092452942
image,SSP2-Base,Business As Usual,PT,Share|ElectricityHV|WindOffshore,share,0.00011051794465927985,0.00011932850736357844
image,SSP2-Base,Business As Usual,PT,Share|ElectricityHV|SolarThermal,share,0.0,0.0
image,SSP2-Base,Business As Usual,PT,Share|ElectricityHV|SolarPVOpen,share,0.0,0.0
image,SSP2-Base,Business As Usual,PT,Share|ElectricityHV|Hydrogen,share,0.0,0.0
image,SSP2-Base,Business As Usual,PT,Share|ElectricityHV|BatteryHydro,share,0.027634049900520163,0.02983705440058445
image,SSP2-Base,Business As Usual,PT,Share|ElectricityHV|ImportsES,share,0.15867104576247978,0.1713204051254036
image,SSP2-Base,Business As Usual,PT,Share|ElectricityHV|ImportsBG,share,0.0,0.0
image,SSP2-Base,Business As Usual,PT,Share|ElectricityHV|ImportsSE,share,0.0,0.0
image,SSP2-Base,Business As Usual,PT,Share|ElectricityHV|ImportsAT,share,0.0,0.0
image,SSP2-Base,Business As Usual,PT,Share|ElectricityHV|ImportsMK,share,0.0,0.0
image,SSP2-Base,Business As Usual,PT,Share|ElectricityHV|ImportsMD,share,0.0,0.0
image,SSP2-Base,Business As Usual,PT,Share|ElectricityHV|ImportsHR,share,0.0,0.0
image,SSP2-Base,Business As Usual,PT,Share|ElectricityHV|ImportsXK,share,0.0,0.0
image,SSP2-Base,Business As Usual,PT,Share|ElectricityHV|ImportsLU,share,0.0,0.0
image,SSP2-Base,Business As Usual,PT,Share|ElectricityHV|ImportsGR,share,0.0,0.0
image,SSP2-Base,Business As Usual,PT,Share|ElectricityHV|ImportsIS,share,0.0,0.0
image,SSP2-Base,Business As Usual,PT,Share|ElectricityHV|ImportsBA,share,0.0,0.0
image,SSP2-Base,Business As Usual,PT,Share|ElectricityHV|ImportsEE,share,0.0,0.0
image,SSP2-Base,Business As Usual,PT,Share|ElectricityHV|ImportsSK,share,0.0,0.0
image,SSP2-Base,Business As Usual,PT,Share|ElectricityHV|ImportsME,share,0.0,0.0
image,SSP2-Base,Business As Usual,PT,Share|ElectricityHV|ImportsLT,share,0.0,0.0
image,SSP2-Base,Business As Usual,PT,Share|ElectricityHV|ImportsSI,share,0.0,0.0
image,SSP2-Base,Business As Usual,PT,Share|ElectricityHV|ImportsIE,share,0.0,0.0
image,SSP2-Base,Business As Usual,PT,Share|ElectricityHV|ImportsBE,share,0.0,0.0
image,SSP2-Base,Business As Usual,PT,Share|ElectricityHV|ImportsRS,share,0.0,0.0
image,SSP2-Base,Business As Usual,PT,Share|ElectricityHV|ImportsRO,share,0.0,0.0
image,SSP2-Base,Business As Usual,PT,Share|ElectricityHV|ImportsNL,share,0.0,0.0
image,SSP2-Base,Business As Usual,PT,Share|ElectricityHV|ImportsUA,share,0.0,0.0
image,SSP2-Base,Business As Usual,PT,Share|ElectricityHV|ImportsPL,share,0.0,0.0
image,SSP2-Base,Business As Usual,PT,Share|ElectricityHV|ImportsFR,share,0.0,0.0
image,SSP2-Base,Business As Usual,PT,Share|ElectricityHV|ImportsGB,share,0.0,0.0
image,SSP2-Base,Business As Usual,PT,Share|ElectricityHV|ImportsNO,share,0.0,0.0
image,SSP2-Base,Business As Usual,PT,Share|ElectricityHV|ImportsCZ,share,0.0,0.0
image,SSP2-Base,Business As Usual,PT,Share|ElectricityHV|ImportsMT,share,0.0,0.0
image,SSP2-Base,Business As Usual,PT,Share|ElectricityHV|ImportsDK,share,0.0,0.0
image,SSP2-Base,Business As Usual,PT,Share|ElectricityHV|ImportsIT,share,0.0,0.0
image,SSP2-Base,Business As Usual,PT,Share|ElectricityHV|ImportsLV,share,0.0,0.0
image,SSP2-Base,Business As Usual,PT,Share|ElectricityHV|ImportsDE,share,0.0,0.0
image,SSP2-Base,Business As Usual,PT,Share|ElectricityHV|ImportsPT,share,0.0,0.0
image,SSP2-Base,Business As Usual,PT,Share|ElectricityHV|ImportsFI,share,0.0,0.0
image,SSP2-Base,Business As Usual,PT,Share|ElectricityHV|ImportsBY,share,0.0,0.0
image,SSP2-Base,Business As Usual,PT,Share|ElectricityHV|ImportsGI,share,0.0,0.0
image,SSP2-Base,Business As Usual,PT,Share|ElectricityHV|ImportsAL,share,0.0,0.0
image,SSP2-Base,Business As Usual,PT,Share|ElectricityHV|ImportsHU,share,0.0,0.0
image,SSP2-Base,Business As Usual,PT,Share|ElectricityHV|ImportsCH,share,0.0,0.0
image,SSP2-Base,Business As Usual,PT,Share|ElectricityMV|TransformationHVMV,share,0.9964474656939535,0.9784933473117866
image,SSP2-Base,Business As Usual,PT,Share|ElectricityMV|SolarPVRoofCommercial,share,0.0035525343060465175,0.021506652688213414
image,SSP2-Base,Business As Usual,PT,Share|ElectricityMV|Waste,share,0.0,0.0
image,SSP2-Base,Business As Usual,PT,Share|ElectricityLV|TransformationMVLV,share,0.9859889615547739,0.9299448077738697
image,SSP2-Base,Business As Usual,PT,Share|ElectricityLV|BatteryChemical,share,0.0,0.0
image,SSP2-Base,Business As Usual,PT,Share|ElectricityLV|SolarPVRoofResidential,share,0.014011038445226063,0.07005519222613031
image,SSP2-Base,Business As Usual,FI,Share|ElectricityHV|Coal,share,0.08395086724556543,0.016409109579346607
image,SSP2-Base,Business As Usual,FI,Share|ElectricityHV|CombinedCycle,share,0.0012781441191196876,0.0002498271619694348
image,SSP2-Base,Business As Usual,FI,Share|ElectricityHV|GasTurbine,share,9.352274015574911e-05,1.8280036189352294e-05
image,SSP2-Base,Business As Usual,FI,Share|ElectricityHV|CogenerationGas,share,0.039766200274215124,0.007772736116532586
image,SSP2-Base,Business As Usual,FI,Share|ElectricityHV|Nuclear,share,0.28823091567012926,0.296868345752796
image,SSP2-Base,Business As Usual,FI,Share|ElectricityHV|Oil,share,0.0021970947037951542,0.0004294460430684968
image,SSP2-Base,Business As Usual,FI,Share|ElectricityHV|Geothermal,share,0.0,0.0
image,SSP2-Base,Business As Usual,FI,Share|ElectricityHV|HydroRunofRiver,share,0.11121646583057125,0.1145492951539609
image,SSP2-Base,Business As Usual,FI,Share|ElectricityHV|HydroReservoir,share,0.03708016309709027,0.038191346175631184
image,SSP2-Base,Business As Usual,FI,Share|ElectricityHV|Biomass,share,0.04929503642050911,0.050772263211100684
image,SSP2-Base,Business As Usual,FI,Share|ElectricityHV|Biogas,share,0.00276761100809556,0.0028505481438391897
image,SSP2-Base,Business As Usual,FI,Share|ElectricityHV|WindOnshore,share,0.07403514659750753,0.152507522982869
image,SSP2-Base,Business As Usual,FI,Share|ElectricityHV|WindOffshore,share,0.0025866859459415304,0.0026642012914135506
image,SSP2-Base,Business As Usual,FI,Share|ElectricityHV|SolarThermal,share,0.0,0.0
image,SSP2-Base,Business As Usual,FI,Share|ElectricityHV|SolarPVOpen,share,0.0,0.0
image,SSP2-Base,Business As Usual,FI,Share|ElectricityHV|Hydrogen,share,0.0,0.0
image,SSP2-Base,Business As Usual,FI,Share|ElectricityHV|BatteryHydro,share,0.0,0.0
image,SSP2-Base,Business As Usual,FI,Share|ElectricityHV|ImportsES,share,0.0,0.0
image,SSP2-Base,Business As Usual,FI,Share|ElectricityHV|ImportsBG,share,0.0,0.0
image,SSP2-Base,Business As Usual,FI,Share|ElectricityHV|ImportsSE,share,0.20327153328597808,0.20936298136146314
image,SSP2-Base,Business As Usual,FI,Share|ElectricityHV|ImportsAT,share,0.0,0.0
image,SSP2-Base,Business As Usual,FI,Share|ElectricityHV|ImportsMK,share,0.0,0.0
image,SSP2-Base,Business As Usual,FI,Share|ElectricityHV|ImportsMD,share,0.0,0.0
image,SSP2-Base,Business As Usual,FI,Share|ElectricityHV|ImportsHR,share,0.0,0.0
image,SSP2-Base,Business As Usual,FI,Share|ElectricityHV|ImportsXK,share,0.0,0.0
image,SSP2-Base,Business As Usual,FI,Share|ElectricityHV|ImportsLU,share,0.0,0.0
image,SSP2-Base,Business As Usual,FI,Share|ElectricityHV|ImportsGR,share,0.0,0.0
image,SSP2-Base,Business As Usual,FI,Share|ElectricityHV|ImportsIS,share,0.0,0.0
image,SSP2-Base,Business As Usual,FI,Share|ElectricityHV|ImportsBA,share,0.0,0.0
image,SSP2-Base,Business As Usual,FI,Share|ElectricityHV|ImportsEE,share,0.0035325879457560614,0.0036384491831649587
image,SSP2-Base,Business As Usual,FI,Share|ElectricityHV|ImportsSK,share,0.0,0.0
image,SSP2-Base,Business As Usual,FI,Share|ElectricityHV|ImportsME,share,0.0,0.0
image,SSP2-Base,Business As Usual,FI,Share|ElectricityHV|ImportsLT,share,0.0,0.0
image,SSP2-Base,Business As Usual,FI,Share|ElectricityHV|ImportsSI,share,0.0,0.0
image,SSP2-Base,Business As Usual,FI,Share|ElectricityHV|ImportsIE,share,0.0,0.0
image,SSP2-Base,Business As Usual,FI,Share|ElectricityHV|ImportsBE,share,0.0,0.0
image,SSP2-Base,Business As Usual,FI,Share|ElectricityHV|ImportsRS,share,0.0,0.0
image,SSP2-Base,Business As Usual,FI,Share|ElectricityHV|ImportsRO,share,0.0,0.0
image,SSP2-Base,Business As Usual,FI,Share|ElectricityHV|ImportsNL,share,0.0,0.0
image,SSP2-Base,Business As Usual,FI,Share|ElectricityHV|ImportsUA,share,0.0,0.0
image,SSP2-Base,Business As Usual,FI,Share|ElectricityHV|ImportsPL,share,0.0,0.0
image,SSP2-Base,Business As Usual,FI,Share|ElectricityHV|ImportsFR,share,0.0,0.0
image,SSP2-Base,Business As Usual,FI,Share|ElectricityHV|ImportsGB,share,0.0,0.0
image,SSP2-Base,Business As Usual,FI,Share|ElectricityHV|ImportsNO,share,0.0031343689409617454,0.003228296729790003
image,SSP2-Base,Business As Usual,FI,Share|ElectricityHV|ImportsCZ,share,0.0,0.0
image,SSP2-Base,Business As Usual,FI,Share|ElectricityHV|ImportsMT,share,0.0,0.0
image,SSP2-Base,Business As Usual,FI,Share|ElectricityHV|ImportsDK,share,0.0,0.0
image,SSP2-Base,Business As Usual,FI,Share|ElectricityHV|ImportsIT,share,0.0,0.0
image,SSP2-Base,Business As Usual,FI,Share|ElectricityHV|ImportsLV,share,0.0,0.0
image,SSP2-Base,Business As Usual,FI,Share|ElectricityHV|ImportsDE,share,0.0,0.0
image,SSP2-Base,Business As Usual,FI,Share|ElectricityHV|ImportsPT,share,0.0,0.0
image,SSP2-Base,Business As Usual,FI,Share|ElectricityHV|ImportsFI,share,0.0,0.0
image,SSP2-Base,Business As Usual,FI,Share|ElectricityHV|ImportsBY,share,0.0,0.0
image,SSP2-Base,Business As Usual,FI,Share|ElectricityHV|ImportsGI,share,0.0,0.0
image,SSP2-Base,Business As Usual,FI,Share|ElectricityHV|ImportsAL,share,0.0,0.0
image,SSP2-Base,Business As Usual,FI,Share|ElectricityHV|ImportsHU,share,0.0,0.0
image,SSP2-Base,Business As Usual,FI,Share|ElectricityHV|ImportsCH,share,0.0,0.0
image,SSP2-Base,Business As Usual,FI,Share|ElectricityMV|TransformationHVMV,share,0.9884798186657495,0.9774566244329009
image,SSP2-Base,Business As Usual,FI,Share|ElectricityMV|SolarPVRoofCommercial,share,0.0004729983589228189,0.020408163265306124
image,SSP2-Base,Business As Usual,FI,Share|ElectricityMV|Waste,share,0.011047182975327703,0.002135212301792998
image,SSP2-Base,Business As Usual,FI,Share|ElectricityLV|TransformationMVLV,share,0.9981115794436053,0.98
image,SSP2-Base,Business As Usual,FI,Share|ElectricityLV|BatteryChemical,share,0.0,0.0
image,SSP2-Base,Business As Usual,FI,Share|ElectricityLV|SolarPVRoofResidential,share,0.001888420556394753,0.02
image,SSP2-Base,Business As Usual,BY,Share|ElectricityHV|Coal,share,0.0006089158618077086,0.0005946942479577372
image,SSP2-Base,Business As Usual,BY,Share|ElectricityHV|CombinedCycle,share,0.05955320680425476,0.0581623041133916
image,SSP2-Base,Business As Usual,BY,Share|ElectricityHV|GasTurbine,share,0.3684639010580808,0.3598581943469016
image,SSP2-Base,Business As Usual,BY,Share|ElectricityHV|CogenerationGas,share,0.46871298462648364,0.45776589736546813
image,SSP2-Base,Business As Usual,BY,Share|ElectricityHV|Nuclear,share,0.0,0.0
image,SSP2-Base,Business As Usual,BY,Share|ElectricityHV|Oil,share,0.002993836320554568,0.0029239133857922087
image,SSP2-Base,Business As Usual,BY,Share|ElectricityHV|Geothermal,share,0.0,0.0
image,SSP2-Base,Business As Usual,BY,Share|ElectricityHV|HydroRunofRiver,share,0.009263869139518084,0.009667809510600886
image,SSP2-Base,Business As Usual,BY,Share|ElectricityHV|HydroReservoir,share,0.0,0.0
image,SSP2-Base,Business As Usual,BY,Share|ElectricityHV|Biomass,share,0.0027654928723766783,0.002886079011955156
image,SSP2-Base,Business As Usual,BY,Share|ElectricityHV|Biogas,share,2.5371494241987883e-05,2.6477789100506032e-05
image,SSP2-Base,Business As Usual,BY,Share|ElectricityHV|WindOnshore,share,0.004159288185089747,0.021022618573653416
image,SSP2-Base,Business As Usual,BY,Share|ElectricityHV|WindOffshore,share,0.0,0.0
image,SSP2-Base,Business As Usual,BY,Share|ElectricityHV|SolarThermal,share,0.0,0.0
image,SSP2-Base,Business As Usual,BY,Share|ElectricityHV|SolarPVOpen,share,0.0,0.0
image,SSP2-Base,Business As Usual,BY,Share|ElectricityHV|Hydrogen,share,0.0,0.0
image,SSP2-Base,Business As Usual,BY,Share|ElectricityHV|BatteryHydro,share,0.0,0.0
image,SSP2-Base,Business As Usual,BY,Share|ElectricityHV|ImportsES,share,0.0,0.0
image,SSP2-Base,Business As Usual,BY,Share|ElectricityHV|ImportsBG,share,0.0,0.0
image,SSP2-Base,Business As Usual,BY,Share|ElectricityHV|ImportsSE,share,0.0,0.0
image,SSP2-Base,Business As Usual,BY,Share|ElectricityHV|ImportsAT,share,0.0,0.0
image,SSP2-Base,Business As Usual,BY,Share|ElectricityHV|ImportsMK,share,0.0,0.0
image,SSP2-Base,Business As Usual,BY,Share|ElectricityHV|ImportsMD,share,0.0,0.0
image,SSP2-Base,Business As Usual,BY,Share|ElectricityHV|ImportsHR,share,0.0,0.0
image,SSP2-Base,Business As Usual,BY,Share|ElectricityHV|ImportsXK,share,0.0,0.0
image,SSP2-Base,Business As Usual,BY,Share|ElectricityHV|ImportsLU,share,0.0,0.0
image,SSP2-Base,Business As Usual,BY,Share|ElectricityHV|ImportsGR,share,0.0,0.0
image,SSP2-Base,Business As Usual,BY,Share|ElectricityHV|ImportsIS,share,0.0,0.0
image,SSP2-Base,Business As Usual,BY,Share|ElectricityHV|ImportsBA,share,0.0,0.0
image,SSP2-Base,Business As Usual,BY,Share|ElectricityHV|ImportsEE,share,0.0,0.0
image,SSP2-Base,Business As Usual,BY,Share|ElectricityHV|ImportsSK,share,0.0,0.0
image,SSP2-Base,Business As Usual,BY,Share|ElectricityHV|ImportsME,share,0.0,0.0
image,SSP2-Base,Business As Usual,BY,Share|ElectricityHV|ImportsLT,share,0.010612377699067994,0.011075118236663215
image,SSP2-Base,Business As Usual,BY,Share|ElectricityHV|ImportsSI,share,0.0,0.0
image,SSP2-Base,Business As Usual,BY,Share|ElectricityHV|ImportsIE,share,0.0,0.0
image,SSP2-Base,Business As Usual,BY,Share|ElectricityHV|ImportsBE,share,0.0,0.0
image,SSP2-Base,Business As Usual,BY,Share|ElectricityHV|ImportsRS,share,0.0,0.0
image,SSP2-Base,Business As Usual,BY,Share|ElectricityHV|ImportsRO,share,0.0,0.0
image,SSP2-Base,Business As Usual,BY,Share|ElectricityHV|ImportsNL,share,0.0,0.0
image,SSP2-Base,Business As Usual,BY,Share|ElectricityHV|ImportsUA,share,8.184352981286405e-06,8.541222290485806e-06
image,SSP2-Base,Business As Usual,BY,Share|ElectricityHV|ImportsPL,share,0.0,0.0
image,SSP2-Base,Business As Usual,BY,Share|ElectricityHV|ImportsFR,share,0.0,0.0
image,SSP2-Base,Business As Usual,BY,Share|ElectricityHV|ImportsGB,share,0.0,0.0
image,SSP2-Base,Business As Usual,BY,Share|ElectricityHV|ImportsNO,share,0.0,0.0
image,SSP2-Base,Business As Usual,BY,Share|ElectricityHV|ImportsCZ,share,0.0,0.0
image,SSP2-Base,Business As Usual,BY,Share|ElectricityHV|ImportsMT,share,0.0,0.0
image,SSP2-Base,Business As Usual,BY,Share|ElectricityHV|ImportsDK,share,0.0,0.0
image,SSP2-Base,Business As Usual,BY,Share|ElectricityHV|ImportsIT,share,0.0,0.0
image,SSP2-Base,Business As Usual,BY,Share|ElectricityHV|ImportsLV,share,0.0,0.0
image,SSP2-Base,Business As Usual,BY,Share|ElectricityHV|ImportsDE,share,0.0,0.0
image,SSP2-Base,Business As Usual,BY,Share|ElectricityHV|ImportsPT,share,0.0,0.0
image,SSP2-Base,Business As Usual,BY,Share|ElectricityHV|ImportsFI,share,0.0,0.0
image,SSP2-Base,Business As Usual,BY,Share|ElectricityHV|ImportsBY,share,0.0,0.0
image,SSP2-Base,Business As Usual,BY,Share|ElectricityHV|ImportsGI,share,0.0,0.0
image,SSP2-Base,Business As Usual,BY,Share|ElectricityHV|ImportsAL,share,0.0,0.0
image,SSP2-Base,Business As Usual,BY,Share|ElectricityHV|ImportsHU,share,0.0,0.0
image,SSP2-Base,Business As Usual,BY,Share|ElectricityHV|ImportsCH,share,0.0,0.0
image,SSP2-Base,Business As Usual,BY,Share|ElectricityMV|TransformationHVMV,share,0.9985595616138199,0.9794102322600634
image,SSP2-Base,Business As Usual,BY,Share|ElectricityMV|SolarPVRoofCommercial,share,0.0014404383861801205,0.020589767739936617
image,SSP2-Base,Business As Usual,BY,Share|ElectricityMV|Waste,share,0.0,0.0
image,SSP2-Base,Business As Usual,BY,Share|ElectricityLV|TransformationMVLV,share,0.9942712540774058,0.9713562703870291
image,SSP2-Base,Business As Usual,BY,Share|ElectricityLV|BatteryChemical,share,0.0,0.0
image,SSP2-Base,Business As Usual,BY,Share|ElectricityLV|SolarPVRoofResidential,share,0.005728745922594175,0.028643729612970875
image,SSP2-Base,Business As Usual,GI,Share|ElectricityHV|Coal,share,0.0,0.0
image,SSP2-Base,Business As Usual,GI,Share|ElectricityHV|CombinedCycle,share,0.0,0.0
image,SSP2-Base,Business As Usual,GI,Share|ElectricityHV|GasTurbine,share,0.333331816216462,0.32638740337861905
image,SSP2-Base,Business As Usual,GI,Share|ElectricityHV|CogenerationGas,share,0.0,0.0
image,SSP2-Base,Business As Usual,GI,Share|ElectricityHV|Nuclear,share,0.0,0.0
image,SSP2-Base,Business As Usual,GI,Share|ElectricityHV|Oil,share,0.666668183783538,0.6527792632880476
image,SSP2-Base,Business As Usual,GI,Share|ElectricityHV|Geothermal,share,0.0,0.0
image,SSP2-Base,Business As Usual,GI,Share|ElectricityHV|HydroRunofRiver,share,0.0,0.0
image,SSP2-Base,Business As Usual,GI,Share|ElectricityHV|HydroReservoir,share,0.0,0.0
image,SSP2-Base,Business As Usual,GI,Share|ElectricityHV|Biomass,share,0.0,0.0
image,SSP2-Base,Business As Usual,GI,Share|ElectricityHV|Biogas,share,0.0,0.0
image,SSP2-Base,Business As Usual,GI,Share|ElectricityHV|WindOnshore,share,0.0,0.020833333333333336
image,SSP2-Base,Business As Usual,GI,Share|ElectricityHV|WindOffshore,share,0.0,0.0
image,SSP2-Base,Business As Usual,GI,Share|ElectricityHV|SolarThermal,share,0.0,0.0
image,SSP2-Base,Business As Usual,GI,Share|ElectricityHV|SolarPVOpen,share,0.0,0.0
image,SSP2-Base,Business As Usual,GI,Share|ElectricityHV|Hydrogen,share,0.0,0.0
image,SSP2-Base,Business As Usual,GI,Share|ElectricityHV|BatteryHydro,share,0.0,0.0
image,SSP2-Base,Business As Usual,GI,Share|ElectricityHV|ImportsES,share,0.0,0.0
image,SSP2-Base,Business As Usual,GI,Share|ElectricityHV|ImportsBG,share,0.0,0.0
image,SSP2-Base,Business As Usual,GI,Share|ElectricityHV|ImportsSE,share,0.0,0.0
image,SSP2-Base,Business As Usual,GI,Share|ElectricityHV|ImportsAT,share,0.0,0.0
image,SSP2-Base,Business As Usual,GI,Share|ElectricityHV|ImportsMK,share,0.0,0.0
image,SSP2-Base,Business As Usual,GI,Share|ElectricityHV|ImportsMD,share,0.0,0.0
image,SSP2-Base,Business As Usual,GI,Share|ElectricityHV|ImportsHR,share,0.0,0.0
image,SSP2-Base,Business As Usual,GI,Share|ElectricityHV|ImportsXK,share,0.0,0.0
image,SSP2-Base,Business As Usual,GI,Share|ElectricityHV|ImportsLU,share,0.0,0.0
image,SSP2-Base,Business As Usual,GI,Share|ElectricityHV|ImportsGR,share,0.0,0.0
image,SSP2-Base,Business As Usual,GI,Share|ElectricityHV|ImportsIS,share,0.0,0.0
image,SSP2-Base,Business As Usual,GI,Share|ElectricityHV|ImportsBA,share,0.0,0.0
image,SSP2-Base,Business As Usual,GI,Share|ElectricityHV|ImportsEE,share,0.0,0.0
image,SSP2-Base,Business As Usual,GI,Share|ElectricityHV|ImportsSK,share,0.0,0.0
image,SSP2-Base,Business As Usual,GI,Share|ElectricityHV|ImportsME,share,0.0,0.0
image,SSP2-Base,Business As Usual,GI,Share|ElectricityHV|ImportsLT,share,0.0,0.0
image,SSP2-Base,Business As Usual,GI,Share|ElectricityHV|ImportsSI,share,0.0,0.0
image,SSP2-Base,Business As Usual,GI,Share|ElectricityHV|ImportsIE,share,0.0,0.0
image,SSP2-Base,Business As Usual,GI,Share|ElectricityHV|ImportsBE,share,0.0,0.0
image,SSP2-Base,Business As Usual,GI,Share|ElectricityHV|ImportsRS,share,0.0,0.0
image,SSP2-Base,Business As Usual,GI,Share|ElectricityHV|ImportsRO,share,0.0,0.0
image,SSP2-Base,Business As Usual,GI,Share|ElectricityHV|ImportsNL,share,0.0,0.0
image,SSP2-Base,Business As Usual,GI,Share|ElectricityHV|ImportsUA,share,0.0,0.0
image,SSP2-Base,Business As Usual,GI,Share|ElectricityHV|ImportsPL,share,0.0,0.0
image,SSP2-Base,Business As Usual,GI,Share|ElectricityHV|ImportsFR,share,0.0,0.0
image,SSP2-Base,Business As Usual,GI,Share|ElectricityHV|ImportsGB,share,0.0,0.0
image,SSP2-Base,Business As Usual,GI,Share|ElectricityHV|ImportsNO,share,0.0,0.0
image,SSP2-Base,Business As Usual,GI,Share|ElectricityHV|ImportsCZ,share,0.0,0.0
image,SSP2-Base,Business As Usual,GI,Share|ElectricityHV|ImportsMT,share,0.0,0.0
image,SSP2-Base,Business As Usual,GI,Share|ElectricityHV|ImportsDK,share,0.0,0.0
image,SSP2-Base,Business As Usual,GI,Share|ElectricityHV|ImportsIT,share,0.0,0.0
image,SSP2-Base,Business As Usual,GI,Share|ElectricityHV|ImportsLV,share,0.0,0.0
image,SSP2-Base,Business As Usual,GI,Share|ElectricityHV|ImportsDE,share,0.0,0.0
image,SSP2-Base,Business As Usual,GI,Share|ElectricityHV|ImportsPT,share,0.0,0.0
image,SSP2-Base,Business As Usual,GI,Share|ElectricityHV|ImportsFI,share,0.0,0.0
image,SSP2-Base,Business As Usual,GI,Share|ElectricityHV|ImportsBY,share,0.0,0.0
image,SSP2-Base,Business As Usual,GI,Share|ElectricityHV|ImportsGI,share,0.0,0.0
image,SSP2-Base,Business As Usual,GI,Share|ElectricityHV|ImportsAL,share,0.0,0.0
image,SSP2-Base,Business As Usual,GI,Share|ElectricityHV|ImportsHU,share,0.0,0.0
image,SSP2-Base,Business As Usual,GI,Share|ElectricityHV|ImportsCH,share,0.0,0.0
image,SSP2-Base,Business As Usual,GI,Share|ElectricityMV|TransformationHVMV,share,1.0,0.9795918367346939
image,SSP2-Base,Business As Usual,GI,Share|ElectricityMV|SolarPVRoofCommercial,share,0.0,0.020408163265306124
image,SSP2-Base,Business As Usual,GI,Share|ElectricityMV|Waste,share,0.0,0.0
image,SSP2-Base,Business As Usual,GI,Share|ElectricityLV|TransformationMVLV,share,1.0,0.98
image,SSP2-Base,Business As Usual,GI,Share|ElectricityLV|BatteryChemical,share,0.0,0.0
image,SSP2-Base,Business As Usual,GI,Share|ElectricityLV|SolarPVRoofResidential,share,0.0,0.02
image,SSP2-Base,Business As Usual,AL,Share|ElectricityHV|Coal,share,0.0,0.0
image,SSP2-Base,Business As Usual,AL,Share|ElectricityHV|CombinedCycle,share,0.0,0.0
image,SSP2-Base,Business As Usual,AL,Share|ElectricityHV|GasTurbine,share,0.0,0.0
image,SSP2-Base,Business As Usual,AL,Share|ElectricityHV|CogenerationGas,share,0.0,0.0
image,SSP2-Base,Business As Usual,AL,Share|ElectricityHV|Nuclear,share,0.0,0.0
image,SSP2-Base,Business As Usual,AL,Share|ElectricityHV|Oil,share,0.0,0.0
image,SSP2-Base,Business As Usual,AL,Share|ElectricityHV|Geothermal,share,0.0,0.0
image,SSP2-Base,Business As Usual,AL,Share|ElectricityHV|HydroRunofRiver,share,0.86659931406752,0.8632708528533298
image,SSP2-Base,Business As Usual,AL,Share|ElectricityHV|HydroReservoir,share,0.0,0.0
image,SSP2-Base,Business As Usual,AL,Share|ElectricityHV|Biomass,share,0.0,0.0
image,SSP2-Base,Business As Usual,AL,Share|ElectricityHV|Biogas,share,0.0,0.0
image,SSP2-Base,Business As Usual,AL,Share|ElectricityHV|WindOnshore,share,0.0,0.003840830658597638
image,SSP2-Base,Business As Usual,AL,Share|ElectricityHV|WindOffshore,share,0.0,0.0
image,SSP2-Base,Business As Usual,AL,Share|ElectricityHV|SolarThermal,share,0.0,0.0
image,SSP2-Base,Business As Usual,AL,Share|ElectricityHV|SolarPVOpen,share,0.0,0.0
image,SSP2-Base,Business As Usual,AL,Share|ElectricityHV|Hydrogen,share,0.0,0.0
image,SSP2-Base,Business As Usual,AL,Share|ElectricityHV|BatteryHydro,share,0.0,0.0
image,SSP2-Base,Business As Usual,AL,Share|ElectricityHV|ImportsES,share,0.0,0.0
image,SSP2-Base,Business As Usual,AL,Share|ElectricityHV|ImportsBG,share,0.0,0.0
image,SSP2-Base,Business As Usual,AL,Share|ElectricityHV|ImportsSE,share,0.0,0.0
image,SSP2-Base,Business As Usual,AL,Share|ElectricityHV|ImportsAT,share,0.0,0.0
image,SSP2-Base,Business As Usual,AL,Share|ElectricityHV|ImportsMK,share,0.0,0.0
image,SSP2-Base,Business As Usual,AL,Share|ElectricityHV|ImportsMD,share,0.0,0.0
image,SSP2-Base,Business As Usual,AL,Share|ElectricityHV|ImportsHR,share,0.0,0.0
image,SSP2-Base,Business As Usual,AL,Share|ElectricityHV|ImportsXK,share,0.0,0.0
image,SSP2-Base,Business As Usual,AL,Share|ElectricityHV|ImportsLU,share,0.0,0.0
image,SSP2-Base,Business As Usual,AL,Share|ElectricityHV|ImportsGR,share,0.13340068593248,0.13288831648807256
image,SSP2-Base,Business As Usual,AL,Share|ElectricityHV|ImportsIS,share,0.0,0.0
image,SSP2-Base,Business As Usual,AL,Share|ElectricityHV|ImportsBA,share,0.0,0.0
image,SSP2-Base,Business As Usual,AL,Share|ElectricityHV|ImportsEE,share,0.0,0.0
image,SSP2-Base,Business As Usual,AL,Share|ElectricityHV|ImportsSK,share,0.0,0.0
image,SSP2-Base,Business As Usual,AL,Share|ElectricityHV|ImportsME,share,0.0,0.0
image,SSP2-Base,Business As Usual,AL,Share|ElectricityHV|ImportsLT,share,0.0,0.0
image,SSP2-Base,Business As Usual,AL,Share|ElectricityHV|ImportsSI,share,0.0,0.0
image,SSP2-Base,Business As Usual,AL,Share|ElectricityHV|ImportsIE,share,0.0,0.0
image,SSP2-Base,Business As Usual,AL,Share|ElectricityHV|ImportsBE,share,0.0,0.0
image,SSP2-Base,Business As Usual,AL,Share|ElectricityHV|ImportsRS,share,0.0,0.0
image,SSP2-Base,Business As Usual,AL,Share|ElectricityHV|ImportsRO,share,0.0,0.0
image,SSP2-Base,Business As Usual,AL,Share|ElectricityHV|ImportsNL,share,0.0,0.0
image,SSP2-Base,Business As Usual,AL,Share|ElectricityHV|ImportsUA,share,0.0,0.0
image,SSP2-Base,Business As Usual,AL,Share|ElectricityHV|ImportsPL,share,0.0,0.0
image,SSP2-Base,Business As Usual,AL,Share|ElectricityHV|ImportsFR,share,0.0,0.0
image,SSP2-Base,Business As Usual,AL,Share|ElectricityHV|ImportsGB,share,0.0,0.0
image,SSP2-Base,Business As Usual,AL,Share|ElectricityHV|ImportsNO,share,0.0,0.0
image,SSP2-Base,Business As Usual,AL,Share|ElectricityHV|ImportsCZ,share,0.0,0.0
image,SSP2-Base,Business As Usual,AL,Share|ElectricityHV|ImportsMT,share,0.0,0.0
image,SSP2-Base,Business As Usual,AL,Share|ElectricityHV|ImportsDK,share,0.0,0.0
image,SSP2-Base,Business As Usual,AL,Share|ElectricityHV|ImportsIT,share,0.0,0.0
image,SSP2-Base,Business As Usual,AL,Share|ElectricityHV|ImportsLV,share,0.0,0.0
image,SSP2-Base,Business As Usual,AL,Share|ElectricityHV|ImportsDE,share,0.0,0.0
image,SSP2-Base,Business As Usual,AL,Share|ElectricityHV|ImportsPT,share,0.0,0.0
image,SSP2-Base,Business As Usual,AL,Share|ElectricityHV|ImportsFI,share,0.0,0.0
image,SSP2-Base,Business As Usual,AL,Share|ElectricityHV|ImportsBY,share,0.0,0.0
image,SSP2-Base,Business As Usual,AL,Share|ElectricityHV|ImportsGI,share,0.0,0.0
image,SSP2-Base,Business As Usual,AL,Share|ElectricityHV|ImportsAL,share,0.0,0.0
image,SSP2-Base,Business As Usual,AL,Share|ElectricityHV|ImportsHU,share,0.0,0.0
image,SSP2-Base,Business As Usual,AL,Share|ElectricityHV|ImportsCH,share,0.0,0.0
image,SSP2-Base,Business As Usual,AL,Share|ElectricityMV|TransformationHVMV,share,0.999229466276642,1.0
image,SSP2-Base,Business As Usual,AL,Share|ElectricityMV|SolarPVRoofCommercial,share,0.0007705337233580566,0.0
image,SSP2-Base,Business As Usual,AL,Share|ElectricityMV|Waste,share,0.0,0.0
image,SSP2-Base,Business As Usual,AL,Share|ElectricityLV|TransformationMVLV,share,0.9969273354731218,1.0
image,SSP2-Base,Business As Usual,AL,Share|ElectricityLV|BatteryChemical,share,0.0,0.0
image,SSP2-Base,Business As Usual,AL,Share|ElectricityLV|SolarPVRoofResidential,share,0.0030726645268781246,0.0
image,SSP2-Base,Business As Usual,HU,Share|ElectricityHV|Coal,share,0.07281358022859362,0.01484404019068196
image,SSP2-Base,Business As Usual,HU,Share|ElectricityHV|CombinedCycle,share,0.057268588767429435,0.01167498192862559
image,SSP2-Base,Business As Usual,HU,Share|ElectricityHV|GasTurbine,share,0.03652389769839548,0.007445894071590149
image,SSP2-Base,Business As Usual,HU,Share|ElectricityHV|CogenerationGas,share,0.0603167115535852,0.012296383279881513
image,SSP2-Base,Business As Usual,HU,Share|ElectricityHV|Nuclear,share,0.31316624625420436,0.3794662820686655
image,SSP2-Base,Business As Usual,HU,Share|ElectricityHV|Oil,share,0.000885901700943283,0.00018060312942325978
image,SSP2-Base,Business As Usual,HU,Share|ElectricityHV|Geothermal,share,0.00033503735380464617,0.0004059676945489661
image,SSP2-Base,Business As Usual,HU,Share|ElectricityHV|HydroRunofRiver,share,0.004434642776458193,0.005373495473453063
image,SSP2-Base,Business As Usual,HU,Share|ElectricityHV|HydroReservoir,share,0.0,0.0
image,SSP2-Base,Business As Usual,HU,Share|ElectricityHV|Biomass,share,0.031798216372155706,0.03853017714227847
image,SSP2-Base,Business As Usual,HU,Share|ElectricityHV|Biogas,share,0.0016210116230026036,0.001964193974058062
image,SSP2-Base,Business As Usual,HU,Share|ElectricityHV|WindOnshore,share,0.014761893077799175,0.03577423013833132
image,SSP2-Base,Business As Usual,HU,Share|ElectricityHV|WindOffshore,share,0.0,0.0
image,SSP2-Base,Business As Usual,HU,Share|ElectricityHV|SolarThermal,share,0.0,0.0
image,SSP2-Base,Business As Usual,HU,Share|ElectricityHV|SolarPVOpen,share,0.0,0.0
image,SSP2-Base,Business As Usual,HU,Share|ElectricityHV|Hydrogen,share,0.0,0.0
image,SSP2-Base,Business As Usual,HU,Share|ElectricityHV|BatteryHydro,share,0.0,0.0
image,SSP2-Base,Business As Usual,HU,Share|ElectricityHV|ImportsES,share,0.0,0.0
image,SSP2-Base,Business As Usual,HU,Share|ElectricityHV|ImportsBG,share,0.0,0.0
image,SSP2-Base,Business As Usual,HU,Share|ElectricityHV|ImportsSE,share,0.0,0.0
image,SSP2-Base,Business As Usual,HU,Share|ElectricityHV|ImportsAT,share,0.12730601282540396,0.15425781018759244
image,SSP2-Base,Business As Usual,HU,Share|ElectricityHV|ImportsMK,share,0.0,0.0
image,SSP2-Base,Business As Usual,HU,Share|ElectricityHV|ImportsMD,share,0.0,0.0
image,SSP2-Base,Business As Usual,HU,Share|ElectricityHV|ImportsHR,share,0.003149923839188978,0.0038167902906313016
image,SSP2-Base,Business As Usual,HU,Share|ElectricityHV|ImportsXK,share,0.0,0.0
image,SSP2-Base,Business As Usual,HU,Share|ElectricityHV|ImportsLU,share,0.0,0.0
image,SSP2-Base,Business As Usual,HU,Share|ElectricityHV|ImportsGR,share,0.0,0.0
image,SSP2-Base,Business As Usual,HU,Share|ElectricityHV|ImportsIS,share,0.0,0.0
image,SSP2-Base,Business As Usual,HU,Share|ElectricityHV|ImportsBA,share,0.0,0.0
image,SSP2-Base,Business As Usual,HU,Share|ElectricityHV|ImportsEE,share,0.0,0.0
image,SSP2-Base,Business As Usual,HU,Share|ElectricityHV|ImportsSK,share,0.17872749679761848,0.21656567246452121
image,SSP2-Base,Business As Usual,HU,Share|ElectricityHV|ImportsME,share,0.0,0.0
image,SSP2-Base,Business As Usual,HU,Share|ElectricityHV|ImportsLT,share,0.0,0.0
image,SSP2-Base,Business As Usual,HU,Share|ElectricityHV|ImportsSI,share,0.0,0.0
image,SSP2-Base,Business As Usual,HU,Share|ElectricityHV|ImportsIE,share,0.0,0.0
image,SSP2-Base,Business As Usual,HU,Share|ElectricityHV|ImportsBE,share,0.0,0.0
image,SSP2-Base,Business As Usual,HU,Share|ElectricityHV|ImportsRS,share,0.010145209248296982,0.012293038858137198
image,SSP2-Base,Business As Usual,HU,Share|ElectricityHV|ImportsRO,share,0.004643069555168169,0.005626048025800685
image,SSP2-Base,Business As Usual,HU,Share|ElectricityHV|ImportsNL,share,0.0,0.0
image,SSP2-Base,Business As Usual,HU,Share|ElectricityHV|ImportsUA,share,0.08210256032795166,0.09948439108177949
image,SSP2-Base,Business As Usual,HU,Share|ElectricityHV|ImportsPL,share,0.0,0.0
image,SSP2-Base,Business As Usual,HU,Share|ElectricityHV|ImportsFR,share,0.0,0.0
image,SSP2-Base,Business As Usual,HU,Share|ElectricityHV|ImportsGB,share,0.0,0.0
image,SSP2-Base,Business As Usual,HU,Share|ElectricityHV|ImportsNO,share,0.0,0.0
image,SSP2-Base,Business As Usual,HU,Share|ElectricityHV|ImportsCZ,share,0.0,0.0
image,SSP2-Base,Business As Usual,HU,Share|ElectricityHV|ImportsMT,share,0.0,0.0
image,SSP2-Base,Business As Usual,HU,Share|ElectricityHV|ImportsDK,share,0.0,0.0
image,SSP2-Base,Business As Usual,HU,Share|ElectricityHV|ImportsIT,share,0.0,0.0
image,SSP2-Base,Business As Usual,HU,Share|ElectricityHV|ImportsLV,share,0.0,0.0
image,SSP2-Base,Business As Usual,HU,Share|ElectricityHV|ImportsDE,share,0.0,0.0
image,SSP2-Base,Business As Usual,HU,Share|ElectricityHV|ImportsPT,share,0.0,0.0
image,SSP2-Base,Business As Usual,HU,Share|ElectricityHV|ImportsFI,share,0.0,0.0
image,SSP2-Base,Business As Usual,HU,Share|ElectricityHV|ImportsBY,share,0.0,0.0
image,SSP2-Base,Business As Usual,HU,Share|ElectricityHV|ImportsGI,share,0.0,0.0
image,SSP2-Base,Business As Usual,HU,Share|ElectricityHV|ImportsAL,share,0.0,0.0
image,SSP2-Base,Business As Usual,HU,Share|ElectricityHV|ImportsHU,share,0.0,0.0
image,SSP2-Base,Business As Usual,HU,Share|ElectricityHV|ImportsCH,share,0.0,0.0
image,SSP2-Base,Business As Usual,HU,Share|ElectricityMV|TransformationHVMV,share,0.9849160842097741,0.9471434216168747
image,SSP2-Base,Business As Usual,HU,Share|ElectricityMV|SolarPVRoofCommercial,share,0.00886290424736698,0.05163697881920126
image,SSP2-Base,Business As Usual,HU,Share|ElectricityMV|Waste,share,0.006221011542858881,0.0012195995639237291
image,SSP2-Base,Business As Usual,HU,Share|ElectricityLV|TransformationMVLV,share,0.965762169465202,0.8288108473260102
image,SSP2-Base,Business As Usual,HU,Share|ElectricityLV|BatteryChemical,share,0.0,0.0
image,SSP2-Base,Business As Usual,HU,Share|ElectricityLV|SolarPVRoofResidential,share,0.03423783053479797,0.17118915267398982
image,SSP2-Base,Business As Usual,CH,Share|ElectricityHV|Coal,share,0.0,0.0
image,SSP2-Base,Business As Usual,CH,Share|ElectricityHV|CombinedCycle,share,0.0,0.0
image,SSP2-Base,Business As Usual,CH,Share|ElectricityHV|GasTurbine,share,0.0,0.0
image,SSP2-Base,Business As Usual,CH,Share|ElectricityHV|CogenerationGas,share,0.001016181128820132,0.0
image,SSP2-Base,Business As Usual,CH,Share|ElectricityHV|Nuclear,share,0.1837440241112038,0.18058870932081364
image,SSP2-Base,Business As Usual,CH,Share|ElectricityHV|Oil,share,0.0,0.0
image,SSP2-Base,Business As Usual,CH,Share|ElectricityHV|Geothermal,share,0.0,0.0
image,SSP2-Base,Business As Usual,CH,Share|ElectricityHV|HydroRunofRiver,share,0.35389577296843977,0.3478185545549142
image,SSP2-Base,Business As Usual,CH,Share|ElectricityHV|HydroReservoir,share,0.2861710085632726,0.28125678280671634
image,SSP2-Base,Business As Usual,CH,Share|ElectricityHV|Biomass,share,0.004909777486959323,0.00482546512035549
image,SSP2-Base,Business As Usual,CH,Share|ElectricityHV|Biogas,share,0.019585962529137607,0.019249625728247618
image,SSP2-Base,Business As Usual,CH,Share|ElectricityHV|WindOnshore,share,0.00242188770535391,0.02055136879675816
image,SSP2-Base,Business As Usual,CH,Share|ElectricityHV|WindOffshore,share,0.0,0.0
image,SSP2-Base,Business As Usual,CH,Share|ElectricityHV|SolarThermal,share,0.0,0.0
image,SSP2-Base,Business As Usual,CH,Share|ElectricityHV|SolarPVOpen,share,0.0,0.0
image,SSP2-Base,Business As Usual,CH,Share|ElectricityHV|Hydrogen,share,0.0,0.0
image,SSP2-Base,Business As Usual,CH,Share|ElectricityHV|BatteryHydro,share,0.0,0.0
image,SSP2-Base,Business As Usual,CH,Share|ElectricityHV|ImportsES,share,0.0,0.0
image,SSP2-Base,Business As Usual,CH,Share|ElectricityHV|ImportsBG,share,0.0,0.0
image,SSP2-Base,Business As Usual,CH,Share|ElectricityHV|ImportsSE,share,0.0,0.0
image,SSP2-Base,Business As Usual,CH,Share|ElectricityHV|ImportsAT,share,0.0,0.0
image,SSP2-Base,Business As Usual,CH,Share|ElectricityHV|ImportsMK,share,0.0,0.0
image,SSP2-Base,Business As Usual,CH,Share|ElectricityHV|ImportsMD,share,0.0,0.0
image,SSP2-Base,Business As Usual,CH,Share|ElectricityHV|ImportsHR,share,0.0,0.0
image,SSP2-Base,Business As Usual,CH,Share|ElectricityHV|ImportsXK,share,0.0,0.0
image,SSP2-Base,Business As Usual,CH,Share|ElectricityHV|ImportsLU,share,0.0,0.0
image,SSP2-Base,Business As Usual,CH,Share|ElectricityHV|ImportsGR,share,0.0,0.0
image,SSP2-Base,Business As Usual,CH,Share|ElectricityHV|ImportsIS,share,0.0,0.0
image,SSP2-Base,Business As Usual,CH,Share|ElectricityHV|ImportsBA,share,0.0,0.0
image,SSP2-Base,Business As Usual,CH,Share|ElectricityHV|ImportsEE,share,0.0,0.0
image,SSP2-Base,Business As Usual,CH,Share|ElectricityHV|ImportsSK,share,0.0,0.0
image,SSP2-Base,Business As Usual,CH,Share|ElectricityHV|ImportsME,share,0.0,0.0
image,SSP2-Base,Business As Usual,CH,Share|ElectricityHV|ImportsLT,share,0.0,0.0
image,SSP2-Base,Business As Usual,CH,Share|ElectricityHV|ImportsSI,share,0.0,0.0
image,SSP2-Base,Business As Usual,CH,Share|ElectricityHV|ImportsIE,share,0.0,0.0
image,SSP2-Base,Business As Usual,CH,Share|ElectricityHV|ImportsBE,share,0.0,0.0
image,SSP2-Base,Business As Usual,CH,Share|ElectricityHV|ImportsRS,share,0.0,0.0
image,SSP2-Base,Business As Usual,CH,Share|ElectricityHV|ImportsRO,share,0.0,0.0
image,SSP2-Base,Business As Usual,CH,Share|ElectricityHV|ImportsNL,share,0.0,0.0
image,SSP2-Base,Business As Usual,CH,Share|ElectricityHV|ImportsUA,share,0.0,0.0
image,SSP2-Base,Business As Usual,CH,Share|ElectricityHV|ImportsPL,share,0.0,0.0
image,SSP2-Base,Business As Usual,CH,Share|ElectricityHV|ImportsFR,share,0.14825538550681297,0.14570949367219455
image,SSP2-Base,Business As Usual,CH,Share|ElectricityHV|ImportsGB,share,0.0,0.0
image,SSP2-Base,Business As Usual,CH,Share|ElectricityHV|ImportsNO,share,0.0,0.0
image,SSP2-Base,Business As Usual,CH,Share|ElectricityHV|ImportsCZ,share,0.0,0.0
image,SSP2-Base,Business As Usual,CH,Share|ElectricityHV|ImportsMT,share,0.0,0.0
image,SSP2-Base,Business As Usual,CH,Share|ElectricityHV|ImportsDK,share,0.0,0.0
image,SSP2-Base,Business As Usual,CH,Share|ElectricityHV|ImportsIT,share,0.0,0.0
image,SSP2-Base,Business As Usual,CH,Share|ElectricityHV|ImportsLV,share,0.0,0.0
image,SSP2-Base,Business As Usual,CH,Share|ElectricityHV|ImportsDE,share,0.0,0.0
image,SSP2-Base,Business As Usual,CH,Share|ElectricityHV|ImportsPT,share,0.0,0.0
image,SSP2-Base,Business As Usual,CH,Share|ElectricityHV|ImportsFI,share,0.0,0.0
image,SSP2-Base,Business As Usual,CH,Share|ElectricityHV|ImportsBY,share,0.0,0.0
image,SSP2-Base,Business As Usual,CH,Share|ElectricityHV|ImportsGI,share,0.0,0.0
image,SSP2-Base,Business As Usual,CH,Share|ElectricityHV|ImportsAL,share,0.0,0.0
image,SSP2-Base,Business As Usual,CH,Share|ElectricityHV|ImportsHU,share,0.0,0.0
image,SSP2-Base,Business As Usual,CH,Share|ElectricityHV|ImportsCH,share,0.0,0.0
image,SSP2-Base,Business As Usual,CH,Share|ElectricityMV|TransformationHVMV,share,0.9846793979307485,1.0
image,SSP2-Base,Business As Usual,CH,Share|ElectricityMV|SolarPVRoofCommercial,share,0.007376118288681799,0.0
image,SSP2-Base,Business As Usual,CH,Share|ElectricityMV|Waste,share,0.007944483780569658,0.0
image,SSP2-Base,Business As Usual,CH,Share|ElectricityLV|TransformationMVLV,share,0.9713410928033016,0.9731711886341539
image,SSP2-Base,Business As Usual,CH,Share|ElectricityLV|BatteryChemical,share,0.0,0.0
image,SSP2-Base,Business As Usual,CH,Share|ElectricityLV|SolarPVRoofResidential,share,0.028658907196698405,0.026828811365846156
image,SSP2-Base,Business As Usual,ES,Share|ElectricityHV|ImportsRU,share,0.0,0.0
image,SSP2-Base,Business As Usual,ES,Share|ElectricityHV|ImportsTR,share,0.0,0.0
image,SSP2-Base,Business As Usual,ES,Share|ElectricityHV|ImportsMA,share,0.005136470121709027,0.0055648022342033475
image,SSP2-Base,Business As Usual,BG,Share|ElectricityHV|ImportsRU,share,0.0,0.0
image,SSP2-Base,Business As Usual,BG,Share|ElectricityHV|ImportsTR,share,0.00295365008993606,0.003809659667101516
image,SSP2-Base,Business As Usual,BG,Share|ElectricityHV|ImportsMA,share,0.0,0.0
image,SSP2-Base,Business As Usual,SE,Share|ElectricityHV|ImportsRU,share,0.0,0.0
image,SSP2-Base,Business As Usual,SE,Share|ElectricityHV|ImportsTR,share,0.0,0.0
image,SSP2-Base,Business As Usual,SE,Share|ElectricityHV|ImportsMA,share,0.0,0.0
image,SSP2-Base,Business As Usual,AT,Share|ElectricityHV|ImportsRU,share,0.0,0.0
image,SSP2-Base,Business As Usual,AT,Share|ElectricityHV|ImportsTR,share,0.0,0.0
image,SSP2-Base,Business As Usual,AT,Share|ElectricityHV|ImportsMA,share,0.0,0.0
image,SSP2-Base,Business As Usual,MK,Share|ElectricityHV|ImportsRU,share,0.0,0.0
image,SSP2-Base,Business As Usual,MK,Share|ElectricityHV|ImportsTR,share,0.0,0.0
image,SSP2-Base,Business As Usual,MK,Share|ElectricityHV|ImportsMA,share,0.0,0.0
image,SSP2-Base,Business As Usual,MD,Share|ElectricityHV|ImportsRU,share,0.0,0.0
image,SSP2-Base,Business As Usual,MD,Share|ElectricityHV|ImportsTR,share,0.0,0.0
image,SSP2-Base,Business As Usual,MD,Share|ElectricityHV|ImportsMA,share,0.0,0.0
image,SSP2-Base,Business As Usual,HR,Share|ElectricityHV|ImportsRU,share,0.0,0.0
image,SSP2-Base,Business As Usual,HR,Share|ElectricityHV|ImportsTR,share,0.0,0.0
image,SSP2-Base,Business As Usual,HR,Share|ElectricityHV|ImportsMA,share,0.0,0.0
image,SSP2-Base,Business As Usual,XK,Share|ElectricityHV|ImportsRU,share,0.0,0.0
image,SSP2-Base,Business As Usual,XK,Share|ElectricityHV|ImportsTR,share,0.0,0.0
image,SSP2-Base,Business As Usual,XK,Share|ElectricityHV|ImportsMA,share,0.0,0.0
image,SSP2-Base,Business As Usual,LU,Share|ElectricityHV|ImportsRU,share,0.0,0.0
image,SSP2-Base,Business As Usual,LU,Share|ElectricityHV|ImportsTR,share,0.0,0.0
image,SSP2-Base,Business As Usual,LU,Share|ElectricityHV|ImportsMA,share,0.0,0.0
image,SSP2-Base,Business As Usual,GR,Share|ElectricityHV|ImportsRU,share,0.0,0.0
image,SSP2-Base,Business As Usual,GR,Share|ElectricityHV|ImportsTR,share,0.0565087695479537,0.09893436923619046
image,SSP2-Base,Business As Usual,GR,Share|ElectricityHV|ImportsMA,share,0.0,0.0
image,SSP2-Base,Business As Usual,IS,Share|ElectricityHV|ImportsRU,share,0.0,0.0
image,SSP2-Base,Business As Usual,IS,Share|ElectricityHV|ImportsTR,share,0.0,0.0
image,SSP2-Base,Business As Usual,IS,Share|ElectricityHV|ImportsMA,share,0.0,0.0
image,SSP2-Base,Business As Usual,BA,Share|ElectricityHV|ImportsRU,share,0.0,0.0
image,SSP2-Base,Business As Usual,BA,Share|ElectricityHV|ImportsTR,share,0.0,0.0
image,SSP2-Base,Business As Usual,BA,Share|ElectricityHV|ImportsMA,share,0.0,0.0
image,SSP2-Base,Business As Usual,EE,Share|ElectricityHV|ImportsRU,share,0.0,0.0
image,SSP2-Base,Business As Usual,EE,Share|ElectricityHV|ImportsTR,share,0.0,0.0
image,SSP2-Base,Business As Usual,EE,Share|ElectricityHV|ImportsMA,share,0.0,0.0
image,SSP2-Base,Business As Usual,SK,Share|ElectricityHV|ImportsRU,share,0.0,0.0
image,SSP2-Base,Business As Usual,SK,Share|ElectricityHV|ImportsTR,share,0.0,0.0
image,SSP2-Base,Business As Usual,SK,Share|ElectricityHV|ImportsMA,share,0.0,0.0
image,SSP2-Base,Business As Usual,ME,Share|ElectricityHV|ImportsRU,share,0.0,0.0
image,SSP2-Base,Business As Usual,ME,Share|ElectricityHV|ImportsTR,share,0.0,0.0
image,SSP2-Base,Business As Usual,ME,Share|ElectricityHV|ImportsMA,share,0.0,0.0
image,SSP2-Base,Business As Usual,LT,Share|ElectricityHV|ImportsRU,share,0.17267720538374898,0.1694189292685619
image,SSP2-Base,Business As Usual,LT,Share|ElectricityHV|ImportsTR,share,0.0,0.0
image,SSP2-Base,Business As Usual,LT,Share|ElectricityHV|ImportsMA,share,0.0,0.0
image,SSP2-Base,Business As Usual,SI,Share|ElectricityHV|ImportsRU,share,0.0,0.0
image,SSP2-Base,Business As Usual,SI,Share|ElectricityHV|ImportsTR,share,0.0,0.0
image,SSP2-Base,Business As Usual,SI,Share|ElectricityHV|ImportsMA,share,0.0,0.0
image,SSP2-Base,Business As Usual,IE,Share|ElectricityHV|ImportsRU,share,0.0,0.0
image,SSP2-Base,Business As Usual,IE,Share|ElectricityHV|ImportsTR,share,0.0,0.0
image,SSP2-Base,Business As Usual,IE,Share|ElectricityHV|ImportsMA,share,0.0,0.0
image,SSP2-Base,Business As Usual,BE,Share|ElectricityHV|ImportsRU,share,0.0,0.0
image,SSP2-Base,Business As Usual,BE,Share|ElectricityHV|ImportsTR,share,0.0,0.0
image,SSP2-Base,Business As Usual,BE,Share|ElectricityHV|ImportsMA,share,0.0,0.0
image,SSP2-Base,Business As Usual,RS,Share|ElectricityHV|ImportsRU,share,0.0,0.0
image,SSP2-Base,Business As Usual,RS,Share|ElectricityHV|ImportsTR,share,0.0,0.0
image,SSP2-Base,Business As Usual,RS,Share|ElectricityHV|ImportsMA,share,0.0,0.0
image,SSP2-Base,Business As Usual,RO,Share|ElectricityHV|ImportsRU,share,0.0,0.0
image,SSP2-Base,Business As Usual,RO,Share|ElectricityHV|ImportsTR,share,0.0,0.0
image,SSP2-Base,Business As Usual,RO,Share|ElectricityHV|ImportsMA,share,0.0,0.0
image,SSP2-Base,Business As Usual,NL,Share|ElectricityHV|ImportsRU,share,0.0,0.0
image,SSP2-Base,Business As Usual,NL,Share|ElectricityHV|ImportsTR,share,0.0,0.0
image,SSP2-Base,Business As Usual,NL,Share|ElectricityHV|ImportsMA,share,0.0,0.0
image,SSP2-Base,Business As Usual,UA,Share|ElectricityHV|ImportsRU,share,0.002109515588050961,0.0023747982305785467
image,SSP2-Base,Business As Usual,UA,Share|ElectricityHV|ImportsTR,share,0.0,0.0
image,SSP2-Base,Business As Usual,UA,Share|ElectricityHV|ImportsMA,share,0.0,0.0
image,SSP2-Base,Business As Usual,PL,Share|ElectricityHV|ImportsRU,share,0.0,0.0
image,SSP2-Base,Business As Usual,PL,Share|ElectricityHV|ImportsTR,share,0.0,0.0
image,SSP2-Base,Business As Usual,PL,Share|ElectricityHV|ImportsMA,share,0.0,0.0
image,SSP2-Base,Business As Usual,FR,Share|ElectricityHV|ImportsRU,share,0.0,0.0
image,SSP2-Base,Business As Usual,FR,Share|ElectricityHV|ImportsTR,share,0.0,0.0
image,SSP2-Base,Business As Usual,FR,Share|ElectricityHV|ImportsMA,share,0.0,0.0
image,SSP2-Base,Business As Usual,GB,Share|ElectricityHV|ImportsRU,share,0.0,0.0
image,SSP2-Base,Business As Usual,GB,Share|ElectricityHV|ImportsTR,share,0.0,0.0
image,SSP2-Base,Business As Usual,GB,Share|ElectricityHV|ImportsMA,share,0.0,0.0
image,SSP2-Base,Business As Usual,NO,Share|ElectricityHV|ImportsRU,share,0.0006430344745164496,0.0006408870702633624
image,SSP2-Base,Business As Usual,NO,Share|ElectricityHV|ImportsTR,share,0.0,0.0
image,SSP2-Base,Business As Usual,NO,Share|ElectricityHV|ImportsMA,share,0.0,0.0
image,SSP2-Base,Business As Usual,CZ,Share|ElectricityHV|ImportsRU,share,0.0,0.0
image,SSP2-Base,Business As Usual,CZ,Share|ElectricityHV|ImportsTR,share,0.0,0.0
image,SSP2-Base,Business As Usual,CZ,Share|ElectricityHV|ImportsMA,share,0.0,0.0
image,SSP2-Base,Business As Usual,MT,Share|ElectricityHV|ImportsRU,share,0.0,0.0
image,SSP2-Base,Business As Usual,MT,Share|ElectricityHV|ImportsTR,share,0.0,0.0
image,SSP2-Base,Business As Usual,MT,Share|ElectricityHV|ImportsMA,share,0.0,0.0
image,SSP2-Base,Business As Usual,DK,Share|ElectricityHV|ImportsRU,share,0.0,0.0
image,SSP2-Base,Business As Usual,DK,Share|ElectricityHV|ImportsTR,share,0.0,0.0
image,SSP2-Base,Business As Usual,DK,Share|ElectricityHV|ImportsMA,share,0.0,0.0
image,SSP2-Base,Business As Usual,IT,Share|ElectricityHV|ImportsRU,share,0.0,0.0
image,SSP2-Base,Business As Usual,IT,Share|ElectricityHV|ImportsTR,share,0.0,0.0
image,SSP2-Base,Business As Usual,IT,Share|ElectricityHV|ImportsMA,share,0.0,0.0
image,SSP2-Base,Business As Usual,LV,Share|ElectricityHV|ImportsRU,share,0.10536782200767086,0.10971784060558706
image,SSP2-Base,Business As Usual,LV,Share|ElectricityHV|ImportsTR,share,0.0,0.0
image,SSP2-Base,Business As Usual,LV,Share|ElectricityHV|ImportsMA,share,0.0,0.0
image,SSP2-Base,Business As Usual,DE,Share|ElectricityHV|ImportsRU,share,0.0,0.0
image,SSP2-Base,Business As Usual,DE,Share|ElectricityHV|ImportsTR,share,0.0,0.0
image,SSP2-Base,Business As Usual,DE,Share|ElectricityHV|ImportsMA,share,0.0,0.0
image,SSP2-Base,Business As Usual,PT,Share|ElectricityHV|ImportsRU,share,0.0,0.0
image,SSP2-Base,Business As Usual,PT,Share|ElectricityHV|ImportsTR,share,0.0,0.0
image,SSP2-Base,Business As Usual,PT,Share|ElectricityHV|ImportsMA,share,0.0,0.0
image,SSP2-Base,Business As Usual,FI,Share|ElectricityHV|ImportsRU,share,0.09756365617460833,0.10048735107686495
image,SSP2-Base,Business As Usual,FI,Share|ElectricityHV|ImportsTR,share,0.0,0.0
image,SSP2-Base,Business As Usual,FI,Share|ElectricityHV|ImportsMA,share,0.0,0.0
image,SSP2-Base,Business As Usual,BY,Share|ElectricityHV|ImportsRU,share,0.07283257158554275,0.07600835219622498
image,SSP2-Base,Business As Usual,BY,Share|ElectricityHV|ImportsTR,share,0.0,0.0
image,SSP2-Base,Business As Usual,BY,Share|ElectricityHV|ImportsMA,share,0.0,0.0
image,SSP2-Base,Business As Usual,GI,Share|ElectricityHV|ImportsRU,share,0.0,0.0
image,SSP2-Base,Business As Usual,GI,Share|ElectricityHV|ImportsTR,share,0.0,0.0
image,SSP2-Base,Business As Usual,GI,Share|ElectricityHV|ImportsMA,share,0.0,0.0
image,SSP2-Base,Business As Usual,AL,Share|ElectricityHV|ImportsRU,share,0.0,0.0
image,SSP2-Base,Business As Usual,AL,Share|ElectricityHV|ImportsTR,share,0.0,0.0
image,SSP2-Base,Business As Usual,AL,Share|ElectricityHV|ImportsMA,share,0.0,0.0
image,SSP2-Base,Business As Usual,HU,Share|ElectricityHV|ImportsRU,share,0.0,0.0
image,SSP2-Base,Business As Usual,HU,Share|ElectricityHV|ImportsTR,share,0.0,0.0
image,SSP2-Base,Business As Usual,HU,Share|ElectricityHV|ImportsMA,share,0.0,0.0
image,SSP2-Base,Business As Usual,CH,Share|ElectricityHV|ImportsRU,share,0.0,0.0
image,SSP2-Base,Business As Usual,CH,Share|ElectricityHV|ImportsTR,share,0.0,0.0
image,SSP2-Base,Business As Usual,CH,Share|ElectricityHV|ImportsMA,share,0.0,0.0
image,SSP2-Base,Business As Usual,AT,Share|Methane|Membrane,share,0.0,0.1
image,SSP2-Base,Business As Usual,AT,Share|Methane|AminoWashing,share,0.0,0.05
image,SSP2-Base,Business As Usual,AT,Share|Methane|AmineScrubbing,share,0.0,0.05
image,SSP2-Base,Business As Usual,AT,Share|Methane|Swing,share,0.0,0.1
image,SSP2-Base,Business As Usual,AT,Share|Methane|SabatierBiological,share,0.0,0.1
image,SSP2-Base,Business As Usual,AT,Share|Methane|SabatierElectrochemical,share,0.0,0.1
image,SSP2-Base,Business As Usual,AT,Share|Methane|FossilOnshore,share,0.0,0.0
image,SSP2-Base,Business As Usual,AT,Share|Methane|FossilOffshore,share,0.0,0.0
image,SSP2-Base,Business As Usual,AT,Share|Methane|ImportGB,share,0.0,0.0
image,SSP2-Base,Business As Usual,AT,Share|Methane|ImportDE,share,0.0029325513196481,0.0014662756598240495
image,SSP2-Base,Business As Usual,AT,Share|Methane|ImportIT,share,0.0,0.0
image,SSP2-Base,Business As Usual,AT,Share|Methane|ImportFR,share,0.0,0.0
image,SSP2-Base,Business As Usual,AT,Share|Methane|ImportFI,share,0.0,0.0
image,SSP2-Base,Business As Usual,AT,Share|Methane|ImportQA,share,0.0,0.0
image,SSP2-Base,Business As Usual,AT,Share|Methane|ImportNO,share,0.200879765395894,0.10043988269794697
image,SSP2-Base,Business As Usual,AT,Share|Methane|ImportBE,share,0.0,0.0
image,SSP2-Base,Business As Usual,AT,Share|Methane|ImportLY,share,0.0,0.0
image,SSP2-Base,Business As Usual,AT,Share|Methane|ImportRU,share,0.79325513196481,0.3966275659824049
image,SSP2-Base,Business As Usual,AT,Share|Methane|ImportDZ,share,0.0,0.0
image,SSP2-Base,Business As Usual,AT,Share|Methane|ImportNL,share,0.0029325513196481,0.0014662756598240495
image,SSP2-Base,Business As Usual,AT,Share|Methane|ImportTR,share,0.0,0.0
image,SSP2-Base,Business As Usual,AT,Share|Methane|ImportUS,share,0.0,0.0
image,SSP2-Base,Business As Usual,AT,Share|Methane|ImportNG,share,0.0,0.0
image,SSP2-Base,Business As Usual,BE,Share|Methane|Membrane,share,0.0,0.0
image,SSP2-Base,Business As Usual,BE,Share|Methane|AminoWashing,share,0.0,0.0
image,SSP2-Base,Business As Usual,BE,Share|Methane|AmineScrubbing,share,0.0,0.0
image,SSP2-Base,Business As Usual,BE,Share|Methane|Swing,share,0.0,0.0
image,SSP2-Base,Business As Usual,BE,Share|Methane|SabatierBiological,share,0.0,0.0
image,SSP2-Base,Business As Usual,BE,Share|Methane|SabatierElectrochemical,share,0.0,0.0
image,SSP2-Base,Business As Usual,BE,Share|Methane|FossilOnshore,share,0.0,0.0
image,SSP2-Base,Business As Usual,BE,Share|Methane|FossilOffshore,share,0.0,0.0
image,SSP2-Base,Business As Usual,BE,Share|Methane|ImportGB,share,0.0,0.0
image,SSP2-Base,Business As Usual,BE,Share|Methane|ImportDE,share,0.0,0.0
image,SSP2-Base,Business As Usual,BE,Share|Methane|ImportIT,share,0.0,0.0
image,SSP2-Base,Business As Usual,BE,Share|Methane|ImportFR,share,0.0,0.0
image,SSP2-Base,Business As Usual,BE,Share|Methane|ImportFI,share,0.0,0.0
image,SSP2-Base,Business As Usual,BE,Share|Methane|ImportQA,share,0.25464,0.25464
image,SSP2-Base,Business As Usual,BE,Share|Methane|ImportNO,share,0.41751,0.41751
image,SSP2-Base,Business As Usual,BE,Share|Methane|ImportBE,share,0.0,0.0
image,SSP2-Base,Business As Usual,BE,Share|Methane|ImportLY,share,0.0,0.0
image,SSP2-Base,Business As Usual,BE,Share|Methane|ImportRU,share,0.15868,0.15868
image,SSP2-Base,Business As Usual,BE,Share|Methane|ImportDZ,share,0.0,0.0
image,SSP2-Base,Business As Usual,BE,Share|Methane|ImportNL,share,0.15015,0.15015
image,SSP2-Base,Business As Usual,BE,Share|Methane|ImportTR,share,0.0,0.0
image,SSP2-Base,Business As Usual,BE,Share|Methane|ImportUS,share,0.019025,0.019025
image,SSP2-Base,Business As Usual,BE,Share|Methane|ImportNG,share,0.0,0.0
image,SSP2-Base,Business As Usual,CH,Share|Methane|Membrane,share,0.0,0.1
image,SSP2-Base,Business As Usual,CH,Share|Methane|AminoWashing,share,0.0,0.05
image,SSP2-Base,Business As Usual,CH,Share|Methane|AmineScrubbing,share,0.0,0.05
image,SSP2-Base,Business As Usual,CH,Share|Methane|Swing,share,0.0,0.1
image,SSP2-Base,Business As Usual,CH,Share|Methane|SabatierBiological,share,0.0,0.1
image,SSP2-Base,Business As Usual,CH,Share|Methane|SabatierElectrochemical,share,0.0,0.1
image,SSP2-Base,Business As Usual,CH,Share|Methane|FossilOnshore,share,0.0,0.0
image,SSP2-Base,Business As Usual,CH,Share|Methane|FossilOffshore,share,0.0,0.0
image,SSP2-Base,Business As Usual,CH,Share|Methane|ImportGB,share,0.0,0.0
image,SSP2-Base,Business As Usual,CH,Share|Methane|ImportDE,share,0.618,0.309
image,SSP2-Base,Business As Usual,CH,Share|Methane|ImportIT,share,0.032,0.016
image,SSP2-Base,Business As Usual,CH,Share|Methane|ImportFR,share,0.331,0.1655
image,SSP2-Base,Business As Usual,CH,Share|Methane|ImportFI,share,0.0,0.0
image,SSP2-Base,Business As Usual,CH,Share|Methane|ImportQA,share,0.0,0.0
image,SSP2-Base,Business As Usual,CH,Share|Methane|ImportNO,share,0.0,0.0
image,SSP2-Base,Business As Usual,CH,Share|Methane|ImportBE,share,0.0,0.0
image,SSP2-Base,Business As Usual,CH,Share|Methane|ImportLY,share,0.0,0.0
image,SSP2-Base,Business As Usual,CH,Share|Methane|ImportRU,share,0.0,0.0
image,SSP2-Base,Business As Usual,CH,Share|Methane|ImportDZ,share,0.0,0.0
image,SSP2-Base,Business As Usual,CH,Share|Methane|ImportNL,share,0.019,0.0095
image,SSP2-Base,Business As Usual,CH,Share|Methane|ImportTR,share,0.0,0.0
image,SSP2-Base,Business As Usual,CH,Share|Methane|ImportUS,share,0.0,0.0
image,SSP2-Base,Business As Usual,CH,Share|Methane|ImportNG,share,0.0,0.0
image,SSP2-Base,Business As Usual,CZ,Share|Methane|Membrane,share,0.0,0.1
image,SSP2-Base,Business As Usual,CZ,Share|Methane|AminoWashing,share,0.0,0.05
image,SSP2-Base,Business As Usual,CZ,Share|Methane|AmineScrubbing,share,0.0,0.05
image,SSP2-Base,Business As Usual,CZ,Share|Methane|Swing,share,0.0,0.1
image,SSP2-Base,Business As Usual,CZ,Share|Methane|SabatierBiological,share,0.0,0.1
image,SSP2-Base,Business As Usual,CZ,Share|Methane|SabatierElectrochemical,share,0.0,0.1
image,SSP2-Base,Business As Usual,CZ,Share|Methane|FossilOnshore,share,0.0,0.0
image,SSP2-Base,Business As Usual,CZ,Share|Methane|FossilOffshore,share,0.0,0.0
image,SSP2-Base,Business As Usual,CZ,Share|Methane|ImportGB,share,0.0,0.0
image,SSP2-Base,Business As Usual,CZ,Share|Methane|ImportDE,share,0.0,0.0
image,SSP2-Base,Business As Usual,CZ,Share|Methane|ImportIT,share,0.0,0.0
image,SSP2-Base,Business As Usual,CZ,Share|Methane|ImportFR,share,0.0,0.0
image,SSP2-Base,Business As Usual,CZ,Share|Methane|ImportFI,share,0.0,0.0
image,SSP2-Base,Business As Usual,CZ,Share|Methane|ImportQA,share,0.0,0.0
image,SSP2-Base,Business As Usual,CZ,Share|Methane|ImportNO,share,0.0,0.0
image,SSP2-Base,Business As Usual,CZ,Share|Methane|ImportBE,share,0.0,0.0
image,SSP2-Base,Business As Usual,CZ,Share|Methane|ImportLY,share,0.0,0.0
image,SSP2-Base,Business As Usual,CZ,Share|Methane|ImportRU,share,1.0,0.5
image,SSP2-Base,Business As Usual,CZ,Share|Methane|ImportDZ,share,0.0,0.0
image,SSP2-Base,Business As Usual,CZ,Share|Methane|ImportNL,share,0.0,0.0
image,SSP2-Base,Business As Usual,CZ,Share|Methane|ImportTR,share,0.0,0.0
image,SSP2-Base,Business As Usual,CZ,Share|Methane|ImportUS,share,0.0,0.0
image,SSP2-Base,Business As Usual,CZ,Share|Methane|ImportNG,share,0.0,0.0
image,SSP2-Base,Business As Usual,DE,Share|Methane|Membrane,share,0.0,0.0
image,SSP2-Base,Business As Usual,DE,Share|Methane|AminoWashing,share,0.0,0.0
image,SSP2-Base,Business As Usual,DE,Share|Methane|AmineScrubbing,share,0.0,0.0
image,SSP2-Base,Business As Usual,DE,Share|Methane|Swing,share,0.0,0.0
image,SSP2-Base,Business As Usual,DE,Share|Methane|SabatierBiological,share,0.0,0.0
image,SSP2-Base,Business As Usual,DE,Share|Methane|SabatierElectrochemical,share,0.0,0.0
image,SSP2-Base,Business As Usual,DE,Share|Methane|FossilOnshore,share,0.02239199377548,0.02239199377548
image,SSP2-Base,Business As Usual,DE,Share|Methane|FossilOffshore,share,0.026164861424519997,0.026164861424519997
image,SSP2-Base,Business As Usual,DE,Share|Methane|ImportGB,share,0.0,0.0
image,SSP2-Base,Business As Usual,DE,Share|Methane|ImportDE,share,0.0,0.0
image,SSP2-Base,Business As Usual,DE,Share|Methane|ImportIT,share,0.0,0.0
image,SSP2-Base,Business As Usual,DE,Share|Methane|ImportFR,share,0.0,0.0
image,SSP2-Base,Business As Usual,DE,Share|Methane|ImportFI,share,0.0,0.0
image,SSP2-Base,Business As Usual,DE,Share|Methane|ImportQA,share,0.0,0.0
image,SSP2-Base,Business As Usual,DE,Share|Methane|ImportNO,share,0.33258,0.33258
image,SSP2-Base,Business As Usual,DE,Share|Methane|ImportBE,share,0.0,0.0
image,SSP2-Base,Business As Usual,DE,Share|Methane|ImportLY,share,0.0,0.0
image,SSP2-Base,Business As Usual,DE,Share|Methane|ImportRU,share,0.53109,0.53109
image,SSP2-Base,Business As Usual,DE,Share|Methane|ImportDZ,share,0.0,0.0
image,SSP2-Base,Business As Usual,DE,Share|Methane|ImportNL,share,0.08778,0.08778
image,SSP2-Base,Business As Usual,DE,Share|Methane|ImportTR,share,0.0,0.0
image,SSP2-Base,Business As Usual,DE,Share|Methane|ImportUS,share,0.0,0.0
image,SSP2-Base,Business As Usual,DE,Share|Methane|ImportNG,share,0.0,0.0
image,SSP2-Base,Business As Usual,DK,Share|Methane|Membrane,share,0.0,0.1
image,SSP2-Base,Business As Usual,DK,Share|Methane|AminoWashing,share,0.0,0.05
image,SSP2-Base,Business As Usual,DK,Share|Methane|AmineScrubbing,share,0.0,0.05
image,SSP2-Base,Business As Usual,DK,Share|Methane|Swing,share,0.0,0.1
image,SSP2-Base,Business As Usual,DK,Share|Methane|SabatierBiological,share,0.0,0.1
image,SSP2-Base,Business As Usual,DK,Share|Methane|SabatierElectrochemical,share,0.0,0.1
image,SSP2-Base,Business As Usual,DK,Share|Methane|FossilOnshore,share,0.0,0.0
image,SSP2-Base,Business As Usual,DK,Share|Methane|FossilOffshore,share,0.0,0.0
image,SSP2-Base,Business As Usual,DK,Share|Methane|ImportGB,share,0.0,0.0
image,SSP2-Base,Business As Usual,DK,Share|Methane|ImportDE,share,0.2312785331602444,0.11570837357443446
image,SSP2-Base,Business As Usual,DK,Share|Methane|ImportIT,share,0.0,0.0
image,SSP2-Base,Business As Usual,DK,Share|Methane|ImportFR,share,0.0,0.0
image,SSP2-Base,Business As Usual,DK,Share|Methane|ImportFI,share,0.0,0.0
image,SSP2-Base,Business As Usual,DK,Share|Methane|ImportQA,share,0.0,0.0
image,SSP2-Base,Business As Usual,DK,Share|Methane|ImportNO,share,0.768124215386145,0.3842916264255655
image,SSP2-Base,Business As Usual,DK,Share|Methane|ImportBE,share,0.0,0.0
image,SSP2-Base,Business As Usual,DK,Share|Methane|ImportLY,share,0.0,0.0
image,SSP2-Base,Business As Usual,DK,Share|Methane|ImportRU,share,0.0,0.0
image,SSP2-Base,Business As Usual,DK,Share|Methane|ImportDZ,share,0.0,0.0
image,SSP2-Base,Business As Usual,DK,Share|Methane|ImportNL,share,0.0,0.0
image,SSP2-Base,Business As Usual,DK,Share|Methane|ImportTR,share,0.0,0.0
image,SSP2-Base,Business As Usual,DK,Share|Methane|ImportUS,share,0.0,0.0
image,SSP2-Base,Business As Usual,DK,Share|Methane|ImportNG,share,0.0,0.0
image,SSP2-Base,Business As Usual,ES,Share|Methane|Membrane,share,0.0,0.1
image,SSP2-Base,Business As Usual,ES,Share|Methane|AminoWashing,share,0.0,0.05
image,SSP2-Base,Business As Usual,ES,Share|Methane|AmineScrubbing,share,0.0,0.05
image,SSP2-Base,Business As Usual,ES,Share|Methane|Swing,share,0.0,0.1
image,SSP2-Base,Business As Usual,ES,Share|Methane|SabatierBiological,share,0.0,0.1
image,SSP2-Base,Business As Usual,ES,Share|Methane|SabatierElectrochemical,share,0.0,0.1
image,SSP2-Base,Business As Usual,ES,Share|Methane|FossilOnshore,share,0.0,0.0
image,SSP2-Base,Business As Usual,ES,Share|Methane|FossilOffshore,share,0.0,0.0
image,SSP2-Base,Business As Usual,ES,Share|Methane|ImportGB,share,0.0,0.0
image,SSP2-Base,Business As Usual,ES,Share|Methane|ImportDE,share,0.0,0.0
image,SSP2-Base,Business As Usual,ES,Share|Methane|ImportIT,share,0.0,0.0
image,SSP2-Base,Business As Usual,ES,Share|Methane|ImportFR,share,0.0,0.0
image,SSP2-Base,Business As Usual,ES,Share|Methane|ImportFI,share,0.0,0.0
image,SSP2-Base,Business As Usual,ES,Share|Methane|ImportQA,share,0.14065,0.070325
image,SSP2-Base,Business As Usual,ES,Share|Methane|ImportNO,share,0.07839,0.039195
image,SSP2-Base,Business As Usual,ES,Share|Methane|ImportBE,share,0.0,0.0
image,SSP2-Base,Business As Usual,ES,Share|Methane|ImportLY,share,0.0,0.0
image,SSP2-Base,Business As Usual,ES,Share|Methane|ImportRU,share,0.10246,0.05123
image,SSP2-Base,Business As Usual,ES,Share|Methane|ImportDZ,share,0.3981,0.19905
image,SSP2-Base,Business As Usual,ES,Share|Methane|ImportNL,share,0.0,0.0
image,SSP2-Base,Business As Usual,ES,Share|Methane|ImportTR,share,0.0,0.0
image,SSP2-Base,Business As Usual,ES,Share|Methane|ImportUS,share,0.14249,0.071245
image,SSP2-Base,Business As Usual,ES,Share|Methane|ImportNG,share,0.13791,0.068955
image,SSP2-Base,Business As Usual,FI,Share|Methane|Membrane,share,0.0,0.0
image,SSP2-Base,Business As Usual,FI,Share|Methane|AminoWashing,share,0.0,0.0
image,SSP2-Base,Business As Usual,FI,Share|Methane|AmineScrubbing,share,0.0,0.0
image,SSP2-Base,Business As Usual,FI,Share|Methane|Swing,share,0.0,0.0
image,SSP2-Base,Business As Usual,FI,Share|Methane|SabatierBiological,share,0.0,0.0
image,SSP2-Base,Business As Usual,FI,Share|Methane|SabatierElectrochemical,share,0.0,0.0
image,SSP2-Base,Business As Usual,FI,Share|Methane|FossilOnshore,share,0.0,0.0
image,SSP2-Base,Business As Usual,FI,Share|Methane|FossilOffshore,share,0.0,0.0
image,SSP2-Base,Business As Usual,FI,Share|Methane|ImportGB,share,0.0,0.0
image,SSP2-Base,Business As Usual,FI,Share|Methane|ImportDE,share,0.0,0.0
image,SSP2-Base,Business As Usual,FI,Share|Methane|ImportIT,share,0.0,0.0
image,SSP2-Base,Business As Usual,FI,Share|Methane|ImportFR,share,0.0,0.0
image,SSP2-Base,Business As Usual,FI,Share|Methane|ImportFI,share,0.0,0.0
image,SSP2-Base,Business As Usual,FI,Share|Methane|ImportQA,share,0.0,0.0
image,SSP2-Base,Business As Usual,FI,Share|Methane|ImportNO,share,0.0,0.0
image,SSP2-Base,Business As Usual,FI,Share|Methane|ImportBE,share,0.0,0.0
image,SSP2-Base,Business As Usual,FI,Share|Methane|ImportLY,share,0.0,0.0
image,SSP2-Base,Business As Usual,FI,Share|Methane|ImportRU,share,1.0,1.0
image,SSP2-Base,Business As Usual,FI,Share|Methane|ImportDZ,share,0.0,0.0
image,SSP2-Base,Business As Usual,FI,Share|Methane|ImportNL,share,0.0,0.0
image,SSP2-Base,Business As Usual,FI,Share|Methane|ImportTR,share,0.0,0.0
image,SSP2-Base,Business As Usual,FI,Share|Methane|ImportUS,share,0.0,0.0
image,SSP2-Base,Business As Usual,FI,Share|Methane|ImportNG,share,0.0,0.0
image,SSP2-Base,Business As Usual,FR,Share|Methane|Membrane,share,0.0,0.0
image,SSP2-Base,Business As Usual,FR,Share|Methane|AminoWashing,share,0.0,0.0
image,SSP2-Base,Business As Usual,FR,Share|Methane|AmineScrubbing,share,0.0,0.0
image,SSP2-Base,Business As Usual,FR,Share|Methane|Swing,share,0.0,0.0
image,SSP2-Base,Business As Usual,FR,Share|Methane|SabatierBiological,share,0.0,0.0
image,SSP2-Base,Business As Usual,FR,Share|Methane|SabatierElectrochemical,share,0.0,0.0
image,SSP2-Base,Business As Usual,FR,Share|Methane|FossilOnshore,share,0.0,0.0
image,SSP2-Base,Business As Usual,FR,Share|Methane|FossilOffshore,share,0.0,0.0
image,SSP2-Base,Business As Usual,FR,Share|Methane|ImportGB,share,0.0,0.0
image,SSP2-Base,Business As Usual,FR,Share|Methane|ImportDE,share,0.0,0.0
image,SSP2-Base,Business As Usual,FR,Share|Methane|ImportIT,share,0.0,0.0
image,SSP2-Base,Business As Usual,FR,Share|Methane|ImportFR,share,0.0,0.0
image,SSP2-Base,Business As Usual,FR,Share|Methane|ImportFI,share,0.0,0.0
image,SSP2-Base,Business As Usual,FR,Share|Methane|ImportQA,share,0.036362,0.036362
image,SSP2-Base,Business As Usual,FR,Share|Methane|ImportNO,share,0.42778,0.42778
image,SSP2-Base,Business As Usual,FR,Share|Methane|ImportBE,share,0.0,0.0
image,SSP2-Base,Business As Usual,FR,Share|Methane|ImportLY,share,0.0,0.0
image,SSP2-Base,Business As Usual,FR,Share|Methane|ImportRU,share,0.29048,0.29048
image,SSP2-Base,Business As Usual,FR,Share|Methane|ImportDZ,share,0.069374,0.069374
image,SSP2-Base,Business As Usual,FR,Share|Methane|ImportNL,share,0.034418,0.034418
image,SSP2-Base,Business As Usual,FR,Share|Methane|ImportTR,share,0.0,0.0
image,SSP2-Base,Business As Usual,FR,Share|Methane|ImportUS,share,0.058443,0.058443
image,SSP2-Base,Business As Usual,FR,Share|Methane|ImportNG,share,0.083135,0.083135
image,SSP2-Base,Business As Usual,GR,Share|Methane|Membrane,share,0.0,0.1
image,SSP2-Base,Business As Usual,GR,Share|Methane|AminoWashing,share,0.0,0.05
image,SSP2-Base,Business As Usual,GR,Share|Methane|AmineScrubbing,share,0.0,0.05
image,SSP2-Base,Business As Usual,GR,Share|Methane|Swing,share,0.0,0.1
image,SSP2-Base,Business As Usual,GR,Share|Methane|SabatierBiological,share,0.0,0.1
image,SSP2-Base,Business As Usual,GR,Share|Methane|SabatierElectrochemical,share,0.0,0.1
image,SSP2-Base,Business As Usual,GR,Share|Methane|FossilOnshore,share,0.0,0.0
image,SSP2-Base,Business As Usual,GR,Share|Methane|FossilOffshore,share,0.0,0.0
image,SSP2-Base,Business As Usual,GR,Share|Methane|ImportGB,share,0.0,0.0
image,SSP2-Base,Business As Usual,GR,Share|Methane|ImportDE,share,0.0,0.0
image,SSP2-Base,Business As Usual,GR,Share|Methane|ImportIT,share,0.0,0.0
image,SSP2-Base,Business As Usual,GR,Share|Methane|ImportFR,share,0.0,0.0
image,SSP2-Base,Business As Usual,GR,Share|Methane|ImportFI,share,0.0,0.0
image,SSP2-Base,Business As Usual,GR,Share|Methane|ImportQA,share,0.1071749322848938,0.0535874661424469
image,SSP2-Base,Business As Usual,GR,Share|Methane|ImportNO,share,0.1140650901540439,0.05703254507702195
image,SSP2-Base,Business As Usual,GR,Share|Methane|ImportBE,share,0.0,0.0
image,SSP2-Base,Business As Usual,GR,Share|Methane|ImportLY,share,0.0,0.0
image,SSP2-Base,Business As Usual,GR,Share|Methane|ImportRU,share,0.3543271355821733,0.17716356779108666
image,SSP2-Base,Business As Usual,GR,Share|Methane|ImportDZ,share,0.1137655820409471,0.05688279102047355
image,SSP2-Base,Business As Usual,GR,Share|Methane|ImportNL,share,0.01751061046899608,0.00875530523449804
image,SSP2-Base,Business As Usual,GR,Share|Methane|ImportTR,share,0.1541518865543137,0.07707594327715685
image,SSP2-Base,Business As Usual,GR,Share|Methane|ImportUS,share,0.04829941395194966,0.02414970697597483
image,SSP2-Base,Business As Usual,GR,Share|Methane|ImportNG,share,0.09070534896268255,0.045352674481341275
image,SSP2-Base,Business As Usual,HU,Share|Methane|Membrane,share,0.0,0.1
image,SSP2-Base,Business As Usual,HU,Share|Methane|AminoWashing,share,0.0,0.05
image,SSP2-Base,Business As Usual,HU,Share|Methane|AmineScrubbing,share,0.0,0.05
image,SSP2-Base,Business As Usual,HU,Share|Methane|Swing,share,0.0,0.1
image,SSP2-Base,Business As Usual,HU,Share|Methane|SabatierBiological,share,0.0,0.1
image,SSP2-Base,Business As Usual,HU,Share|Methane|SabatierElectrochemical,share,0.0,0.1
image,SSP2-Base,Business As Usual,HU,Share|Methane|FossilOnshore,share,0.0,0.0
image,SSP2-Base,Business As Usual,HU,Share|Methane|FossilOffshore,share,0.0,0.0
image,SSP2-Base,Business As Usual,HU,Share|Methane|ImportGB,share,0.0,0.0
image,SSP2-Base,Business As Usual,HU,Share|Methane|ImportDE,share,0.0,0.0
image,SSP2-Base,Business As Usual,HU,Share|Methane|ImportIT,share,0.0,0.0
image,SSP2-Base,Business As Usual,HU,Share|Methane|ImportFR,share,0.0,0.0
image,SSP2-Base,Business As Usual,HU,Share|Methane|ImportFI,share,0.0,0.0
image,SSP2-Base,Business As Usual,HU,Share|Methane|ImportQA,share,0.0,0.0
image,SSP2-Base,Business As Usual,HU,Share|Methane|ImportNO,share,0.0,0.0
image,SSP2-Base,Business As Usual,HU,Share|Methane|ImportBE,share,0.0,0.0
image,SSP2-Base,Business As Usual,HU,Share|Methane|ImportLY,share,0.0,0.0
image,SSP2-Base,Business As Usual,HU,Share|Methane|ImportRU,share,1.0,0.5
image,SSP2-Base,Business As Usual,HU,Share|Methane|ImportDZ,share,0.0,0.0
image,SSP2-Base,Business As Usual,HU,Share|Methane|ImportNL,share,0.0,0.0
image,SSP2-Base,Business As Usual,HU,Share|Methane|ImportTR,share,0.0,0.0
image,SSP2-Base,Business As Usual,HU,Share|Methane|ImportUS,share,0.0,0.0
image,SSP2-Base,Business As Usual,HU,Share|Methane|ImportNG,share,0.0,0.0
image,SSP2-Base,Business As Usual,IE,Share|Methane|Membrane,share,0.0,0.1
image,SSP2-Base,Business As Usual,IE,Share|Methane|AminoWashing,share,0.0,0.05
image,SSP2-Base,Business As Usual,IE,Share|Methane|AmineScrubbing,share,0.0,0.05
image,SSP2-Base,Business As Usual,IE,Share|Methane|Swing,share,0.0,0.1
image,SSP2-Base,Business As Usual,IE,Share|Methane|SabatierBiological,share,0.0,0.1
image,SSP2-Base,Business As Usual,IE,Share|Methane|SabatierElectrochemical,share,0.0,0.1
image,SSP2-Base,Business As Usual,IE,Share|Methane|FossilOnshore,share,0.0,0.0
image,SSP2-Base,Business As Usual,IE,Share|Methane|FossilOffshore,share,0.0,0.0
image,SSP2-Base,Business As Usual,IE,Share|Methane|ImportGB,share,1.0,0.5
image,SSP2-Base,Business As Usual,IE,Share|Methane|ImportDE,share,0.0,0.0
image,SSP2-Base,Business As Usual,IE,Share|Methane|ImportIT,share,0.0,0.0
image,SSP2-Base,Business As Usual,IE,Share|Methane|ImportFR,share,0.0,0.0
image,SSP2-Base,Business As Usual,IE,Share|Methane|ImportFI,share,0.0,0.0
image,SSP2-Base,Business As Usual,IE,Share|Methane|ImportQA,share,0.0,0.0
image,SSP2-Base,Business As Usual,IE,Share|Methane|ImportNO,share,0.0,0.0
image,SSP2-Base,Business As Usual,IE,Share|Methane|ImportBE,share,0.0,0.0
image,SSP2-Base,Business As Usual,IE,Share|Methane|ImportLY,share,0.0,0.0
image,SSP2-Base,Business As Usual,IE,Share|Methane|ImportRU,share,0.0,0.0
image,SSP2-Base,Business As Usual,IE,Share|Methane|ImportDZ,share,0.0,0.0
image,SSP2-Base,Business As Usual,IE,Share|Methane|ImportNL,share,0.0,0.0
image,SSP2-Base,Business As Usual,IE,Share|Methane|ImportTR,share,0.0,0.0
image,SSP2-Base,Business As Usual,IE,Share|Methane|ImportUS,share,0.0,0.0
image,SSP2-Base,Business As Usual,IE,Share|Methane|ImportNG,share,0.0,0.0
image,SSP2-Base,Business As Usual,IT,Share|Methane|Membrane,share,0.0,0.0
image,SSP2-Base,Business As Usual,IT,Share|Methane|AminoWashing,share,0.0,0.0
image,SSP2-Base,Business As Usual,IT,Share|Methane|AmineScrubbing,share,0.0,0.0
image,SSP2-Base,Business As Usual,IT,Share|Methane|Swing,share,0.0,0.0
image,SSP2-Base,Business As Usual,IT,Share|Methane|SabatierBiological,share,0.0,0.0
image,SSP2-Base,Business As Usual,IT,Share|Methane|SabatierElectrochemical,share,0.0,0.0
image,SSP2-Base,Business As Usual,IT,Share|Methane|FossilOnshore,share,0.0,0.0
image,SSP2-Base,Business As Usual,IT,Share|Methane|FossilOffshore,share,0.0,0.0
image,SSP2-Base,Business As Usual,IT,Share|Methane|ImportGB,share,0.0,0.0
image,SSP2-Base,Business As Usual,IT,Share|Methane|ImportDE,share,0.0,0.0
image,SSP2-Base,Business As Usual,IT,Share|Methane|ImportIT,share,0.0,0.0
image,SSP2-Base,Business As Usual,IT,Share|Methane|ImportFR,share,0.0,0.0
image,SSP2-Base,Business As Usual,IT,Share|Methane|ImportFI,share,0.0,0.0
image,SSP2-Base,Business As Usual,IT,Share|Methane|ImportQA,share,0.1258,0.1258
image,SSP2-Base,Business As Usual,IT,Share|Methane|ImportNO,share,0.066803,0.066803
image,SSP2-Base,Business As Usual,IT,Share|Methane|ImportBE,share,0.0,0.0
image,SSP2-Base,Business As Usual,IT,Share|Methane|ImportLY,share,0.10643,0.10643
image,SSP2-Base,Business As Usual,IT,Share|Methane|ImportRU,share,0.40914,0.40914
image,SSP2-Base,Business As Usual,IT,Share|Methane|ImportDZ,share,0.24831,0.24831
image,SSP2-Base,Business As Usual,IT,Share|Methane|ImportNL,share,0.0099062,0.0099062
image,SSP2-Base,Business As Usual,IT,Share|Methane|ImportTR,share,0.0,0.0
image,SSP2-Base,Business As Usual,IT,Share|Methane|ImportUS,share,0.03211,0.03211
image,SSP2-Base,Business As Usual,IT,Share|Methane|ImportNG,share,0.0015121,0.0015121
image,SSP2-Base,Business As Usual,NL,Share|Methane|Membrane,share,0.0,0.0
image,SSP2-Base,Business As Usual,NL,Share|Methane|AminoWashing,share,0.0,0.0
image,SSP2-Base,Business As Usual,NL,Share|Methane|AmineScrubbing,share,0.0,0.0
image,SSP2-Base,Business As Usual,NL,Share|Methane|Swing,share,0.0,0.0
image,SSP2-Base,Business As Usual,NL,Share|Methane|SabatierBiological,share,0.0,0.0
image,SSP2-Base,Business As Usual,NL,Share|Methane|SabatierElectrochemical,share,0.0,0.0
image,SSP2-Base,Business As Usual,NL,Share|Methane|FossilOnshore,share,0.019761976,0.019761976
image,SSP2-Base,Business As Usual,NL,Share|Methane|FossilOffshore,share,0.177857784,0.177857784
image,SSP2-Base,Business As Usual,NL,Share|Methane|ImportGB,share,0.0,0.0
image,SSP2-Base,Business As Usual,NL,Share|Methane|ImportDE,share,0.0,0.0
image,SSP2-Base,Business As Usual,NL,Share|Methane|ImportIT,share,0.0,0.0
image,SSP2-Base,Business As Usual,NL,Share|Methane|ImportFR,share,0.0,0.0
image,SSP2-Base,Business As Usual,NL,Share|Methane|ImportFI,share,0.0,0.0
image,SSP2-Base,Business As Usual,NL,Share|Methane|ImportQA,share,0.0,0.0
image,SSP2-Base,Business As Usual,NL,Share|Methane|ImportNO,share,0.61024,0.61024
image,SSP2-Base,Business As Usual,NL,Share|Methane|ImportBE,share,0.0,0.0
image,SSP2-Base,Business As Usual,NL,Share|Methane|ImportLY,share,0.0,0.0
image,SSP2-Base,Business As Usual,NL,Share|Methane|ImportRU,share,0.19216,0.19216
image,SSP2-Base,Business As Usual,NL,Share|Methane|ImportDZ,share,0.0,0.0
image,SSP2-Base,Business As Usual,NL,Share|Methane|ImportNL,share,0.0,0.0
image,SSP2-Base,Business As Usual,NL,Share|Methane|ImportTR,share,0.0,0.0
image,SSP2-Base,Business As Usual,NL,Share|Methane|ImportUS,share,0.0,0.0
image,SSP2-Base,Business As Usual,NL,Share|Methane|ImportNG,share,0.0,0.0
image,SSP2-Base,Business As Usual,NO,Share|Methane|Membrane,share,0.0,0.0
image,SSP2-Base,Business As Usual,NO,Share|Methane|AminoWashing,share,0.0,0.0
image,SSP2-Base,Business As Usual,NO,Share|Methane|AmineScrubbing,share,0.0,0.0
image,SSP2-Base,Business As Usual,NO,Share|Methane|Swing,share,0.0,0.0
image,SSP2-Base,Business As Usual,NO,Share|Methane|SabatierBiological,share,0.0,0.0
image,SSP2-Base,Business As Usual,NO,Share|Methane|SabatierElectrochemical,share,0.0,0.0
image,SSP2-Base,Business As Usual,NO,Share|Methane|FossilOnshore,share,0.0,0.0
image,SSP2-Base,Business As Usual,NO,Share|Methane|FossilOffshore,share,1.0,1.0
image,SSP2-Base,Business As Usual,NO,Share|Methane|ImportGB,share,0.0,0.0
image,SSP2-Base,Business As Usual,NO,Share|Methane|ImportDE,share,0.0,0.0
image,SSP2-Base,Business As Usual,NO,Share|Methane|ImportIT,share,0.0,0.0
image,SSP2-Base,Business As Usual,NO,Share|Methane|ImportFR,share,0.0,0.0
image,SSP2-Base,Business As Usual,NO,Share|Methane|ImportFI,share,0.0,0.0
image,SSP2-Base,Business As Usual,NO,Share|Methane|ImportQA,share,0.0,0.0
image,SSP2-Base,Business As Usual,NO,Share|Methane|ImportNO,share,0.0,0.0
image,SSP2-Base,Business As Usual,NO,Share|Methane|ImportBE,share,0.0,0.0
image,SSP2-Base,Business As Usual,NO,Share|Methane|ImportLY,share,0.0,0.0
image,SSP2-Base,Business As Usual,NO,Share|Methane|ImportRU,share,0.0,0.0
image,SSP2-Base,Business As Usual,NO,Share|Methane|ImportDZ,share,0.0,0.0
image,SSP2-Base,Business As Usual,NO,Share|Methane|ImportNL,share,0.0,0.0
image,SSP2-Base,Business As Usual,NO,Share|Methane|ImportTR,share,0.0,0.0
image,SSP2-Base,Business As Usual,NO,Share|Methane|ImportUS,share,0.0,0.0
image,SSP2-Base,Business As Usual,NO,Share|Methane|ImportNG,share,0.0,0.0
image,SSP2-Base,Business As Usual,PL,Share|Methane|Membrane,share,0.0,0.1
image,SSP2-Base,Business As Usual,PL,Share|Methane|AminoWashing,share,0.0,0.05
image,SSP2-Base,Business As Usual,PL,Share|Methane|AmineScrubbing,share,0.0,0.05
image,SSP2-Base,Business As Usual,PL,Share|Methane|Swing,share,0.0,0.1
image,SSP2-Base,Business As Usual,PL,Share|Methane|SabatierBiological,share,0.0,0.1
image,SSP2-Base,Business As Usual,PL,Share|Methane|SabatierElectrochemical,share,0.0,0.1
image,SSP2-Base,Business As Usual,PL,Share|Methane|FossilOnshore,share,0.0,0.0
image,SSP2-Base,Business As Usual,PL,Share|Methane|FossilOffshore,share,0.0,0.0
image,SSP2-Base,Business As Usual,PL,Share|Methane|ImportGB,share,0.0,0.0
image,SSP2-Base,Business As Usual,PL,Share|Methane|ImportDE,share,0.424128116551517,0.21206405827575836
image,SSP2-Base,Business As Usual,PL,Share|Methane|ImportIT,share,0.0,0.0
image,SSP2-Base,Business As Usual,PL,Share|Methane|ImportFR,share,0.0,0.0
image,SSP2-Base,Business As Usual,PL,Share|Methane|ImportFI,share,0.0,0.0
image,SSP2-Base,Business As Usual,PL,Share|Methane|ImportQA,share,0.1010672256286113,0.050533612814305615
image,SSP2-Base,Business As Usual,PL,Share|Methane|ImportNO,share,0.008857102468503172,0.004428551234251584
image,SSP2-Base,Business As Usual,PL,Share|Methane|ImportBE,share,0.0,0.0
image,SSP2-Base,Business As Usual,PL,Share|Methane|ImportLY,share,0.0,0.0
image,SSP2-Base,Business As Usual,PL,Share|Methane|ImportRU,share,0.424193009736187,0.21209650486809337
image,SSP2-Base,Business As Usual,PL,Share|Methane|ImportDZ,share,0.0,0.0
image,SSP2-Base,Business As Usual,PL,Share|Methane|ImportNL,share,1.683070344388882e-05,8.415351721944404e-06
image,SSP2-Base,Business As Usual,PL,Share|Methane|ImportTR,share,0.0,0.0
image,SSP2-Base,Business As Usual,PL,Share|Methane|ImportUS,share,0.0417377149117382,0.020868857455869087
image,SSP2-Base,Business As Usual,PL,Share|Methane|ImportNG,share,0.0,0.0
image,SSP2-Base,Business As Usual,RO,Share|Methane|Membrane,share,0.0,0.1
image,SSP2-Base,Business As Usual,RO,Share|Methane|AminoWashing,share,0.0,0.05
image,SSP2-Base,Business As Usual,RO,Share|Methane|AmineScrubbing,share,0.0,0.05
image,SSP2-Base,Business As Usual,RO,Share|Methane|Swing,share,0.0,0.1
image,SSP2-Base,Business As Usual,RO,Share|Methane|SabatierBiological,share,0.0,0.1
image,SSP2-Base,Business As Usual,RO,Share|Methane|SabatierElectrochemical,share,0.0,0.1
image,SSP2-Base,Business As Usual,RO,Share|Methane|FossilOnshore,share,0.5515239803257745,0.0
image,SSP2-Base,Business As Usual,RO,Share|Methane|FossilOffshore,share,0.2363674201396176,0.0
image,SSP2-Base,Business As Usual,RO,Share|Methane|ImportGB,share,0.0,0.0
image,SSP2-Base,Business As Usual,RO,Share|Methane|ImportDE,share,0.0,0.0
image,SSP2-Base,Business As Usual,RO,Share|Methane|ImportIT,share,0.0,0.0
image,SSP2-Base,Business As Usual,RO,Share|Methane|ImportFR,share,0.0,0.0
image,SSP2-Base,Business As Usual,RO,Share|Methane|ImportFI,share,0.0,0.0
image,SSP2-Base,Business As Usual,RO,Share|Methane|ImportQA,share,0.0,0.0
image,SSP2-Base,Business As Usual,RO,Share|Methane|ImportNO,share,0.0,0.0
image,SSP2-Base,Business As Usual,RO,Share|Methane|ImportBE,share,0.0,0.0
image,SSP2-Base,Business As Usual,RO,Share|Methane|ImportLY,share,0.0,0.0
image,SSP2-Base,Business As Usual,RO,Share|Methane|ImportRU,share,0.2121085995346078,0.5
image,SSP2-Base,Business As Usual,RO,Share|Methane|ImportDZ,share,0.0,0.0
image,SSP2-Base,Business As Usual,RO,Share|Methane|ImportNL,share,0.0,0.0
image,SSP2-Base,Business As Usual,RO,Share|Methane|ImportTR,share,0.0,0.0
image,SSP2-Base,Business As Usual,RO,Share|Methane|ImportUS,share,0.0,0.0
image,SSP2-Base,Business As Usual,RO,Share|Methane|ImportNG,share,0.0,0.0
image,SSP2-Base,Business As Usual,SE,Share|Methane|Membrane,share,0.0,0.1
image,SSP2-Base,Business As Usual,SE,Share|Methane|AminoWashing,share,0.0,0.05
image,SSP2-Base,Business As Usual,SE,Share|Methane|AmineScrubbing,share,0.0,0.05
image,SSP2-Base,Business As Usual,SE,Share|Methane|Swing,share,0.0,0.1
image,SSP2-Base,Business As Usual,SE,Share|Methane|SabatierBiological,share,0.0,0.1
image,SSP2-Base,Business As Usual,SE,Share|Methane|SabatierElectrochemical,share,0.0,0.1
image,SSP2-Base,Business As Usual,SE,Share|Methane|FossilOnshore,share,0.0,0.0
image,SSP2-Base,Business As Usual,SE,Share|Methane|FossilOffshore,share,0.0,0.0
image,SSP2-Base,Business As Usual,SE,Share|Methane|ImportGB,share,0.0,0.0
image,SSP2-Base,Business As Usual,SE,Share|Methane|ImportDE,share,0.0,0.0
image,SSP2-Base,Business As Usual,SE,Share|Methane|ImportIT,share,0.0,0.0
image,SSP2-Base,Business As Usual,SE,Share|Methane|ImportFR,share,0.0,0.0
image,SSP2-Base,Business As Usual,SE,Share|Methane|ImportFI,share,0.01778356901862022,0.00889178450931011
image,SSP2-Base,Business As Usual,SE,Share|Methane|ImportQA,share,0.0,0.0
image,SSP2-Base,Business As Usual,SE,Share|Methane|ImportNO,share,0.8674707195302688,0.4337353597651344
image,SSP2-Base,Business As Usual,SE,Share|Methane|ImportBE,share,0.0689050880321998,0.0344525440160999
image,SSP2-Base,Business As Usual,SE,Share|Methane|ImportLY,share,0.0,0.0
image,SSP2-Base,Business As Usual,SE,Share|Methane|ImportRU,share,0.0,0.0
image,SSP2-Base,Business As Usual,SE,Share|Methane|ImportDZ,share,0.0,0.0
image,SSP2-Base,Business As Usual,SE,Share|Methane|ImportNL,share,0.04584062341891117,0.022920311709455583
image,SSP2-Base,Business As Usual,SE,Share|Methane|ImportTR,share,0.0,0.0
image,SSP2-Base,Business As Usual,SE,Share|Methane|ImportUS,share,0.0,0.0
image,SSP2-Base,Business As Usual,SE,Share|Methane|ImportNG,share,0.0,0.0
image,SSP2-Base,Business As Usual,SK,Share|Methane|Membrane,share,0.0,0.1
image,SSP2-Base,Business As Usual,SK,Share|Methane|AminoWashing,share,0.0,0.05
image,SSP2-Base,Business As Usual,SK,Share|Methane|AmineScrubbing,share,0.0,0.05
image,SSP2-Base,Business As Usual,SK,Share|Methane|Swing,share,0.0,0.1
image,SSP2-Base,Business As Usual,SK,Share|Methane|SabatierBiological,share,0.0,0.1
image,SSP2-Base,Business As Usual,SK,Share|Methane|SabatierElectrochemical,share,0.0,0.1
image,SSP2-Base,Business As Usual,SK,Share|Methane|FossilOnshore,share,0.0,0.0
image,SSP2-Base,Business As Usual,SK,Share|Methane|FossilOffshore,share,0.0,0.0
image,SSP2-Base,Business As Usual,SK,Share|Methane|ImportGB,share,0.0,0.0
image,SSP2-Base,Business As Usual,SK,Share|Methane|ImportDE,share,0.0,0.0
image,SSP2-Base,Business As Usual,SK,Share|Methane|ImportIT,share,0.0,0.0
image,SSP2-Base,Business As Usual,SK,Share|Methane|ImportFR,share,0.0,0.0
image,SSP2-Base,Business As Usual,SK,Share|Methane|ImportFI,share,0.0,0.0
image,SSP2-Base,Business As Usual,SK,Share|Methane|ImportQA,share,0.0,0.0
image,SSP2-Base,Business As Usual,SK,Share|Methane|ImportNO,share,0.0,0.0
image,SSP2-Base,Business As Usual,SK,Share|Methane|ImportBE,share,0.0,0.0
image,SSP2-Base,Business As Usual,SK,Share|Methane|ImportLY,share,0.0,0.0
image,SSP2-Base,Business As Usual,SK,Share|Methane|ImportRU,share,1.0,0.5
image,SSP2-Base,Business As Usual,SK,Share|Methane|ImportDZ,share,0.0,0.0
image,SSP2-Base,Business As Usual,SK,Share|Methane|ImportNL,share,0.0,0.0
image,SSP2-Base,Business As Usual,SK,Share|Methane|ImportTR,share,0.0,0.0
image,SSP2-Base,Business As Usual,SK,Share|Methane|ImportUS,share,0.0,0.0
image,SSP2-Base,Business As Usual,SK,Share|Methane|ImportNG,share,0.0,0.0
image,SSP2-Base,Business As Usual,RoE,Share|Methane|Membrane,share,0.0,0.1
image,SSP2-Base,Business As Usual,RoE,Share|Methane|AminoWashing,share,0.0,0.05
image,SSP2-Base,Business As Usual,RoE,Share|Methane|AmineScrubbing,share,0.0,0.05
image,SSP2-Base,Business As Usual,RoE,Share|Methane|Swing,share,0.0,0.1
image,SSP2-Base,Business As Usual,RoE,Share|Methane|SabatierBiological,share,0.0,0.1
image,SSP2-Base,Business As Usual,RoE,Share|Methane|SabatierElectrochemical,share,0.0,0.1
image,SSP2-Base,Business As Usual,RoE,Share|Methane|FossilOnshore,share,0.0,0.0
image,SSP2-Base,Business As Usual,RoE,Share|Methane|FossilOffshore,share,0.0,0.0
image,SSP2-Base,Business As Usual,RoE,Share|Methane|ImportGB,share,0.0,0.0
image,SSP2-Base,Business As Usual,RoE,Share|Methane|ImportDE,share,0.0,0.0
image,SSP2-Base,Business As Usual,RoE,Share|Methane|ImportIT,share,0.0,0.0
image,SSP2-Base,Business As Usual,RoE,Share|Methane|ImportFR,share,0.0,0.0
image,SSP2-Base,Business As Usual,RoE,Share|Methane|ImportFI,share,0.0,0.0
image,SSP2-Base,Business As Usual,RoE,Share|Methane|ImportQA,share,0.01761574906023203,0.008807874530116016
image,SSP2-Base,Business As Usual,RoE,Share|Methane|ImportNO,share,0.04394214852287122,0.02197107426143561
image,SSP2-Base,Business As Usual,RoE,Share|Methane|ImportBE,share,0.0,0.0
image,SSP2-Base,Business As Usual,RoE,Share|Methane|ImportLY,share,0.0,0.0
image,SSP2-Base,Business As Usual,RoE,Share|Methane|ImportRU,share,0.5722006939242938,0.2861003469621469
image,SSP2-Base,Business As Usual,RoE,Share|Methane|ImportDZ,share,0.012415879428528759,0.006207939714264379
image,SSP2-Base,Business As Usual,RoE,Share|Methane|ImportNL,share,0.16389689129832463,0.08194844564916232
image,SSP2-Base,Business As Usual,RoE,Share|Methane|ImportTR,share,0.0,0.0
image,SSP2-Base,Business As Usual,RoE,Share|Methane|ImportUS,share,0.08955265917987966,0.04477632958993983
image,SSP2-Base,Business As Usual,RoE,Share|Methane|ImportNG,share,0.1003759785858699,0.05018798929293495
image,SSP2-Base,Business As Usual,GB,Share|Methane|Membrane,share,0.0,0.0
image,SSP2-Base,Business As Usual,GB,Share|Methane|AminoWashing,share,0.0,0.0
image,SSP2-Base,Business As Usual,GB,Share|Methane|AmineScrubbing,share,0.0,0.0
image,SSP2-Base,Business As Usual,GB,Share|Methane|Swing,share,0.0,0.0
image,SSP2-Base,Business As Usual,GB,Share|Methane|SabatierBiological,share,0.0,0.0
image,SSP2-Base,Business As Usual,GB,Share|Methane|SabatierElectrochemical,share,0.0,0.0
image,SSP2-Base,Business As Usual,GB,Share|Methane|FossilOnshore,share,0.0089258925,0.0089258925
image,SSP2-Base,Business As Usual,GB,Share|Methane|FossilOffshore,share,0.43736873249999997,0.43736873249999997
image,SSP2-Base,Business As Usual,GB,Share|Methane|ImportGB,share,0.0,0.0
image,SSP2-Base,Business As Usual,GB,Share|Methane|ImportDE,share,0.0,0.0
image,SSP2-Base,Business As Usual,GB,Share|Methane|ImportIT,share,0.0,0.0
image,SSP2-Base,Business As Usual,GB,Share|Methane|ImportFR,share,0.0,0.0
image,SSP2-Base,Business As Usual,GB,Share|Methane|ImportFI,share,0.0,0.0
image,SSP2-Base,Business As Usual,GB,Share|Methane|ImportQA,share,0.098983,0.098983
image,SSP2-Base,Business As Usual,GB,Share|Methane|ImportNO,share,0.31023,0.31023
image,SSP2-Base,Business As Usual,GB,Share|Methane|ImportBE,share,0.0,0.0
image,SSP2-Base,Business As Usual,GB,Share|Methane|ImportLY,share,0.0,0.0
image,SSP2-Base,Business As Usual,GB,Share|Methane|ImportRU,share,0.089393,0.089393
image,SSP2-Base,Business As Usual,GB,Share|Methane|ImportDZ,share,0.010945,0.010945
image,SSP2-Base,Business As Usual,GB,Share|Methane|ImportNL,share,0.0073434,0.0073434
image,SSP2-Base,Business As Usual,GB,Share|Methane|ImportTR,share,0.0,0.0
image,SSP2-Base,Business As Usual,GB,Share|Methane|ImportUS,share,0.033088,0.033088
image,SSP2-Base,Business As Usual,GB,Share|Methane|ImportNG,share,0.0037697,0.0037697
image,SSP2-Base,Business As Usual,Europe without Switzerland,Share|HeatSmall|Biomass,share,0.31,0.31
image,SSP2-Base,Business As Usual,Europe without Switzerland,Share|HeatSmall|HeatPump,share,0.17,0.37
image,SSP2-Base,Business As Usual,Europe without Switzerland,Share|HeatSmall|Methane,share,0.37,0.17
image,SSP2-Base,Business As Usual,Europe without Switzerland,Share|HeatSmall|Coal,share,0.04,0.04
image,SSP2-Base,Business As Usual,Europe without Switzerland,Share|HeatSmall|Oil,share,0.11,0.11
image,SSP2-Base,Business As Usual,Europe without Switzerland,Share|HeatIndustrial|Methane,share,0.505,0.305
image,SSP2-Base,Business As Usual,Europe without Switzerland,Share|HeatIndustrial|CoalFurnace,share,0.09,0.09
image,SSP2-Base,Business As Usual,Europe without Switzerland,Share|HeatIndustrial|OilFurnace,share,0.18,0.18
image,SSP2-Base,Business As Usual,Europe without Switzerland,Share|HeatIndustrial|CoalCogeneration,share,0.007,0.007
image,SSP2-Base,Business As Usual,Europe without Switzerland,Share|HeatIndustrial|OilCogeneration,share,0.004,0.004
image,SSP2-Base,Business As Usual,Europe without Switzerland,Share|HeatIndustrial|Waste,share,0.034,0.034
image,SSP2-Base,Business As Usual,Europe without Switzerland,Share|HeatIndustrial|Biomass,share,0.181,0.381
image,SSP2-Base,Business As Usual,Europe without Switzerland,Share|HeatIndustrial|Geothermal,share,0.0,0.0
image,SSP2-Base,Business As Usual,"Europe, without Russia and Turkey",Share|Coal|HardCoal,share,0.285594279842017,0.285594279842017
image,SSP2-Base,Business As Usual,"Europe, without Russia and Turkey",Share|Coal|HardCoalImportsRU,share,0.246530234668224,0.246530234668224
image,SSP2-Base,Business As Usual,"Europe, without Russia and Turkey",Share|Coal|HardCoalImportsRLA,share,0.189083109412646,0.189083109412646
image,SSP2-Base,Business As Usual,"Europe, without Russia and Turkey",Share|Coal|HardCoalImportsRNA,share,0.117520404808554,0.117520404808554
image,SSP2-Base,Business As Usual,"Europe, without Russia and Turkey",Share|Coal|HardCoalImportsAU,share,0.0741790108228743,0.0741790108228743
image,SSP2-Base,Business As Usual,"Europe, without Russia and Turkey",Share|Coal|HardCoalImportsZA,share,0.0588946286773751,0.0588946286773751
image,SSP2-Base,Business As Usual,"Europe, without Russia and Turkey",Share|Coal|HardCoalImportsID,share,0.0281983317683095,0.0281983317683095
image,SSP2-Base,Business As Usual,"Europe, without Russia and Turkey",Share|Coal|Charcoal,share,0.0,0.0
image,SSP2-Base,Business As Usual,RER,Share|Lignite|Lignite,share,1.0,1.0
image,SSP2-Base,Business As Usual,RER,Share|Lignite|Charcoal,share,0.0,0.0
