model,pathway,scenario,region,variable,unit,value_2020,value_2050
image,SSP2-Base,Business As Usual,RER,Share|Biomass|Residues,share,0.40489857104735794,0.5360434144463667
image,SSP2-Base,Business As Usual,RER,Share|Biomass|Wood,share,0.5951014289526421,0.4639565855536332
image,SSP2-Base,Business As Usual,RER,Share|H2|Wood|CCS,share,0.18117471975840493,0.08504208843457495
image,SSP2-Base,Business As Usual,RER,Share|H2|Wood|NoCCS,share,0.08850635887926016,0.22399092811637106
image,SSP2-Base,Business As Usual,RER,Share|H2|SteamReforming,share,0.12877093263188744,0.2016971736289678
image,SSP2-Base,Business As Usual,RER,Share|H2|AutothermalReforming,share,0.11792552674284461,0.0768301851547795
image,SSP2-Base,Business As Usual,RER,Share|H2|Coal|CCS,share,0.18104023047470036,0.24052967407678136
image,SSP2-Base,Business As Usual,RER,Share|H2|Coal|NoCCS,share,0.06820258728858081,0.12098600279622013
image,SSP2-Base,Business As Usual,RER,Share|H2|Electrolysis,share,0.23437964422432178,0.05092394779230512
image,SSP2-Base,Business As Usual,RER,Share|Methanol|H2,share,0.7416727190313618,0.21775999369405016
image,SSP2-Base,Business As Usual,RER,Share|Methanol|Biomass,share,0.08283401156056334,0.4213889236608883
image,SSP2-Base,Business As Usual,RER,Share|Methanol|NatGas,share,0.1754932694080748,0.3608510826450615
image,SSP2-Base,Business As Usual,RER,Share|Kerosene|H2,share,0.42090235220563016,0.01319509442393359
image,SSP2-Base,Business As Usual,RER,Share|Kerosene|Methanol,share,0.04118551413569262,0.19572268416497948
image,SSP2-Base,Business As Usual,RER,Share|Kerosene|Biomass,share,0.18880240304460616,0.3185030158735905
image,SSP2-Base,Business As Usual,RER,Share|Kerosene|NatGas,share,0.23700995751080894,0.11421707633410436
image,SSP2-Base,Business As Usual,RER,Share|Kerosene|Oil,share,0.11209977310326202,0.3583621292033919
image,SSP2-Base,Business As Usual,RER,Share|Diesel|H2,share,0.04494032671522082,0.33539903333868953
image,SSP2-Base,Business As Usual,RER,Share|Diesel|Methanol,share,0.08017209130515375,0.146839251393571
image,SSP2-Base,Business As Usual,RER,Share|Diesel|Biomass,share,0.2832532058244022,0.045770591667438784
image,SSP2-Base,Business As Usual,RER,Share|Diesel|NatGas,share,0.15376516278349375,0.12946126075581568
image,SSP2-Base,Business As Usual,RER,Share|Diesel|Oil,share,0.4378692133717294,0.342529862844485
image,SSP2-Base,Business As Usual,RER,Share|LiquefiedPetroleumGas|H2,share,0.4588753271331844,0.3358142410184617
image,SSP2-Base,Business As Usual,RER,Share|LiquefiedPetroleumGas|Methanol,share,0.15661275005267367,0.34446706163297935
image,SSP2-Base,Business As Usual,RER,Share|LiquefiedPetroleumGas|NatGas,share,0.019534909940215048,0.1618184578711726
image,SSP2-Base,Business As Usual,RER,Share|LiquefiedPetroleumGas|Oil,share,0.3649770128739268,0.15790023947738643
image,SSP2-Base,Business As Usual,CH,Share|Biogas|Biowaste,share,0.4067015550961635,0.19472514894252888
image,SSP2-Base,Business As Usual,CH,Share|Biogas|Sewage,share,0.28952693273269176,0.569692270228204
image,SSP2-Base,Business As Usual,CH,Share|Biogas|Manure,share,0.09763521848541605,0.04317578807791041
image,SSP2-Base,Business As Usual,CH,Share|Biogas|Grass,share,0.20613629368572864,0.1924067927513567
image,SSP2-Base,Business As Usual,RER,Share|Methane|Membrane,share,0.24806116701929526,0.16018636024794716
image,SSP2-Base,Business As Usual,RER,Share|Methane|AminoWashing,share,0.393219282820629,0.5579323972677688
image,SSP2-Base,Business As Usual,RER,Share|Methane|AmineScrubbing,share,0.05639047821901801,0.1755095505883297
image,SSP2-Base,Business As Usual,RER,Share|Methane|Swing,share,0.07674847084118798,0.0025191229989031776
image,SSP2-Base,Business As Usual,RER,Share|Methane|SabatierBiological,share,0.21078370730895024,0.04497067897916419
image,SSP2-Base,Business As Usual,RER,Share|Methane|SabatierElectrochemical,share,0.014796893790919509,0.05888188991788692
image,SSP2-Base,Business As Usual,RER,Share|CO2|DAC|Solvent,share,0.45579611450873636,0.05524474037808321
image,SSP2-Base,Business As Usual,RER,Share|CO2|DAC|Sorbent,share,0.15303316509483128,0.02934743543376949
image,SSP2-Base,Business As Usual,RER,Share|CO2|Cement|Direct,share,0.014586628335370656,0.4917375068778468
image,SSP2-Base,Business As Usual,RER,Share|CO2|Cement|Oxyfuel,share,0.17093707073566744,0.20412484612737275
image,SSP2-Base,Business As Usual,RER,Share|CO2|Cement|Monoethanolamine,share,0.2056470213253945,0.2195454711829278
image,SSP2-Base,Business As Usual,RER,Share|LubricatingOil|H2,share,0.44106662060403157,0.03884996147686756
image,SSP2-Base,Business As Usual,RER,Share|LubricatingOil|NatGas,share,0.24465166026661803,0.7724576409499
image,SSP2-Base,Business As Usual,RER,Share|LubricatingOil|Oil,share,0.3142817191293504,0.18869239757323236
image,SSP2-Base,Business As Usual,ES,Share|ElectricityHV|Coal,share,0.03391999691811183,0.031352382559700444
image,SSP2-Base,Business As Usual,ES,Share|ElectricityHV|CombinedCycle,share,0.14633749616882472,0.02870394796863692
image,SSP2-Base,Business As Usual,ES,Share|ElectricityHV|GasTurbine,share,0.1406281534513672,0.179315421478274
image,SSP2-Base,Business As Usual,ES,Share|ElectricityHV|CogenerationGas,share,0.07710799125193485,0.008737651466150995
image,SSP2-Base,Business As Usual,ES,Share|ElectricityHV|Nuclear,share,0.0411740858532001,0.0028133772566471295
image,SSP2-Base,Business As Usual,ES,Share|ElectricityHV|Oil,share,0.05830187685128834,0.03596565571654692
image,SSP2-Base,Business As Usual,ES,Share|ElectricityHV|Geothermal,share,0.04556204388531101,0.010525318996367926
image,SSP2-Base,Business As Usual,ES,Share|ElectricityHV|HydroRunofRiver,share,0.0007785233624788196,0.006204686989000423
image,SSP2-Base,Business As Usual,ES,Share|ElectricityHV|HydroReservoir,share,0.014083871221804234,0.15003007146575975
image,SSP2-Base,Business As Usual,ES,Share|ElectricityHV|Biomass,share,0.01334052401171493,0.008422342394525247
image,SSP2-Base,Business As Usual,ES,Share|ElectricityHV|Biogas,share,0.09695194233903527,0.0013280874717735147
image,SSP2-Base,Business As Usual,ES,Share|ElectricityHV|WindOnshore,share,0.04277869774884043,0.14279239200760577
image,SSP2-Base,Business As Usual,ES,Share|ElectricityHV|WindOffshore,share,0.06714847497397967,0.005842255745211392
image,SSP2-Base,Business As Usual,ES,Share|ElectricityHV|SolarThermal,share,0.02847192701349295,0.2215149292823607
image,SSP2-Base,Business As Usual,ES,Share|ElectricityHV|SolarPVOpen,share,0.07023979620120688,0.017067694274216286
image,SSP2-Base,Business As Usual,ES,Share|ElectricityHV|Hydrogen,share,0.03490334729444242,0.11069189499970332
image,SSP2-Base,Business As Usual,ES,Share|ElectricityHV|BatteryHydro,share,0.03222259212190983,0.019798556315216122
image,SSP2-Base,Business As Usual,ES,Share|ElectricityHV|ImportsES,share,0.0,0.0
image,SSP2-Base,Business As Usual,ES,Share|ElectricityHV|ImportsBG,share,0.029162766795619025,0.008873529675360613
image,SSP2-Base,Business As Usual,ES,Share|ElectricityHV|ImportsSE,share,0.0,0.0
image,SSP2-Base,Business As Usual,ES,Share|ElectricityHV|ImportsAT,share,0.0,0.0
image,SSP2-Base,Business As Usual,ES,Share|ElectricityHV|ImportsMK,share,0.0,0.0
image,SSP2-Base,Business As Usual,ES,Share|ElectricityHV|ImportsMD,share,0.0,0.0
image,SSP2-Base,Business As Usual,ES,Share|ElectricityHV|ImportsHR,share,0.0,0.0
image,SSP2-Base,Business As Usual,ES,Share|ElectricityHV|ImportsXK,share,0.0,0.0
image,SSP2-Base,Business As Usual,ES,Share|ElectricityHV|ImportsLU,share,0.0,0.0
image,SSP2-Base,Business As Usual,ES,Share|ElectricityHV|ImportsGR,share,0.0,0.0
image,SSP2-Base,Business As Usual,ES,Share|ElectricityHV|ImportsIS,share,0.0,0.0
image,SSP2-Base,Business As Usual,ES,Share|ElectricityHV|ImportsBA,share,0.0,0.0
image,SSP2-Base,Business As Usual,ES,Share|ElectricityHV|ImportsEE,share,0.0,0.0
image,SSP2-Base,Business As Usual,ES,Share|ElectricityHV|ImportsSK,share,0.016774159662240426,0.008833492536824254
image,SSP2-Base,Business As Usual,ES,Share|ElectricityHV|ImportsME,share,0.0,0.0
image,SSP2-Base,Business As Usual,ES,Share|ElectricityHV|ImportsLT,share,0.0,0.0
image,SSP2-Base,Business As Usual,ES,Share|ElectricityHV|ImportsSI,share,0.0,0.0
image,SSP2-Base,Business As Usual,ES,Share|ElectricityHV|ImportsIE,share,0.0,0.0
image,SSP2-Base,Business As Usual,ES,Share|ElectricityHV|ImportsBE,share,0.010111732873197062,0.0011863114001181918
image,SSP2-Base,Business As Usual,ES,Share|ElectricityHV|ImportsRS,share,0.0,0.0
image,SSP2-Base,Business As Usual,ES,Share|ElectricityHV|ImportsRO,share,0.0,0.0
image,SSP2-Base,Business As Usual,ES,Share|ElectricityHV|ImportsNL,share,0.0,0.0
image,SSP2-Base,Business As Usual,ES,Share|ElectricityHV|ImportsUA,share,0.0,0.0
image,SSP2-Base,Business As Usual,ES,Share|ElectricityHV|ImportsPL,share,0.0,0.0
image,SSP2-Base,Business As Usual,ES,Share|ElectricityHV|ImportsFR,share,0.0,0.0
image,SSP2-Base,Business As Usual,ES,Share|ElectricityHV|ImportsGB,share,0.0,0.0
image,SSP2-Base,Business As Usual,ES,Share|ElectricityHV|ImportsNO,share,0.0,0.0
image,SSP2-Base,Business As Usual,ES,Share|ElectricityHV|ImportsCZ,share,0.0,0.0
image,SSP2-Base,Business As Usual,ES,Share|ElectricityHV|ImportsMT,share,0.0,0.0
image,SSP2-Base,Business As Usual,ES,Share|ElectricityHV|ImportsDK,share,0.0,0.0
image,SSP2-Base,Business As Usual,ES,Share|ElectricityHV|ImportsIT,share,0.0,0.0
image,SSP2-Base,Business As Usual,ES,Share|ElectricityHV|ImportsLV,share,0.0,0.0
image,SSP2-Base,Business As Usual,ES,Share|ElectricityHV|ImportsDE,share,0.0,0.0
image,SSP2-Base,Business As Usual,ES,Share|ElectricityHV|ImportsPT,share,0.0,0.0
image,SSP2-Base,Business As Usual,ES,Share|ElectricityHV|ImportsFI,share,0.0,0.0
image,SSP2-Base,Business As Usual,ES,Share|ElectricityHV|ImportsBY,share,0.0,0.0
image,SSP2-Base,Business As Usual,ES,Share|ElectricityHV|ImportsGI,share,0.0,0.0
image,SSP2-Base,Business As Usual,ES,Share|ElectricityHV|ImportsAL,share,0.0,0.0
image,SSP2-Base,Business As Usual,ES,Share|ElectricityHV|ImportsHU,share,0.0,0.0
image,SSP2-Base,Business As Usual,ES,Share|ElectricityHV|ImportsCH,share,0.0,0.0
image,SSP2-Base,Business As Usual,ES,Share|ElectricityMV|TransformationHVMV,share,0.47141665573330793,0.3160621089850595
image,SSP2-Base,Business As Usual,ES,Share|ElectricityMV|SolarPVRoofCommercial,share,0.2784838700342556,0.3892237571512575
image,SSP2-Base,Business As Usual,ES,Share|ElectricityMV|Waste,share,0.2500994742324365,0.29471413386368295
image,SSP2-Base,Business As Usual,ES,Share|ElectricityLV|TransformationMVLV,share,0.4362075135291419,0.6680942771605723
image,SSP2-Base,Business As Usual,ES,Share|ElectricityLV|BatteryChemical,share,0.18711881205025122,0.08345373820459234
image,SSP2-Base,Business As Usual,ES,Share|ElectricityLV|SolarPVRoofResidential,share,0.3766736744206069,0.24845198463483537
image,SSP2-Base,Business As Usual,BG,Share|ElectricityHV|Coal,share,0.019283383588468053,0.04072289918957995
image,SSP2-Base,Business As Usual,BG,Share|ElectricityHV|CombinedCycle,share,0.02022824446384009,0.07720403698516694
image,SSP2-Base,Business As Usual,BG,Share|ElectricityHV|GasTurbine,share,0.09562380048219443,0.07589813641471406
image,SSP2-Base,Business As Usual,BG,Share|ElectricityHV|CogenerationGas,share,0.020591687188494395,0.035139065350490654
image,SSP2-Base,Business As Usual,BG,Share|ElectricityHV|Nuclear,share,0.03634106199952112,0.02041548892407485
image,SSP2-Base,Business As Usual,BG,Share|ElectricityHV|Oil,share,0.001371666504477781,0.0700309956817705
image,SSP2-Base,Business As Usual,BG,Share|ElectricityHV|Geothermal,share,0.11388931325853478,0.009769817115644203
image,SSP2-Base,Business As Usual,BG,Share|ElectricityHV|HydroRunofRiver,share,0.06029342926512615,0.006794687802939655
image,SSP2-Base,Business As Usual,BG,Share|ElectricityHV|HydroReservoir,share,0.02513190647678404,0.051926365362369636
image,SSP2-Base,Business As Usual,BG,Share|ElectricityHV|Biomass,share,0.01832161904692171,0.0682835788326385
image,SSP2-Base,Business As Usual,BG,Share|ElectricityHV|Biogas,share,0.04742705144439675,0.051543851424080134
image,SSP2-Base,Business As Usual,BG,Share|ElectricityHV|WindOnshore,share,0.07717334858241104,0.05720756586008223
image,SSP2-Base,Business As Usual,BG,Share|ElectricityHV|WindOffshore,share,0.11514747545532529,0.06721394545473129
image,SSP2-Base,Business As Usual,BG,Share|ElectricityHV|SolarThermal,share,0.05853790345953922,0.13495203580860837
image,SSP2-Base,Business As Usual,BG,Share|ElectricityHV|SolarPVOpen,share,0.028829191186103106,0.08363031664094565
image,SSP2-Base,Business As Usual,BG,Share|ElectricityHV|Hydrogen,share,0.06673042660589547,0.08138813115356937
image,SSP2-Base,Business As Usual,BG,Share|ElectricityHV|BatteryHydro,share,0.056352210639257286,0.0480564536826188
image,SSP2-Base,Business As Usual,BG,Share|ElectricityHV|ImportsES,share,0.0,0.0
image,SSP2-Base,Business As Usual,BG,Share|ElectricityHV|ImportsBG,share,0.0,0.0
image,SSP2-Base,Business As Usual,BG,Share|ElectricityHV|ImportsSE,share,0.0,0.0
image,SSP2-Base,Business As Usual,BG,Share|ElectricityHV|ImportsAT,share,0.0,0.0
image,SSP2-Base,Business As Usual,BG,Share|ElectricityHV|ImportsMK,share,0.009458561398647782,0.010034710848074436
image,SSP2-Base,Business As Usual,BG,Share|ElectricityHV|ImportsMD,share,0.0,0.0
image,SSP2-Base,Business As Usual,BG,Share|ElectricityHV|ImportsHR,share,0.0,0.0
image,SSP2-Base,Business As Usual,BG,Share|ElectricityHV|ImportsXK,share,0.0,0.0
image,SSP2-Base,Business As Usual,BG,Share|ElectricityHV|ImportsLU,share,0.0,0.0
image,SSP2-Base,Business As Usual,BG,Share|ElectricityHV|ImportsGR,share,0.0,0.0
image,SSP2-Base,Business As Usual,BG,Share|ElectricityHV|ImportsIS,share,0.0,0.0
image,SSP2-Base,Business As Usual,BG,Share|ElectricityHV|ImportsBA,share,0.0,0.0
image,SSP2-Base,Business As Usual,BG,Share|ElectricityHV|ImportsEE,share,0.0,0.0
image,SSP2-Base,Business As Usual,BG,Share|ElectricityHV|ImportsSK,share,0.0,0.0
image,SSP2-Base,Business As Usual,BG,Share|ElectricityHV|ImportsME,share,0.0,0.0
image,SSP2-Base,Business As Usual,BG,Share|ElectricityHV|ImportsLT,share,0.0,0.0
image,SSP2-Base,Business As Usual,BG,Share|ElectricityHV|ImportsSI,share,0.0,0.0
image,SSP2-Base,Business As Usual,BG,Share|ElectricityHV|ImportsIE,share,0.0,0.0
image,SSP2-Base,Business As Usual,BG,Share|ElectricityHV|ImportsBE,share,0.0,0.0
image,SSP2-Base,Business As Usual,BG,Share|ElectricityHV|ImportsRS,share,0.0,0.0
image,SSP2-Base,Business As Usual,BG,Share|ElectricityHV|ImportsRO,share,0.0,0.0
image,SSP2-Base,Business As Usual,BG,Share|ElectricityHV|ImportsNL,share,0.0,0.0
image,SSP2-Base,Business As Usual,BG,Share|ElectricityHV|ImportsUA,share,0.0,0.0
image,SSP2-Base,Business As Usual,BG,Share|ElectricityHV|ImportsPL,share,0.0,0.0
image,SSP2-Base,Business As Usual,BG,Share|ElectricityHV|ImportsFR,share,0.0,0.0
image,SSP2-Base,Business As Usual,BG,Share|ElectricityHV|ImportsGB,share,0.0871967395325839,0.005438366950405007
image,SSP2-Base,Business As Usual,BG,Share|ElectricityHV|ImportsNO,share,0.0,0.0
image,SSP2-Base,Business As Usual,BG,Share|ElectricityHV|ImportsCZ,share,0.0,0.0
image,SSP2-Base,Business As Usual,BG,Share|ElectricityHV|ImportsMT,share,0.0,0.0
image,SSP2-Base,Business As Usual,BG,Share|ElectricityHV|ImportsDK,share,0.0,0.0
image,SSP2-Base,Business As Usual,BG,Share|ElectricityHV|ImportsIT,share,0.0,0.0
image,SSP2-Base,Business As Usual,BG,Share|ElectricityHV|ImportsLV,share,0.0,0.0
image,SSP2-Base,Business As Usual,BG,Share|ElectricityHV|ImportsDE,share,0.0,0.0
image,SSP2-Base,Business As Usual,BG,Share|ElectricityHV|ImportsPT,share,0.042070979421477646,0.0043495505174956615
image,SSP2-Base,Business As Usual,BG,Share|ElectricityHV|ImportsFI,share,0.0,0.0
image,SSP2-Base,Business As Usual,BG,Share|ElectricityHV|ImportsBY,share,0.0,0.0
image,SSP2-Base,Business As Usual,BG,Share|ElectricityHV|ImportsGI,share,0.0,0.0
image,SSP2-Base,Business As Usual,BG,Share|ElectricityHV|ImportsAL,share,0.0,0.0
image,SSP2-Base,Business As Usual,BG,Share|ElectricityHV|ImportsHU,share,0.0,0.0
image,SSP2-Base,Business As Usual,BG,Share|ElectricityHV|ImportsCH,share,0.0,0.0
image,SSP2-Base,Business As Usual,BG,Share|ElectricityMV|TransformationHVMV,share,0.3602030214543824,0.0729555946699585
image,SSP2-Base,Business As Usual,BG,Share|ElectricityMV|SolarPVRoofCommercial,share,0.2420993944214573,0.825686290572332
image,SSP2-Base,Business As Usual,BG,Share|ElectricityMV|Waste,share,0.39769758412416034,0.10135811475770944
image,SSP2-Base,Business As Usual,BG,Share|ElectricityLV|TransformationMVLV,share,0.2929177656391638,0.8900901818043848
image,SSP2-Base,Business As Usual,BG,Share|ElectricityLV|BatteryChemical,share,0.4147358039930569,0.007312503336210314
image,SSP2-Base,Business As Usual,BG,Share|ElectricityLV|SolarPVRoofResidential,share,0.29234643036777946,0.10259731485940471
image,SSP2-Base,Business As Usual,SE,Share|ElectricityHV|Coal,share,0.02115781745421234,0.004666714693334857
image,SSP2-Base,Business As Usual,SE,Share|ElectricityHV|CombinedCycle,share,0.09813443381121391,0.008944717035740915
image,SSP2-Base,Business As Usual,SE,Share|ElectricityHV|GasTurbine,share,0.08027855226359476,0.031350577508233717
image,SSP2-Base,Business As Usual,SE,Share|ElectricityHV|CogenerationGas,share,0.03904621356187392,0.08565800938183009
image,SSP2-Base,Business As Usual,SE,Share|ElectricityHV|Nuclear,share,0.10322440138402449,0.01916270290512401
image,SSP2-Base,Business As Usual,SE,Share|ElectricityHV|Oil,share,0.07963541449491687,0.016259433077120144
image,SSP2-Base,Business As Usual,SE,Share|ElectricityHV|Geothermal,share,0.04189508201213351,0.029340183224849156
image,SSP2-Base,Business As Usual,SE,Share|ElectricityHV|HydroRunofRiver,share,0.004926238834267156,0.052196483782877515
image,SSP2-Base,Business As Usual,SE,Share|ElectricityHV|HydroReservoir,share,0.02068794205149977,0.02444946416784706
image,SSP2-Base,Business As Usual,SE,Share|ElectricityHV|Biomass,share,0.03451489815231254,0.09561452731046678
image,SSP2-Base,Business As Usual,SE,Share|ElectricityHV|Biogas,share,0.128006289666831,0.09917799008868566
image,SSP2-Base,Business As Usual,SE,Share|ElectricityHV|WindOnshore,share,0.04421049350831305,0.03134877974559472
image,SSP2-Base,Business As Usual,SE,Share|ElectricityHV|WindOffshore,share,0.04281586463116801,0.17747367602647118
image,SSP2-Base,Business As Usual,SE,Share|ElectricityHV|SolarThermal,share,0.052537420210370035,0.038980858179437694
image,SSP2-Base,Business As Usual,SE,Share|ElectricityHV|SolarPVOpen,share,0.02324829570652567,0.0962862064300723
image,SSP2-Base,Business As Usual,SE,Share|ElectricityHV|Hydrogen,share,0.015119316532393765,0.050777474929189596
image,SSP2-Base,Business As Usual,SE,Share|ElectricityHV|BatteryHydro,share,0.10177911345456647,0.049849376099545976
image,SSP2-Base,Business As Usual,SE,Share|ElectricityHV|ImportsES,share,0.0,0.0
image,SSP2-Base,Business As Usual,SE,Share|ElectricityHV|ImportsBG,share,0.0,0.0
image,SSP2-Base,Business As Usual,SE,Share|ElectricityHV|ImportsSE,share,0.0,0.0
image,SSP2-Base,Business As Usual,SE,Share|ElectricityHV|ImportsAT,share,0.0,0.0
image,SSP2-Base,Business As Usual,SE,Share|ElectricityHV|ImportsMK,share,0.019232350702358215,0.017976096623795356
image,SSP2-Base,Business As Usual,SE,Share|ElectricityHV|ImportsMD,share,0.0,0.0
image,SSP2-Base,Business As Usual,SE,Share|ElectricityHV|ImportsHR,share,0.0,0.0
image,SSP2-Base,Business As Usual,SE,Share|ElectricityHV|ImportsXK,share,0.0,0.0
image,SSP2-Base,Business As Usual,SE,Share|ElectricityHV|ImportsLU,share,0.0,0.0
image,SSP2-Base,Business As Usual,SE,Share|ElectricityHV|ImportsGR,share,0.0,0.0
image,SSP2-Base,Business As Usual,SE,Share|ElectricityHV|ImportsIS,share,0.0,0.0
image,SSP2-Base,Business As Usual,SE,Share|ElectricityHV|ImportsBA,share,0.0,0.0
image,SSP2-Base,Business As Usual,SE,Share|ElectricityHV|ImportsEE,share,0.0,0.0
image,SSP2-Base,Business As Usual,SE,Share|ElectricityHV|ImportsSK,share,0.0,0.0
image,SSP2-Base,Business As Usual,SE,Share|ElectricityHV|ImportsME,share,0.0,0.0
image,SSP2-Base,Business As Usual,SE,Share|ElectricityHV|ImportsLT,share,0.0,0.0
image,SSP2-Base,Business As Usual,SE,Share|ElectricityHV|ImportsSI,share,0.0,0.0
image,SSP2-Base,Business As Usual,SE,Share|ElectricityHV|ImportsIE,share,0.0,0.0
image,SSP2-Base,Business As Usual,SE,Share|ElectricityHV|ImportsBE,share,0.003976734922029994,0.011084489920704155
image,SSP2-Base,Business As Usual,SE,Share|ElectricityHV|ImportsRS,share,0.0,0.0
image,SSP2-Base,Business As Usual,SE,Share|ElectricityHV|ImportsRO,share,0.0,0.0
image,SSP2-Base,Business As Usual,SE,Share|ElectricityHV|ImportsNL,share,0.0,0.0
image,SSP2-Base,Business As Usual,SE,Share|ElectricityHV|ImportsUA,share,0.0,0.0
image,SSP2-Base,Business As Usual,SE,Share|ElectricityHV|ImportsPL,share,0.0,0.0
image,SSP2-Base,Business As Usual,SE,Share|ElectricityHV|ImportsFR,share,0.0,0.0
image,SSP2-Base,Business As Usual,SE,Share|ElectricityHV|ImportsGB,share,0.0,0.0
image,SSP2-Base,Business As Usual,SE,Share|ElectricityHV|ImportsNO,share,0.0,0.0
image,SSP2-Base,Business As Usual,SE,Share|ElectricityHV|ImportsCZ,share,0.0,0.0
image,SSP2-Base,Business As Usual,SE,Share|ElectricityHV|ImportsMT,share,0.0,0.0
image,SSP2-Base,Business As Usual,SE,Share|ElectricityHV|ImportsDK,share,0.04557312664539445,0.059402238869079145
image,SSP2-Base,Business As Usual,SE,Share|ElectricityHV|ImportsIT,share,0.0,0.0
image,SSP2-Base,Business As Usual,SE,Share|ElectricityHV|ImportsLV,share,0.0,0.0
image,SSP2-Base,Business As Usual,SE,Share|ElectricityHV|ImportsDE,share,0.0,0.0
image,SSP2-Base,Business As Usual,SE,Share|ElectricityHV|ImportsPT,share,0.0,0.0
image,SSP2-Base,Business As Usual,SE,Share|ElectricityHV|ImportsFI,share,0.0,0.0
image,SSP2-Base,Business As Usual,SE,Share|ElectricityHV|ImportsBY,share,0.0,0.0
image,SSP2-Base,Business As Usual,SE,Share|ElectricityHV|ImportsGI,share,0.0,0.0
image,SSP2-Base,Business As Usual,SE,Share|ElectricityHV|ImportsAL,share,0.0,0.0
image,SSP2-Base,Business As Usual,SE,Share|ElectricityHV|ImportsHU,share,0.0,0.0
image,SSP2-Base,Business As Usual,SE,Share|ElectricityHV|ImportsCH,share,0.0,0.0
image,SSP2-Base,Business As Usual,SE,Share|ElectricityMV|TransformationHVMV,share,0.10320073722720016,0.5403998614743715
image,SSP2-Base,Business As Usual,SE,Share|ElectricityMV|SolarPVRoofCommercial,share,0.23357498038635052,0.2975713504346
image,SSP2-Base,Business As Usual,SE,Share|ElectricityMV|Waste,share,0.6632242823864494,0.1620287880910286
image,SSP2-Base,Business As Usual,SE,Share|ElectricityLV|TransformationMVLV,share,0.3348978331863276,0.37682642252401677
image,SSP2-Base,Business As Usual,SE,Share|ElectricityLV|BatteryChemical,share,0.4700239049400454,0.333799556171219
image,SSP2-Base,Business As Usual,SE,Share|ElectricityLV|SolarPVRoofResidential,share,0.1950782618736269,0.2893740213047643
image,SSP2-Base,Business As Usual,AT,Share|ElectricityHV|Coal,share,0.02770515634813898,0.012504938830017739
image,SSP2-Base,Business As Usual,AT,Share|ElectricityHV|CombinedCycle,share,0.00160613940550118,0.06730829947544996
image,SSP2-Base,Business As Usual,AT,Share|ElectricityHV|GasTurbine,share,0.12979660195621748,0.07949777106781984
image,SSP2-Base,Business As Usual,AT,Share|ElectricityHV|CogenerationGas,share,0.016108054951538504,0.12051984861350801
image,SSP2-Base,Business As Usual,AT,Share|ElectricityHV|Nuclear,share,0.020567742632252063,0.015904775431088262
image,SSP2-Base,Business As Usual,AT,Share|ElectricityHV|Oil,share,0.060772427764741135,0.01498000120422608
image,SSP2-Base,Business As Usual,AT,Share|ElectricityHV|Geothermal,share,0.06249404030927428,0.03516247880450041
image,SSP2-Base,Business As Usual,AT,Share|ElectricityHV|HydroRunofRiver,share,0.028086631700390788,0.03597759550266248
image,SSP2-Base,Business As Usual,AT,Share|ElectricityHV|HydroReservoir,share,0.03583911142291638,0.01118829281275506
image,SSP2-Base,Business As Usual,AT,Share|ElectricityHV|Biomass,share,0.05581648241412774,0.08126235836587982
image,SSP2-Base,Business As Usual,AT,Share|ElectricityHV|Biogas,share,0.016844023238721178,0.07400231266162563
image,SSP2-Base,Business As Usual,AT,Share|ElectricityHV|WindOnshore,share,0.15624528579782127,0.2216317668401977
image,SSP2-Base,Business As Usual,AT,Share|ElectricityHV|WindOffshore,share,0.012496926160312474,0.030250430246176525
image,SSP2-Base,Business As Usual,AT,Share|ElectricityHV|SolarThermal,share,0.03181907676237021,0.010747877351053235
image,SSP2-Base,Business As Usual,AT,Share|ElectricityHV|SolarPVOpen,share,0.023463391536018972,0.0135952432156173
image,SSP2-Base,Business As Usual,AT,Share|ElectricityHV|Hydrogen,share,0.04519547056604878,0.06022748675464319
image,SSP2-Base,Business As Usual,AT,Share|ElectricityHV|BatteryHydro,share,0.14953608268184834,0.016410193519294042
image,SSP2-Base,Business As Usual,AT,Share|ElectricityHV|ImportsES,share,0.0,0.0
image,SSP2-Base,Business As Usual,AT,Share|ElectricityHV|ImportsBG,share,0.0,0.0
image,SSP2-Base,Business As Usual,AT,Share|ElectricityHV|ImportsSE,share,0.0,0.0
image,SSP2-Base,Business As Usual,AT,Share|ElectricityHV|ImportsAT,share,0.0,0.0
image,SSP2-Base,Business As Usual,AT,Share|ElectricityHV|ImportsMK,share,0.0,0.0
image,SSP2-Base,Business As Usual,AT,Share|ElectricityHV|ImportsMD,share,0.0,0.0
image,SSP2-Base,Business As Usual,AT,Share|ElectricityHV|ImportsHR,share,0.0,0.0
image,SSP2-Base,Business As Usual,AT,Share|ElectricityHV|ImportsXK,share,0.0,0.0
image,SSP2-Base,Business As Usual,AT,Share|ElectricityHV|ImportsLU,share,0.0,0.0
image,SSP2-Base,Business As Usual,AT,Share|ElectricityHV|ImportsGR,share,0.0,0.0
image,SSP2-Base,Business As Usual,AT,Share|ElectricityHV|ImportsIS,share,0.0,0.0
image,SSP2-Base,Business As Usual,AT,Share|ElectricityHV|ImportsBA,share,0.1103239301359557,0.07488840585691338
image,SSP2-Base,Business As Usual,AT,Share|ElectricityHV|ImportsEE,share,0.0,0.0
image,SSP2-Base,Business As Usual,AT,Share|ElectricityHV|ImportsSK,share,0.0,0.0
image,SSP2-Base,Business As Usual,AT,Share|ElectricityHV|ImportsME,share,0.0,0.0
image,SSP2-Base,Business As Usual,AT,Share|ElectricityHV|ImportsLT,share,0.0,0.0
image,SSP2-Base,Business As Usual,AT,Share|ElectricityHV|ImportsSI,share,0.0,0.0
image,SSP2-Base,Business As Usual,AT,Share|ElectricityHV|ImportsIE,share,0.0,0.0
image,SSP2-Base,Business As Usual,AT,Share|ElectricityHV|ImportsBE,share,0.0,0.0
image,SSP2-Base,Business As Usual,AT,Share|ElectricityHV|ImportsRS,share,0.0,0.0
image,SSP2-Base,Business As Usual,AT,Share|ElectricityHV|ImportsRO,share,0.0,0.0
image,SSP2-Base,Business As Usual,AT,Share|ElectricityHV|ImportsNL,share,0.0,0.0
image,SSP2-Base,Business As Usual,AT,Share|ElectricityHV|ImportsUA,share,0.0,0.0
image,SSP2-Base,Business As Usual,AT,Share|ElectricityHV|ImportsPL,share,0.0,0.0
image,SSP2-Base,Business As Usual,AT,Share|ElectricityHV|ImportsFR,share,0.0,0.0
image,SSP2-Base,Business As Usual,AT,Share|ElectricityHV|ImportsGB,share,0.0,0.0
image,SSP2-Base,Business As Usual,AT,Share|ElectricityHV|ImportsNO,share,0.0,0.0
image,SSP2-Base,Business As Usual,AT,Share|ElectricityHV|ImportsCZ,share,0.0,0.0
image,SSP2-Base,Business As Usual,AT,Share|ElectricityHV|ImportsMT,share,0.0,0.0
image,SSP2-Base,Business As Usual,AT,Share|ElectricityHV|ImportsDK,share,0.0,0.0
image,SSP2-Base,Business As Usual,AT,Share|ElectricityHV|ImportsIT,share,0.0,0.0
image,SSP2-Base,Business As Usual,AT,Share|ElectricityHV|ImportsLV,share,0.0,0.0
image,SSP2-Base,Business As Usual,AT,Share|ElectricityHV|ImportsDE,share,0.0013889772815272408,0.016096397433267042
image,SSP2-Base,Business As Usual,AT,Share|ElectricityHV|ImportsPT,share,0.0,0.0
image,SSP2-Base,Business As Usual,AT,Share|ElectricityHV|ImportsFI,share,0.0,0.0
image,SSP2-Base,Business As Usual,AT,Share|ElectricityHV|ImportsBY,share,0.0,0.0
image,SSP2-Base,Business As Usual,AT,Share|ElectricityHV|ImportsGI,share,0.0,0.0
image,SSP2-Base,Business As Usual,AT,Share|ElectricityHV|ImportsAL,share,0.0,0.0
image,SSP2-Base,Business As Usual,AT,Share|ElectricityHV|ImportsHU,share,0.013894446934277343,0.007843526013304259
image,SSP2-Base,Business As Usual,AT,Share|ElectricityHV|ImportsCH,share,0.0,0.0
image,SSP2-Base,Business As Usual,AT,Share|ElectricityMV|TransformationHVMV,share,0.5300433432455052,0.6487308065807575
image,SSP2-Base,Business As Usual,AT,Share|ElectricityMV|SolarPVRoofCommercial,share,0.13713613078001077,0.24777358986270834
image,SSP2-Base,Business As Usual,AT,Share|ElectricityMV|Waste,share,0.332820525974484,0.10349560355653402
image,SSP2-Base,Business As Usual,AT,Share|ElectricityLV|TransformationMVLV,share,0.6271518037376023,0.05466288422009814
image,SSP2-Base,Business As Usual,AT,Share|ElectricityLV|BatteryChemical,share,0.31690124328027625,0.8693974674237962
image,SSP2-Base,Business As Usual,AT,Share|ElectricityLV|SolarPVRoofResidential,share,0.05594695298212159,0.07593964835610555
image,SSP2-Base,Business As Usual,MK,Share|ElectricityHV|Coal,share,0.056792741411603245,0.01956121364703929
image,SSP2-Base,Business As Usual,MK,Share|ElectricityHV|CombinedCycle,share,0.07359128142555081,0.02198462669114451
image,SSP2-Base,Business As Usual,MK,Share|ElectricityHV|GasTurbine,share,0.13675561904988887,0.02534587173182963
image,SSP2-Base,Business As Usual,MK,Share|ElectricityHV|CogenerationGas,share,0.02037581498017343,0.05512434761287327
image,SSP2-Base,Business As Usual,MK,Share|ElectricityHV|Nuclear,share,0.0913757004308897,0.0031462319747862823
image,SSP2-Base,Business As Usual,MK,Share|ElectricityHV|Oil,share,0.0027590906494469594,0.1635111412473399
image,SSP2-Base,Business As Usual,MK,Share|ElectricityHV|Geothermal,share,0.011053118117198507,0.02127916700821737
image,SSP2-Base,Business As Usual,MK,Share|ElectricityHV|HydroRunofRiver,share,0.0052161073064703155,0.05689334898498851
image,SSP2-Base,Business As Usual,MK,Share|ElectricityHV|HydroReservoir,share,0.015926825881260244,0.005067842064918103
image,SSP2-Base,Business As Usual,MK,Share|ElectricityHV|Biomass,share,0.08764196246267184,0.037169081862960106
image,SSP2-Base,Business As Usual,MK,Share|ElectricityHV|Biogas,share,0.021024359247782256,0.1436367578335464
image,SSP2-Base,Business As Usual,MK,Share|ElectricityHV|WindOnshore,share,0.026451382863712736,0.12756811484076275
image,SSP2-Base,Business As Usual,MK,Share|ElectricityHV|WindOffshore,share,0.05833673833722691,0.05550269845236723
image,SSP2-Base,Business As Usual,MK,Share|ElectricityHV|SolarThermal,share,0.07067605062400865,0.010232999711107105
image,SSP2-Base,Business As Usual,MK,Share|ElectricityHV|SolarPVOpen,share,0.027442331777687987,0.09235269667374825
image,SSP2-Base,Business As Usual,MK,Share|ElectricityHV|Hydrogen,share,0.010935161084945492,0.0019175600534285812
image,SSP2-Base,Business As Usual,MK,Share|ElectricityHV|BatteryHydro,share,0.1735826897337946,0.009709592021888855
image,SSP2-Base,Business As Usual,MK,Share|ElectricityHV|ImportsES,share,0.0,0.0
image,SSP2-Base,Business As Usual,MK,Share|ElectricityHV|ImportsBG,share,0.0,0.0
image,SSP2-Base,Business As Usual,MK,Share|ElectricityHV|ImportsSE,share,0.0,0.0
image,SSP2-Base,Business As Usual,MK,Share|ElectricityHV|ImportsAT,share,0.0,0.0
image,SSP2-Base,Business As Usual,MK,Share|ElectricityHV|ImportsMK,share,0.0,0.0
image,SSP2-Base,Business As Usual,MK,Share|ElectricityHV|ImportsMD,share,0.0020069269533775575,0.053551280117106956
image,SSP2-Base,Business As Usual,MK,Share|ElectricityHV|ImportsHR,share,0.0,0.0
image,SSP2-Base,Business As Usual,MK,Share|ElectricityHV|ImportsXK,share,0.0,0.0
image,SSP2-Base,Business As Usual,MK,Share|ElectricityHV|ImportsLU,share,0.0,0.0
image,SSP2-Base,Business As Usual,MK,Share|ElectricityHV|ImportsGR,share,0.0,0.0
image,SSP2-Base,Business As Usual,MK,Share|ElectricityHV|ImportsIS,share,0.0,0.0
image,SSP2-Base,Business As Usual,MK,Share|ElectricityHV|ImportsBA,share,0.0,0.0
image,SSP2-Base,Business As Usual,MK,Share|ElectricityHV|ImportsEE,share,0.0,0.0
image,SSP2-Base,Business As Usual,MK,Share|ElectricityHV|ImportsSK,share,0.0,0.0
image,SSP2-Base,Business As Usual,MK,Share|ElectricityHV|ImportsME,share,0.0,0.0
image,SSP2-Base,Business As Usual,MK,Share|ElectricityHV|ImportsLT,share,0.0,0.0
image,SSP2-Base,Business As Usual,MK,Share|ElectricityHV|ImportsSI,share,0.04736809300748465,0.020212716037437323
image,SSP2-Base,Business As Usual,MK,Share|ElectricityHV|ImportsIE,share,0.0,0.0
image,SSP2-Base,Business As Usual,MK,Share|ElectricityHV|ImportsBE,share,0.0,0.0
image,SSP2-Base,Business As Usual,MK,Share|ElectricityHV|ImportsRS,share,0.0,0.0
image,SSP2-Base,Business As Usual,MK,Share|ElectricityHV|ImportsRO,share,0.0,0.0
image,SSP2-Base,Business As Usual,MK,Share|ElectricityHV|ImportsNL,share,0.0,0.0
image,SSP2-Base,Business As Usual,MK,Share|ElectricityHV|ImportsUA,share,0.0,0.0
image,SSP2-Base,Business As Usual,MK,Share|ElectricityHV|ImportsPL,share,0.0,0.0
image,SSP2-Base,Business As Usual,MK,Share|ElectricityHV|ImportsFR,share,0.0,0.0
image,SSP2-Base,Business As Usual,MK,Share|ElectricityHV|ImportsGB,share,0.0,0.0
image,SSP2-Base,Business As Usual,MK,Share|ElectricityHV|ImportsNO,share,0.0,0.0
image,SSP2-Base,Business As Usual,MK,Share|ElectricityHV|ImportsCZ,share,0.0,0.0
image,SSP2-Base,Business As Usual,MK,Share|ElectricityHV|ImportsMT,share,0.0,0.0
image,SSP2-Base,Business As Usual,MK,Share|ElectricityHV|ImportsDK,share,0.0,0.0
image,SSP2-Base,Business As Usual,MK,Share|ElectricityHV|ImportsIT,share,0.0,0.0
image,SSP2-Base,Business As Usual,MK,Share|ElectricityHV|ImportsLV,share,0.0,0.0
image,SSP2-Base,Business As Usual,MK,Share|ElectricityHV|ImportsDE,share,0.0,0.0
image,SSP2-Base,Business As Usual,MK,Share|ElectricityHV|ImportsPT,share,0.0,0.0
image,SSP2-Base,Business As Usual,MK,Share|ElectricityHV|ImportsFI,share,0.0,0.0
image,SSP2-Base,Business As Usual,MK,Share|ElectricityHV|ImportsBY,share,0.0,0.0
image,SSP2-Base,Business As Usual,MK,Share|ElectricityHV|ImportsGI,share,0.0,0.0
image,SSP2-Base,Business As Usual,MK,Share|ElectricityHV|ImportsAL,share,0.06068800465482523,0.07623271143250944
image,SSP2-Base,Business As Usual,MK,Share|ElectricityHV|ImportsHU,share,0.0,0.0
image,SSP2-Base,Business As Usual,MK,Share|ElectricityHV|ImportsCH,share,0.0,0.0
image,SSP2-Base,Business As Usual,MK,Share|ElectricityMV|TransformationHVMV,share,0.26630472377955333,0.05670306153939148
image,SSP2-Base,Business As Usual,MK,Share|ElectricityMV|SolarPVRoofCommercial,share,0.16573316386847955,0.2546686912518772
image,SSP2-Base,Business As Usual,MK,Share|ElectricityMV|Waste,share,0.5679621123519673,0.6886282472087314
image,SSP2-Base,Business As Usual,MK,Share|ElectricityLV|TransformationMVLV,share,0.22937817929923676,0.19650439767109307
image,SSP2-Base,Business As Usual,MK,Share|ElectricityLV|BatteryChemical,share,0.3249269810980665,0.612133142471499
image,SSP2-Base,Business As Usual,MK,Share|ElectricityLV|SolarPVRoofResidential,share,0.4456948396026967,0.19136245985740788
image,SSP2-Base,Business As Usual,MD,Share|ElectricityHV|Coal,share,0.16191107111905212,0.06328401310156147
image,SSP2-Base,Business As Usual,MD,Share|ElectricityHV|CombinedCycle,share,0.014865686569700314,0.0022435315738431375
image,SSP2-Base,Business As Usual,MD,Share|ElectricityHV|GasTurbine,share,0.15410662966763322,0.07595572868301753
image,SSP2-Base,Business As Usual,MD,Share|ElectricityHV|CogenerationGas,share,0.018121320019223786,0.0077378687580496605
image,SSP2-Base,Business As Usual,MD,Share|ElectricityHV|Nuclear,share,0.04619619239954601,0.033620709131353996
image,SSP2-Base,Business As Usual,MD,Share|ElectricityHV|Oil,share,0.0583313301060088,0.13447094455782038
image,SSP2-Base,Business As Usual,MD,Share|ElectricityHV|Geothermal,share,0.014758015832148969,0.019729670149287157
image,SSP2-Base,Business As Usual,MD,Share|ElectricityHV|HydroRunofRiver,share,0.04678324491715457,0.030657580847223573
image,SSP2-Base,Business As Usual,MD,Share|ElectricityHV|HydroReservoir,share,0.005048819018334613,0.007810861103698989
image,SSP2-Base,Business As Usual,MD,Share|ElectricityHV|Biomass,share,0.03956609568098584,0.13338187764078377
image,SSP2-Base,Business As Usual,MD,Share|ElectricityHV|Biogas,share,0.05328744145259672,0.009119702302794522
image,SSP2-Base,Business As Usual,MD,Share|ElectricityHV|WindOnshore,share,0.0177680573622505,0.05621946634959274
image,SSP2-Base,Business As Usual,MD,Share|ElectricityHV|WindOffshore,share,0.07904266234216455,0.09183731029884457
image,SSP2-Base,Business As Usual,MD,Share|ElectricityHV|SolarThermal,share,0.012266306416012998,0.06129780199897405
image,SSP2-Base,Business As Usual,MD,Share|ElectricityHV|SolarPVOpen,share,0.09247897451091912,0.04277715087068807
image,SSP2-Base,Business As Usual,MD,Share|ElectricityHV|Hydrogen,share,0.10139117514411457,0.03308597400361641
image,SSP2-Base,Business As Usual,MD,Share|ElectricityHV|BatteryHydro,share,0.07870056472942884,0.004814904163005742
image,SSP2-Base,Business As Usual,MD,Share|ElectricityHV|ImportsES,share,0.0,0.0
image,SSP2-Base,Business As Usual,MD,Share|ElectricityHV|ImportsBG,share,0.0,0.0
image,SSP2-Base,Business As Usual,MD,Share|ElectricityHV|ImportsSE,share,0.0,0.0
image,SSP2-Base,Business As Usual,MD,Share|ElectricityHV|ImportsAT,share,0.0,0.0
image,SSP2-Base,Business As Usual,MD,Share|ElectricityHV|ImportsMK,share,0.0,0.0
image,SSP2-Base,Business As Usual,MD,Share|ElectricityHV|ImportsMD,share,0.0,0.0
image,SSP2-Base,Business As Usual,MD,Share|ElectricityHV|ImportsHR,share,0.0,0.0
image,SSP2-Base,Business As Usual,MD,Share|ElectricityHV|ImportsXK,share,0.0,0.0
image,SSP2-Base,Business As Usual,MD,Share|ElectricityHV|ImportsLU,share,0.0,0.0
image,SSP2-Base,Business As Usual,MD,Share|ElectricityHV|ImportsGR,share,0.0,0.0
image,SSP2-Base,Business As Usual,MD,Share|ElectricityHV|ImportsIS,share,0.0,0.0
image,SSP2-Base,Business As Usual,MD,Share|ElectricityHV|ImportsBA,share,0.0003384756432054482,0.08253926920038523
image,SSP2-Base,Business As Usual,MD,Share|ElectricityHV|ImportsEE,share,0.0,0.0
image,SSP2-Base,Business As Usual,MD,Share|ElectricityHV|ImportsSK,share,0.0,0.0
image,SSP2-Base,Business As Usual,MD,Share|ElectricityHV|ImportsME,share,0.0,0.0
image,SSP2-Base,Business As Usual,MD,Share|ElectricityHV|ImportsLT,share,0.0,0.0
image,SSP2-Base,Business As Usual,MD,Share|ElectricityHV|ImportsSI,share,0.0,0.0
image,SSP2-Base,Business As Usual,MD,Share|ElectricityHV|ImportsIE,share,0.0,0.0
image,SSP2-Base,Business As Usual,MD,Share|ElectricityHV|ImportsBE,share,0.0,0.0
image,SSP2-Base,Business As Usual,MD,Share|ElectricityHV|ImportsRS,share,0.0,0.0
image,SSP2-Base,Business As Usual,MD,Share|ElectricityHV|ImportsRO,share,0.0048194917591616706,0.09632652656754596
image,SSP2-Base,Business As Usual,MD,Share|ElectricityHV|ImportsNL,share,0.0,0.0
image,SSP2-Base,Business As Usual,MD,Share|ElectricityHV|ImportsUA,share,0.0,0.0
image,SSP2-Base,Business As Usual,MD,Share|ElectricityHV|ImportsPL,share,0.0,0.0
image,SSP2-Base,Business As Usual,MD,Share|ElectricityHV|ImportsFR,share,0.0,0.0
image,SSP2-Base,Business As Usual,MD,Share|ElectricityHV|ImportsGB,share,0.0,0.0
image,SSP2-Base,Business As Usual,MD,Share|ElectricityHV|ImportsNO,share,0.0,0.0
image,SSP2-Base,Business As Usual,MD,Share|ElectricityHV|ImportsCZ,share,0.0,0.0
image,SSP2-Base,Business As Usual,MD,Share|ElectricityHV|ImportsMT,share,0.0,0.0
image,SSP2-Base,Business As Usual,MD,Share|ElectricityHV|ImportsDK,share,0.0,0.0
image,SSP2-Base,Business As Usual,MD,Share|ElectricityHV|ImportsIT,share,0.00021844531035735744,0.013089108697912846
image,SSP2-Base,Business As Usual,MD,Share|ElectricityHV|ImportsLV,share,0.0,0.0
image,SSP2-Base,Business As Usual,MD,Share|ElectricityHV|ImportsDE,share,0.0,0.0
image,SSP2-Base,Business As Usual,MD,Share|ElectricityHV|ImportsPT,share,0.0,0.0
image,SSP2-Base,Business As Usual,MD,Share|ElectricityHV|ImportsFI,share,0.0,0.0
image,SSP2-Base,Business As Usual,MD,Share|ElectricityHV|ImportsBY,share,0.0,0.0
image,SSP2-Base,Business As Usual,MD,Share|ElectricityHV|ImportsGI,share,0.0,0.0
image,SSP2-Base,Business As Usual,MD,Share|ElectricityHV|ImportsAL,share,0.0,0.0
image,SSP2-Base,Business As Usual,MD,Share|ElectricityHV|ImportsHU,share,0.0,0.0
image,SSP2-Base,Business As Usual,MD,Share|ElectricityHV|ImportsCH,share,0.0,0.0
image,SSP2-Base,Business As Usual,MD,Share|ElectricityMV|TransformationHVMV,share,0.6239170100910896,0.11874162303485575
image,SSP2-Base,Business As Usual,MD,Share|ElectricityMV|SolarPVRoofCommercial,share,0.20918264035231354,0.46437622331244416
image,SSP2-Base,Business As Usual,MD,Share|ElectricityMV|Waste,share,0.16690034955659694,0.4168821536526999
image,SSP2-Base,Business As Usual,MD,Share|ElectricityLV|TransformationMVLV,share,0.6575791320033529,0.12006319436252336
image,SSP2-Base,Business As Usual,MD,Share|ElectricityLV|BatteryChemical,share,0.168518858103088,0.19073755444985455
image,SSP2-Base,Business As Usual,MD,Share|ElectricityLV|SolarPVRoofResidential,share,0.1739020098935589,0.6891992511876222
image,SSP2-Base,Business As Usual,HR,Share|ElectricityHV|Coal,share,0.11032094806959043,0.042042346165859085
image,SSP2-Base,Business As Usual,HR,Share|ElectricityHV|CombinedCycle,share,0.006945694268412394,0.036553334166281135
image,SSP2-Base,Business As Usual,HR,Share|ElectricityHV|GasTurbine,share,0.05100305884560918,0.05853593961186338
image,SSP2-Base,Business As Usual,HR,Share|ElectricityHV|CogenerationGas,share,0.02032153589934221,0.08991580663517348
image,SSP2-Base,Business As Usual,HR,Share|ElectricityHV|Nuclear,share,0.02242525400407183,0.09891363796157059
image,SSP2-Base,Business As Usual,HR,Share|ElectricityHV|Oil,share,0.055944044663084204,0.022698143375021237
image,SSP2-Base,Business As Usual,HR,Share|ElectricityHV|Geothermal,share,0.05238131627535121,0.04184240316349956
image,SSP2-Base,Business As Usual,HR,Share|ElectricityHV|HydroRunofRiver,share,0.008453007052345998,0.04108686524120619
image,SSP2-Base,Business As Usual,HR,Share|ElectricityHV|HydroReservoir,share,0.1416041664715473,0.061906457304454876
image,SSP2-Base,Business As Usual,HR,Share|ElectricityHV|Biomass,share,0.05630904867541753,0.07692425691159438
image,SSP2-Base,Business As Usual,HR,Share|ElectricityHV|Biogas,share,0.04202561426750153,0.004577033526507457
image,SSP2-Base,Business As Usual,HR,Share|ElectricityHV|WindOnshore,share,0.03580546474343923,0.04423798411780544
image,SSP2-Base,Business As Usual,HR,Share|ElectricityHV|WindOffshore,share,0.15438793908824755,0.08842489552070146
image,SSP2-Base,Business As Usual,HR,Share|ElectricityHV|SolarThermal,share,0.02627585308661028,0.025235517589310696
image,SSP2-Base,Business As Usual,HR,Share|ElectricityHV|SolarPVOpen,share,0.012796629757950427,0.038483847342870414
image,SSP2-Base,Business As Usual,HR,Share|ElectricityHV|Hydrogen,share,0.14057325561270545,0.010566594397468402
image,SSP2-Base,Business As Usual,HR,Share|ElectricityHV|BatteryHydro,share,0.02773508826574544,0.043277237388052024
image,SSP2-Base,Business As Usual,HR,Share|ElectricityHV|ImportsES,share,0.0,0.0
image,SSP2-Base,Business As Usual,HR,Share|ElectricityHV|ImportsBG,share,0.0,0.0
image,SSP2-Base,Business As Usual,HR,Share|ElectricityHV|ImportsSE,share,0.0,0.0
image,SSP2-Base,Business As Usual,HR,Share|ElectricityHV|ImportsAT,share,0.0,0.0
image,SSP2-Base,Business As Usual,HR,Share|ElectricityHV|ImportsMK,share,0.0,0.0
image,SSP2-Base,Business As Usual,HR,Share|ElectricityHV|ImportsMD,share,0.0,0.0
image,SSP2-Base,Business As Usual,HR,Share|ElectricityHV|ImportsHR,share,0.0,0.0
image,SSP2-Base,Business As Usual,HR,Share|ElectricityHV|ImportsXK,share,0.0,0.0
image,SSP2-Base,Business As Usual,HR,Share|ElectricityHV|ImportsLU,share,0.013498788684831403,0.07383689429208738
image,SSP2-Base,Business As Usual,HR,Share|ElectricityHV|ImportsGR,share,0.0,0.0
image,SSP2-Base,Business As Usual,HR,Share|ElectricityHV|ImportsIS,share,0.0,0.0
image,SSP2-Base,Business As Usual,HR,Share|ElectricityHV|ImportsBA,share,0.0,0.0
image,SSP2-Base,Business As Usual,HR,Share|ElectricityHV|ImportsEE,share,0.0,0.0
image,SSP2-Base,Business As Usual,HR,Share|ElectricityHV|ImportsSK,share,0.0,0.0
image,SSP2-Base,Business As Usual,HR,Share|ElectricityHV|ImportsME,share,0.0,0.0
image,SSP2-Base,Business As Usual,HR,Share|ElectricityHV|ImportsLT,share,0.0,0.0
image,SSP2-Base,Business As Usual,HR,Share|ElectricityHV|ImportsSI,share,0.0,0.0
image,SSP2-Base,Business As Usual,HR,Share|ElectricityHV|ImportsIE,share,0.0,0.0
image,SSP2-Base,Business As Usual,HR,Share|ElectricityHV|ImportsBE,share,0.0,0.0
image,SSP2-Base,Business As Usual,HR,Share|ElectricityHV|ImportsRS,share,0.0,0.0
image,SSP2-Base,Business As Usual,HR,Share|ElectricityHV|ImportsRO,share,0.0,0.0
image,SSP2-Base,Business As Usual,HR,Share|ElectricityHV|ImportsNL,share,0.0,0.0
image,SSP2-Base,Business As Usual,HR,Share|ElectricityHV|ImportsUA,share,0.0,0.0
image,SSP2-Base,Business As Usual,HR,Share|ElectricityHV|ImportsPL,share,0.0,0.0
image,SSP2-Base,Business As Usual,HR,Share|ElectricityHV|ImportsFR,share,0.0,0.0
image,SSP2-Base,Business As Usual,HR,Share|ElectricityHV|ImportsGB,share,0.0,0.0
image,SSP2-Base,Business As Usual,HR,Share|ElectricityHV|ImportsNO,share,0.0,0.0
image,SSP2-Base,Business As Usual,HR,Share|ElectricityHV|ImportsCZ,share,0.0,0.0
image,SSP2-Base,Business As Usual,HR,Share|ElectricityHV|ImportsMT,share,0.0,0.0
image,SSP2-Base,Business As Usual,HR,Share|ElectricityHV|ImportsDK,share,0.0,0.0
image,SSP2-Base,Business As Usual,HR,Share|ElectricityHV|ImportsIT,share,0.0,0.0
image,SSP2-Base,Business As Usual,HR,Share|ElectricityHV|ImportsLV,share,0.0,0.0
image,SSP2-Base,Business As Usual,HR,Share|ElectricityHV|ImportsDE,share,0.0004755967003125986,0.08263984464395677
image,SSP2-Base,Business As Usual,HR,Share|ElectricityHV|ImportsPT,share,0.0,0.0
image,SSP2-Base,Business As Usual,HR,Share|ElectricityHV|ImportsFI,share,0.0,0.0
image,SSP2-Base,Business As Usual,HR,Share|ElectricityHV|ImportsBY,share,0.0,0.0
image,SSP2-Base,Business As Usual,HR,Share|ElectricityHV|ImportsGI,share,0.0,0.0
image,SSP2-Base,Business As Usual,HR,Share|ElectricityHV|ImportsAL,share,0.020717695567883835,0.018300960644716143
image,SSP2-Base,Business As Usual,HR,Share|ElectricityHV|ImportsHU,share,0.0,0.0
image,SSP2-Base,Business As Usual,HR,Share|ElectricityHV|ImportsCH,share,0.0,0.0
image,SSP2-Base,Business As Usual,HR,Share|ElectricityMV|TransformationHVMV,share,0.027294685401548058,0.5900709959876862
image,SSP2-Base,Business As Usual,HR,Share|ElectricityMV|SolarPVRoofCommercial,share,0.43914411151362703,0.0636890188314893
image,SSP2-Base,Business As Usual,HR,Share|ElectricityMV|Waste,share,0.533561203084825,0.3462399851808244
image,SSP2-Base,Business As Usual,HR,Share|ElectricityLV|TransformationMVLV,share,0.4981633978836946,0.2722041267751657
image,SSP2-Base,Business As Usual,HR,Share|ElectricityLV|BatteryChemical,share,0.07119279338635003,0.6292088030667785
image,SSP2-Base,Business As Usual,HR,Share|ElectricityLV|SolarPVRoofResidential,share,0.4306438087299552,0.09858707015805596
image,SSP2-Base,Business As Usual,XK,Share|ElectricityHV|Coal,share,0.05662641955002576,0.053873736028763004
image,SSP2-Base,Business As Usual,XK,Share|ElectricityHV|CombinedCycle,share,0.01784362676085106,0.056348052825109136
image,SSP2-Base,Business As Usual,XK,Share|ElectricityHV|GasTurbine,share,0.1075484510556454,0.05892829398870952
image,SSP2-Base,Business As Usual,XK,Share|ElectricityHV|CogenerationGas,share,0.010690517018934378,0.0022500563525564075
image,SSP2-Base,Business As Usual,XK,Share|ElectricityHV|Nuclear,share,0.12525898698486945,0.06435543258756317
image,SSP2-Base,Business As Usual,XK,Share|ElectricityHV|Oil,share,0.026447847000317857,0.0165748192531562
image,SSP2-Base,Business As Usual,XK,Share|ElectricityHV|Geothermal,share,0.043082678207500995,0.02264439104811845
image,SSP2-Base,Business As Usual,XK,Share|ElectricityHV|HydroRunofRiver,share,0.03161710311781323,0.03999793658826446
image,SSP2-Base,Business As Usual,XK,Share|ElectricityHV|HydroReservoir,share,0.03148865321418752,0.15777034342924326
image,SSP2-Base,Business As Usual,XK,Share|ElectricityHV|Biomass,share,0.02928936159018952,0.010561303515515808
image,SSP2-Base,Business As Usual,XK,Share|ElectricityHV|Biogas,share,0.03825086317823894,0.03856683845419926
image,SSP2-Base,Business As Usual,XK,Share|ElectricityHV|WindOnshore,share,0.10818675662047639,0.03004423864504408
image,SSP2-Base,Business As Usual,XK,Share|ElectricityHV|WindOffshore,share,0.05209757410281761,0.09450209208917035
image,SSP2-Base,Business As Usual,XK,Share|ElectricityHV|SolarThermal,share,0.007723282070260777,0.029096443484220306
image,SSP2-Base,Business As Usual,XK,Share|ElectricityHV|SolarPVOpen,share,0.09076480531932922,0.050474576085816715
image,SSP2-Base,Business As Usual,XK,Share|ElectricityHV|Hydrogen,share,0.04731445376561148,0.010607942236055068
image,SSP2-Base,Business As Usual,XK,Share|ElectricityHV|BatteryHydro,share,0.06176637468132503,0.10893290585358106
image,SSP2-Base,Business As Usual,XK,Share|ElectricityHV|ImportsES,share,0.0,0.0
image,SSP2-Base,Business As Usual,XK,Share|ElectricityHV|ImportsBG,share,0.0,0.0
image,SSP2-Base,Business As Usual,XK,Share|ElectricityHV|ImportsSE,share,0.0,0.0
image,SSP2-Base,Business As Usual,XK,Share|ElectricityHV|ImportsAT,share,0.0,0.0
image,SSP2-Base,Business As Usual,XK,Share|ElectricityHV|ImportsMK,share,0.0,0.0
image,SSP2-Base,Business As Usual,XK,Share|ElectricityHV|ImportsMD,share,0.0,0.0
image,SSP2-Base,Business As Usual,XK,Share|ElectricityHV|ImportsHR,share,0.0,0.0
image,SSP2-Base,Business As Usual,XK,Share|ElectricityHV|ImportsXK,share,0.0,0.0
image,SSP2-Base,Business As Usual,XK,Share|ElectricityHV|ImportsLU,share,0.0,0.0
image,SSP2-Base,Business As Usual,XK,Share|ElectricityHV|ImportsGR,share,0.0,0.0
image,SSP2-Base,Business As Usual,XK,Share|ElectricityHV|ImportsIS,share,0.0,0.0
image,SSP2-Base,Business As Usual,XK,Share|ElectricityHV|ImportsBA,share,0.0,0.0
image,SSP2-Base,Business As Usual,XK,Share|ElectricityHV|ImportsEE,share,0.0,0.0
image,SSP2-Base,Business As Usual,XK,Share|ElectricityHV|ImportsSK,share,0.0,0.0
image,SSP2-Base,Business As Usual,XK,Share|ElectricityHV|ImportsME,share,0.0,0.0
image,SSP2-Base,Business As Usual,XK,Share|ElectricityHV|ImportsLT,share,0.02150949302500006,0.009508625570607596
image,SSP2-Base,Business As Usual,XK,Share|ElectricityHV|ImportsSI,share,0.0,0.0
image,SSP2-Base,Business As Usual,XK,Share|ElectricityHV|ImportsIE,share,0.0,0.0
image,SSP2-Base,Business As Usual,XK,Share|ElectricityHV|ImportsBE,share,0.0,0.0
image,SSP2-Base,Business As Usual,XK,Share|ElectricityHV|ImportsRS,share,0.0,0.0
image,SSP2-Base,Business As Usual,XK,Share|ElectricityHV|ImportsRO,share,0.0,0.0
image,SSP2-Base,Business As Usual,XK,Share|ElectricityHV|ImportsNL,share,0.0,0.0
image,SSP2-Base,Business As Usual,XK,Share|ElectricityHV|ImportsUA,share,0.0,0.0
image,SSP2-Base,Business As Usual,XK,Share|ElectricityHV|ImportsPL,share,0.0699323017254692,0.009777039973575886
image,SSP2-Base,Business As Usual,XK,Share|ElectricityHV|ImportsFR,share,0.0,0.0
image,SSP2-Base,Business As Usual,XK,Share|ElectricityHV|ImportsGB,share,0.0,0.0
image,SSP2-Base,Business As Usual,XK,Share|ElectricityHV|ImportsNO,share,0.0,0.0
image,SSP2-Base,Business As Usual,XK,Share|ElectricityHV|ImportsCZ,share,0.0,0.0
image,SSP2-Base,Business As Usual,XK,Share|ElectricityHV|ImportsMT,share,0.0,0.0
image,SSP2-Base,Business As Usual,XK,Share|ElectricityHV|ImportsDK,share,0.0,0.0
image,SSP2-Base,Business As Usual,XK,Share|ElectricityHV|ImportsIT,share,0.0,0.0
image,SSP2-Base,Business As Usual,XK,Share|ElectricityHV|ImportsLV,share,0.0,0.0
image,SSP2-Base,Business As Usual,XK,Share|ElectricityHV|ImportsDE,share,0.0,0.0
image,SSP2-Base,Business As Usual,XK,Share|ElectricityHV|ImportsPT,share,0.022560451011135962,0.13518493199073014
image,SSP2-Base,Business As Usual,XK,Share|ElectricityHV|ImportsFI,share,0.0,0.0
image,SSP2-Base,Business As Usual,XK,Share|ElectricityHV|ImportsBY,share,0.0,0.0
image,SSP2-Base,Business As Usual,XK,Share|ElectricityHV|ImportsGI,share,0.0,0.0
image,SSP2-Base,Business As Usual,XK,Share|ElectricityHV|ImportsAL,share,0.0,0.0
image,SSP2-Base,Business As Usual,XK,Share|ElectricityHV|ImportsHU,share,0.0,0.0
image,SSP2-Base,Business As Usual,XK,Share|ElectricityHV|ImportsCH,share,0.0,0.0
image,SSP2-Base,Business As Usual,XK,Share|ElectricityMV|TransformationHVMV,share,0.05478123621044945,0.6105545812235951
image,SSP2-Base,Business As Usual,XK,Share|ElectricityMV|SolarPVRoofCommercial,share,0.520594216288367,0.07088035822496037
image,SSP2-Base,Business As Usual,XK,Share|ElectricityMV|Waste,share,0.4246245475011836,0.3185650605514447
image,SSP2-Base,Business As Usual,XK,Share|ElectricityLV|TransformationMVLV,share,0.30299354311658216,0.4832797781394402
image,SSP2-Base,Business As Usual,XK,Share|ElectricityLV|BatteryChemical,share,0.5676359487424809,0.281802277566231
image,SSP2-Base,Business As Usual,XK,Share|ElectricityLV|SolarPVRoofResidential,share,0.12937050814093684,0.23491794429432877
image,SSP2-Base,Business As Usual,LU,Share|ElectricityHV|Coal,share,0.0032445853731273146,0.0449044148862475
image,SSP2-Base,Business As Usual,LU,Share|ElectricityHV|CombinedCycle,share,0.012253546618696426,0.04079261568389509
image,SSP2-Base,Business As Usual,LU,Share|ElectricityHV|GasTurbine,share,0.03521265990071468,0.020994900588932768
image,SSP2-Base,Business As Usual,LU,Share|ElectricityHV|CogenerationGas,share,0.08754930061222282,0.17390806640094061
image,SSP2-Base,Business As Usual,LU,Share|ElectricityHV|Nuclear,share,0.06619636665146364,0.0938736713140236
image,SSP2-Base,Business As Usual,LU,Share|ElectricityHV|Oil,share,0.08727502943190835,0.039802862231045254
image,SSP2-Base,Business As Usual,LU,Share|ElectricityHV|Geothermal,share,0.03154870434544036,0.04106654079879255
image,SSP2-Base,Business As Usual,LU,Share|ElectricityHV|HydroRunofRiver,share,0.04987375446201842,0.09269242148547925
image,SSP2-Base,Business As Usual,LU,Share|ElectricityHV|HydroReservoir,share,0.12458323976961529,0.07317707959856302
image,SSP2-Base,Business As Usual,LU,Share|ElectricityHV|Biomass,share,0.05922118796187136,0.024691930184029636
image,SSP2-Base,Business As Usual,LU,Share|ElectricityHV|Biogas,share,0.07759720778198873,0.04145961692003156
image,SSP2-Base,Business As Usual,LU,Share|ElectricityHV|WindOnshore,share,0.04791899281229165,0.02423115853592099
image,SSP2-Base,Business As Usual,LU,Share|ElectricityHV|WindOffshore,share,0.02459760895164452,0.00571984066084644
image,SSP2-Base,Business As Usual,LU,Share|ElectricityHV|SolarThermal,share,0.09206566108093203,0.0020913695102119448
image,SSP2-Base,Business As Usual,LU,Share|ElectricityHV|SolarPVOpen,share,0.11773708852547354,0.03331897418125498
image,SSP2-Base,Business As Usual,LU,Share|ElectricityHV|Hydrogen,share,0.05343915275931554,0.0914701247228805
image,SSP2-Base,Business As Usual,LU,Share|ElectricityHV|BatteryHydro,share,0.01592736110242429,0.022306427667552624
image,SSP2-Base,Business As Usual,LU,Share|ElectricityHV|ImportsES,share,0.0,0.0
image,SSP2-Base,Business As Usual,LU,Share|ElectricityHV|ImportsBG,share,0.0,0.0
image,SSP2-Base,Business As Usual,LU,Share|ElectricityHV|ImportsSE,share,0.0,0.0
image,SSP2-Base,Business As Usual,LU,Share|ElectricityHV|ImportsAT,share,0.0,0.0
image,SSP2-Base,Business As Usual,LU,Share|ElectricityHV|ImportsMK,share,0.0,0.0
image,SSP2-Base,Business As Usual,LU,Share|ElectricityHV|ImportsMD,share,0.0,0.0
image,SSP2-Base,Business As Usual,LU,Share|ElectricityHV|ImportsHR,share,0.0,0.0
image,SSP2-Base,Business As Usual,LU,Share|ElectricityHV|ImportsXK,share,0.0,0.0
image,SSP2-Base,Business As Usual,LU,Share|ElectricityHV|ImportsLU,share,0.0,0.0
image,SSP2-Base,Business As Usual,LU,Share|ElectricityHV|ImportsGR,share,0.0,0.0
image,SSP2-Base,Business As Usual,LU,Share|ElectricityHV|ImportsIS,share,0.0,0.0
image,SSP2-Base,Business As Usual,LU,Share|ElectricityHV|ImportsBA,share,0.0,0.0
image,SSP2-Base,Business As Usual,LU,Share|ElectricityHV|ImportsEE,share,0.0,0.0
image,SSP2-Base,Business As Usual,LU,Share|ElectricityHV|ImportsSK,share,0.0,0.0
image,SSP2-Base,Business As Usual,LU,Share|ElectricityHV|ImportsME,share,0.0,0.0
image,SSP2-Base,Business As Usual,LU,Share|ElectricityHV|ImportsLT,share,0.0,0.0
image,SSP2-Base,Business As Usual,LU,Share|ElectricityHV|ImportsSI,share,0.00028245055674334544,0.08294912467548968
image,SSP2-Base,Business As Usual,LU,Share|ElectricityHV|ImportsIE,share,0.0,0.0
image,SSP2-Base,Business As Usual,LU,Share|ElectricityHV|ImportsBE,share,0.0,0.0
image,SSP2-Base,Business As Usual,LU,Share|ElectricityHV|ImportsRS,share,0.004003522160889323,0.03401874705931378
image,SSP2-Base,Business As Usual,LU,Share|ElectricityHV|ImportsRO,share,0.0,0.0
image,SSP2-Base,Business As Usual,LU,Share|ElectricityHV|ImportsNL,share,0.0,0.0
image,SSP2-Base,Business As Usual,LU,Share|ElectricityHV|ImportsUA,share,0.0,0.0
image,SSP2-Base,Business As Usual,LU,Share|ElectricityHV|ImportsPL,share,0.0,0.0
image,SSP2-Base,Business As Usual,LU,Share|ElectricityHV|ImportsFR,share,0.0,0.0
image,SSP2-Base,Business As Usual,LU,Share|ElectricityHV|ImportsGB,share,0.0,0.0
image,SSP2-Base,Business As Usual,LU,Share|ElectricityHV|ImportsNO,share,0.009472579141218334,0.016530112894548123
image,SSP2-Base,Business As Usual,LU,Share|ElectricityHV|ImportsCZ,share,0.0,0.0
image,SSP2-Base,Business As Usual,LU,Share|ElectricityHV|ImportsMT,share,0.0,0.0
image,SSP2-Base,Business As Usual,LU,Share|ElectricityHV|ImportsDK,share,0.0,0.0
image,SSP2-Base,Business As Usual,LU,Share|ElectricityHV|ImportsIT,share,0.0,0.0
image,SSP2-Base,Business As Usual,LU,Share|ElectricityHV|ImportsLV,share,0.0,0.0
image,SSP2-Base,Business As Usual,LU,Share|ElectricityHV|ImportsDE,share,0.0,0.0
image,SSP2-Base,Business As Usual,LU,Share|ElectricityHV|ImportsPT,share,0.0,0.0
image,SSP2-Base,Business As Usual,LU,Share|ElectricityHV|ImportsFI,share,0.0,0.0
image,SSP2-Base,Business As Usual,LU,Share|ElectricityHV|ImportsBY,share,0.0,0.0
image,SSP2-Base,Business As Usual,LU,Share|ElectricityHV|ImportsGI,share,0.0,0.0
image,SSP2-Base,Business As Usual,LU,Share|ElectricityHV|ImportsAL,share,0.0,0.0
image,SSP2-Base,Business As Usual,LU,Share|ElectricityHV|ImportsHU,share,0.0,0.0
image,SSP2-Base,Business As Usual,LU,Share|ElectricityHV|ImportsCH,share,0.0,0.0
image,SSP2-Base,Business As Usual,LU,Share|ElectricityMV|TransformationHVMV,share,0.5761023076110239,0.25615910228131755
image,SSP2-Base,Business As Usual,LU,Share|ElectricityMV|SolarPVRoofCommercial,share,0.3553007606944178,0.34194957574419554
image,SSP2-Base,Business As Usual,LU,Share|ElectricityMV|Waste,share,0.06859693169455826,0.40189132197448685
image,SSP2-Base,Business As Usual,LU,Share|ElectricityLV|TransformationMVLV,share,0.38694460541201164,0.333638504740402
image,SSP2-Base,Business As Usual,LU,Share|ElectricityLV|BatteryChemical,share,0.22189017682274464,0.3088193087149105
image,SSP2-Base,Business As Usual,LU,Share|ElectricityLV|SolarPVRoofResidential,share,0.3911652177652438,0.3575421865446875
image,SSP2-Base,Business As Usual,GR,Share|ElectricityHV|Coal,share,0.02896199452600777,0.023089883001783613
image,SSP2-Base,Business As Usual,GR,Share|ElectricityHV|CombinedCycle,share,0.011831319232767003,0.05086955544543342
image,SSP2-Base,Business As Usual,GR,Share|ElectricityHV|GasTurbine,share,0.04403067388113444,0.16132877842399862
image,SSP2-Base,Business As Usual,GR,Share|ElectricityHV|CogenerationGas,share,0.03367950959222936,0.005404720298665464
image,SSP2-Base,Business As Usual,GR,Share|ElectricityHV|Nuclear,share,0.03234128101679226,0.02980625769415856
image,SSP2-Base,Business As Usual,GR,Share|ElectricityHV|Oil,share,0.03940499290442345,0.004415183915162517
image,SSP2-Base,Business As Usual,GR,Share|ElectricityHV|Geothermal,share,0.032614411703704445,0.014987718513218232
image,SSP2-Base,Business As Usual,GR,Share|ElectricityHV|HydroRunofRiver,share,0.14655303734891298,0.20158126651652372
image,SSP2-Base,Business As Usual,GR,Share|ElectricityHV|HydroReservoir,share,0.1369484622485782,0.029794384695821352
image,SSP2-Base,Business As Usual,GR,Share|ElectricityHV|Biomass,share,0.045662354133005276,0.0014392090690025258
image,SSP2-Base,Business As Usual,GR,Share|ElectricityHV|Biogas,share,0.04406317160278898,0.012019886497410618
image,SSP2-Base,Business As Usual,GR,Share|ElectricityHV|WindOnshore,share,0.0002135014987443498,0.003525659487991162
image,SSP2-Base,Business As Usual,GR,Share|ElectricityHV|WindOffshore,share,0.022936369776559634,0.052893879769380515
image,SSP2-Base,Business As Usual,GR,Share|ElectricityHV|SolarThermal,share,0.08511511770216101,0.06876300584661886
image,SSP2-Base,Business As Usual,GR,Share|ElectricityHV|SolarPVOpen,share,0.028148759061520028,0.1008574180279553
image,SSP2-Base,Business As Usual,GR,Share|ElectricityHV|Hydrogen,share,0.11256199008209761,0.0835526307351677
image,SSP2-Base,Business As Usual,GR,Share|ElectricityHV|BatteryHydro,share,0.10670120135243828,0.005906406128296655
image,SSP2-Base,Business As Usual,GR,Share|ElectricityHV|ImportsES,share,0.0,0.0
image,SSP2-Base,Business As Usual,GR,Share|ElectricityHV|ImportsBG,share,0.0,0.0
image,SSP2-Base,Business As Usual,GR,Share|ElectricityHV|ImportsSE,share,0.0,0.0
image,SSP2-Base,Business As Usual,GR,Share|ElectricityHV|ImportsAT,share,0.0,0.0
image,SSP2-Base,Business As Usual,GR,Share|ElectricityHV|ImportsMK,share,0.003082910404355361,0.14403950096695536
image,SSP2-Base,Business As Usual,GR,Share|ElectricityHV|ImportsMD,share,0.0,0.0
image,SSP2-Base,Business As Usual,GR,Share|ElectricityHV|ImportsHR,share,0.0,0.0
image,SSP2-Base,Business As Usual,GR,Share|ElectricityHV|ImportsXK,share,0.0,0.0
image,SSP2-Base,Business As Usual,GR,Share|ElectricityHV|ImportsLU,share,0.0,0.0
image,SSP2-Base,Business As Usual,GR,Share|ElectricityHV|ImportsGR,share,0.0,0.0
image,SSP2-Base,Business As Usual,GR,Share|ElectricityHV|ImportsIS,share,0.0,0.0
image,SSP2-Base,Business As Usual,GR,Share|ElectricityHV|ImportsBA,share,0.0,0.0
image,SSP2-Base,Business As Usual,GR,Share|ElectricityHV|ImportsEE,share,0.0,0.0
image,SSP2-Base,Business As Usual,GR,Share|ElectricityHV|ImportsSK,share,0.0,0.0
image,SSP2-Base,Business As Usual,GR,Share|ElectricityHV|ImportsME,share,0.0,0.0
image,SSP2-Base,Business As Usual,GR,Share|ElectricityHV|ImportsLT,share,0.0,0.0
image,SSP2-Base,Business As Usual,GR,Share|ElectricityHV|ImportsSI,share,0.0,0.0
image,SSP2-Base,Business As Usual,GR,Share|ElectricityHV|ImportsIE,share,0.0,0.0
image,SSP2-Base,Business As Usual,GR,Share|ElectricityHV|ImportsBE,share,0.0,0.0
image,SSP2-Base,Business As Usual,GR,Share|ElectricityHV|ImportsRS,share,0.0,0.0
image,SSP2-Base,Business As Usual,GR,Share|ElectricityHV|ImportsRO,share,0.0,0.0
image,SSP2-Base,Business As Usual,GR,Share|ElectricityHV|ImportsNL,share,0.0,0.0
image,SSP2-Base,Business As Usual,GR,Share|ElectricityHV|ImportsUA,share,0.0,0.0
image,SSP2-Base,Business As Usual,GR,Share|ElectricityHV|ImportsPL,share,0.0,0.0
image,SSP2-Base,Business As Usual,GR,Share|ElectricityHV|ImportsFR,share,0.0,0.0
image,SSP2-Base,Business As Usual,GR,Share|ElectricityHV|ImportsGB,share,0.0,0.0
image,SSP2-Base,Business As Usual,GR,Share|ElectricityHV|ImportsNO,share,0.0,0.0
image,SSP2-Base,Business As Usual,GR,Share|ElectricityHV|ImportsCZ,share,0.0,0.0
image,SSP2-Base,Business As Usual,GR,Share|ElectricityHV|ImportsMT,share,0.0,0.0
image,SSP2-Base,Business As Usual,GR,Share|ElectricityHV|ImportsDK,share,0.0,0.0
image,SSP2-Base,Business As Usual,GR,Share|ElectricityHV|ImportsIT,share,0.0,0.0
image,SSP2-Base,Business As Usual,GR,Share|ElectricityHV|ImportsLV,share,0.0,0.0
image,SSP2-Base,Business As Usual,GR,Share|ElectricityHV|ImportsDE,share,0.0,0.0
image,SSP2-Base,Business As Usual,GR,Share|ElectricityHV|ImportsPT,share,0.019025456689092318,0.0050094161687496384
image,SSP2-Base,Business As Usual,GR,Share|ElectricityHV|ImportsFI,share,0.0,0.0
image,SSP2-Base,Business As Usual,GR,Share|ElectricityHV|ImportsBY,share,0.026123485242687244,0.0007152387977059723
image,SSP2-Base,Business As Usual,GR,Share|ElectricityHV|ImportsGI,share,0.0,0.0
image,SSP2-Base,Business As Usual,GR,Share|ElectricityHV|ImportsAL,share,0.0,0.0
image,SSP2-Base,Business As Usual,GR,Share|ElectricityHV|ImportsHU,share,0.0,0.0
image,SSP2-Base,Business As Usual,GR,Share|ElectricityHV|ImportsCH,share,0.0,0.0
image,SSP2-Base,Business As Usual,GR,Share|ElectricityMV|TransformationHVMV,share,0.3041286625160832,0.2897648112923824
image,SSP2-Base,Business As Usual,GR,Share|ElectricityMV|SolarPVRoofCommercial,share,0.18929853196802582,0.6581565146842288
image,SSP2-Base,Business As Usual,GR,Share|ElectricityMV|Waste,share,0.5065728055158909,0.05207867402338884
image,SSP2-Base,Business As Usual,GR,Share|ElectricityLV|TransformationMVLV,share,0.1595830934677206,0.22144319036027563
image,SSP2-Base,Business As Usual,GR,Share|ElectricityLV|BatteryChemical,share,0.33499974507023605,0.16981285390848114
image,SSP2-Base,Business As Usual,GR,Share|ElectricityLV|SolarPVRoofResidential,share,0.5054171614620433,0.6087439557312433
image,SSP2-Base,Business As Usual,IS,Share|ElectricityHV|Coal,share,0.06051323958261947,0.015586937498997911
image,SSP2-Base,Business As Usual,IS,Share|ElectricityHV|CombinedCycle,share,0.012461531985148825,0.08007301138962784
image,SSP2-Base,Business As Usual,IS,Share|ElectricityHV|GasTurbine,share,0.0803614715557754,0.16423433772208887
image,SSP2-Base,Business As Usual,IS,Share|ElectricityHV|CogenerationGas,share,0.06932737459769124,0.09618779790815138
image,SSP2-Base,Business As Usual,IS,Share|ElectricityHV|Nuclear,share,0.020773092954432446,0.08151476205159842
image,SSP2-Base,Business As Usual,IS,Share|ElectricityHV|Oil,share,0.007660954727242885,0.03641383567082427
image,SSP2-Base,Business As Usual,IS,Share|ElectricityHV|Geothermal,share,0.00024127002584266812,0.013215540089808063
image,SSP2-Base,Business As Usual,IS,Share|ElectricityHV|HydroRunofRiver,share,0.055878688688706595,0.07199451987146734
image,SSP2-Base,Business As Usual,IS,Share|ElectricityHV|HydroReservoir,share,0.04124081810562093,0.14317239172635818
image,SSP2-Base,Business As Usual,IS,Share|ElectricityHV|Biomass,share,0.07303007108981507,0.024932650809587644
image,SSP2-Base,Business As Usual,IS,Share|ElectricityHV|Biogas,share,0.1240424140192222,0.018004408949946222
image,SSP2-Base,Business As Usual,IS,Share|ElectricityHV|WindOnshore,share,0.16505869033784468,0.018604847281913656
image,SSP2-Base,Business As Usual,IS,Share|ElectricityHV|WindOffshore,share,0.10400684186518243,0.055473822688614914
image,SSP2-Base,Business As Usual,IS,Share|ElectricityHV|SolarThermal,share,0.024828760570502185,0.11174189790496704
image,SSP2-Base,Business As Usual,IS,Share|ElectricityHV|SolarPVOpen,share,0.033142384763411546,0.0008329868907329963
image,SSP2-Base,Business As Usual,IS,Share|ElectricityHV|Hydrogen,share,0.09782645815229415,0.04097335100957141
image,SSP2-Base,Business As Usual,IS,Share|ElectricityHV|BatteryHydro,share,0.01463127840212896,0.005562309278028481
image,SSP2-Base,Business As Usual,IS,Share|ElectricityHV|ImportsES,share,0.0,0.0
image,SSP2-Base,Business As Usual,IS,Share|ElectricityHV|ImportsBG,share,0.0,0.0
image,SSP2-Base,Business As Usual,IS,Share|ElectricityHV|ImportsSE,share,0.0,0.0
image,SSP2-Base,Business As Usual,IS,Share|ElectricityHV|ImportsAT,share,0.0,0.0
image,SSP2-Base,Business As Usual,IS,Share|ElectricityHV|ImportsMK,share,0.0,0.0
image,SSP2-Base,Business As Usual,IS,Share|ElectricityHV|ImportsMD,share,0.0,0.0
image,SSP2-Base,Business As Usual,IS,Share|ElectricityHV|ImportsHR,share,0.0,0.0
image,SSP2-Base,Business As Usual,IS,Share|ElectricityHV|ImportsXK,share,0.003914945632512333,0.007962420223353141
image,SSP2-Base,Business As Usual,IS,Share|ElectricityHV|ImportsLU,share,0.0,0.0
image,SSP2-Base,Business As Usual,IS,Share|ElectricityHV|ImportsGR,share,0.0,0.0
image,SSP2-Base,Business As Usual,IS,Share|ElectricityHV|ImportsIS,share,0.0,0.0
image,SSP2-Base,Business As Usual,IS,Share|ElectricityHV|ImportsBA,share,0.0,0.0
image,SSP2-Base,Business As Usual,IS,Share|ElectricityHV|ImportsEE,share,0.0,0.0
image,SSP2-Base,Business As Usual,IS,Share|ElectricityHV|ImportsSK,share,0.0,0.0
image,SSP2-Base,Business As Usual,IS,Share|ElectricityHV|ImportsME,share,0.0,0.0
image,SSP2-Base,Business As Usual,IS,Share|ElectricityHV|ImportsLT,share,0.0,0.0
image,SSP2-Base,Business As Usual,IS,Share|ElectricityHV|ImportsSI,share,0.010491875911150406,0.005282124031006654
image,SSP2-Base,Business As Usual,IS,Share|ElectricityHV|ImportsIE,share,0.0,0.0
image,SSP2-Base,Business As Usual,IS,Share|ElectricityHV|ImportsBE,share,0.0,0.0
image,SSP2-Base,Business As Usual,IS,Share|ElectricityHV|ImportsRS,share,0.0,0.0
image,SSP2-Base,Business As Usual,IS,Share|ElectricityHV|ImportsRO,share,0.0,0.0
image,SSP2-Base,Business As Usual,IS,Share|ElectricityHV|ImportsNL,share,0.0,0.0
image,SSP2-Base,Business As Usual,IS,Share|ElectricityHV|ImportsUA,share,0.0,0.0
image,SSP2-Base,Business As Usual,IS,Share|ElectricityHV|ImportsPL,share,0.0,0.0
image,SSP2-Base,Business As Usual,IS,Share|ElectricityHV|ImportsFR,share,0.0,0.0
image,SSP2-Base,Business As Usual,IS,Share|ElectricityHV|ImportsGB,share,0.0,0.0
image,SSP2-Base,Business As Usual,IS,Share|ElectricityHV|ImportsNO,share,0.0,0.0
image,SSP2-Base,Business As Usual,IS,Share|ElectricityHV|ImportsCZ,share,0.0,0.0
image,SSP2-Base,Business As Usual,IS,Share|ElectricityHV|ImportsMT,share,0.0,0.0
image,SSP2-Base,Business As Usual,IS,Share|ElectricityHV|ImportsDK,share,0.0,0.0
image,SSP2-Base,Business As Usual,IS,Share|ElectricityHV|ImportsIT,share,0.0,0.0
image,SSP2-Base,Business As Usual,IS,Share|ElectricityHV|ImportsLV,share,0.0,0.0
image,SSP2-Base,Business As Usual,IS,Share|ElectricityHV|ImportsDE,share,0.0005678370328557896,0.008236047003355647
image,SSP2-Base,Business As Usual,IS,Share|ElectricityHV|ImportsPT,share,0.0,0.0
image,SSP2-Base,Business As Usual,IS,Share|ElectricityHV|ImportsFI,share,0.0,0.0
image,SSP2-Base,Business As Usual,IS,Share|ElectricityHV|ImportsBY,share,0.0,0.0
image,SSP2-Base,Business As Usual,IS,Share|ElectricityHV|ImportsGI,share,0.0,0.0
image,SSP2-Base,Business As Usual,IS,Share|ElectricityHV|ImportsAL,share,0.0,0.0
image,SSP2-Base,Business As Usual,IS,Share|ElectricityHV|ImportsHU,share,0.0,0.0
image,SSP2-Base,Business As Usual,IS,Share|ElectricityHV|ImportsCH,share,0.0,0.0
image,SSP2-Base,Business As Usual,IS,Share|ElectricityMV|TransformationHVMV,share,0.7083740113877153,0.777086895677182
image,SSP2-Base,Business As Usual,IS,Share|ElectricityMV|SolarPVRoofCommercial,share,0.18618774911413058,0.07259285514820817
image,SSP2-Base,Business As Usual,IS,Share|ElectricityMV|Waste,share,0.10543823949815405,0.1503202491746098
image,SSP2-Base,Business As Usual,IS,Share|ElectricityLV|TransformationMVLV,share,0.18447502172771132,0.16892153372767085
image,SSP2-Base,Business As Usual,IS,Share|ElectricityLV|BatteryChemical,share,0.3368014727186072,0.48245776121358863
image,SSP2-Base,Business As Usual,IS,Share|ElectricityLV|SolarPVRoofResidential,share,0.47872350555368137,0.34862070505874054
image,SSP2-Base,Business As Usual,BA,Share|ElectricityHV|Coal,share,0.07993275372522873,0.025194323367903417
image,SSP2-Base,Business As Usual,BA,Share|ElectricityHV|CombinedCycle,share,0.0026234825311474866,0.07855972417708931
image,SSP2-Base,Business As Usual,BA,Share|ElectricityHV|GasTurbine,share,0.06640109325064061,0.07515907409467225
image,SSP2-Base,Business As Usual,BA,Share|ElectricityHV|CogenerationGas,share,0.0076240195647393665,0.049030609823578514
image,SSP2-Base,Business As Usual,BA,Share|ElectricityHV|Nuclear,share,0.0431985605300495,0.10777864968404259
image,SSP2-Base,Business As Usual,BA,Share|ElectricityHV|Oil,share,0.151379640485418,0.08134187925466468
image,SSP2-Base,Business As Usual,BA,Share|ElectricityHV|Geothermal,share,0.06177141555088757,0.07314887575682495
image,SSP2-Base,Business As Usual,BA,Share|ElectricityHV|HydroRunofRiver,share,0.0257886328662102,0.0025784488030269575
image,SSP2-Base,Business As Usual,BA,Share|ElectricityHV|HydroReservoir,share,0.050220458432116276,0.04845683360959013
image,SSP2-Base,Business As Usual,BA,Share|ElectricityHV|Biomass,share,0.017494772830916945,0.04033580868049161
image,SSP2-Base,Business As Usual,BA,Share|ElectricityHV|Biogas,share,0.19973331834560312,0.11955735327237085
image,SSP2-Base,Business As Usual,BA,Share|ElectricityHV|WindOnshore,share,0.013152545067136697,0.0233514888679097
image,SSP2-Base,Business As Usual,BA,Share|ElectricityHV|WindOffshore,share,0.0290573248111969,0.0017354495491532027
image,SSP2-Base,Business As Usual,BA,Share|ElectricityHV|SolarThermal,share,0.0567775774004336,0.10163312760825993
image,SSP2-Base,Business As Usual,BA,Share|ElectricityHV|SolarPVOpen,share,0.046785485859160314,0.047173031320450316
image,SSP2-Base,Business As Usual,BA,Share|ElectricityHV|Hydrogen,share,0.05203741164798473,0.014687778762567764
image,SSP2-Base,Business As Usual,BA,Share|ElectricityHV|BatteryHydro,share,0.017952890536045797,0.01754240043110356
image,SSP2-Base,Business As Usual,BA,Share|ElectricityHV|ImportsES,share,0.0,0.0
image,SSP2-Base,Business As Usual,BA,Share|ElectricityHV|ImportsBG,share,0.0,0.0
image,SSP2-Base,Business As Usual,BA,Share|ElectricityHV|ImportsSE,share,0.0,0.0
image,SSP2-Base,Business As Usual,BA,Share|ElectricityHV|ImportsAT,share,0.0,0.0
image,SSP2-Base,Business As Usual,BA,Share|ElectricityHV|ImportsMK,share,0.0,0.0
image,SSP2-Base,Business As Usual,BA,Share|ElectricityHV|ImportsMD,share,0.0,0.0
image,SSP2-Base,Business As Usual,BA,Share|ElectricityHV|ImportsHR,share,0.0,0.0
image,SSP2-Base,Business As Usual,BA,Share|ElectricityHV|ImportsXK,share,0.0,0.0
image,SSP2-Base,Business As Usual,BA,Share|ElectricityHV|ImportsLU,share,0.0,0.0
image,SSP2-Base,Business As Usual,BA,Share|ElectricityHV|ImportsGR,share,0.0,0.0
image,SSP2-Base,Business As Usual,BA,Share|ElectricityHV|ImportsIS,share,0.0,0.0
image,SSP2-Base,Business As Usual,BA,Share|ElectricityHV|ImportsBA,share,0.0,0.0
image,SSP2-Base,Business As Usual,BA,Share|ElectricityHV|ImportsEE,share,0.0,0.0
image,SSP2-Base,Business As Usual,BA,Share|ElectricityHV|ImportsSK,share,0.0,0.0
image,SSP2-Base,Business As Usual,BA,Share|ElectricityHV|ImportsME,share,0.0,0.0
image,SSP2-Base,Business As Usual,BA,Share|ElectricityHV|ImportsLT,share,0.0,0.0
image,SSP2-Base,Business As Usual,BA,Share|ElectricityHV|ImportsSI,share,0.0,0.0
image,SSP2-Base,Business As Usual,BA,Share|ElectricityHV|ImportsIE,share,0.0,0.0
image,SSP2-Base,Business As Usual,BA,Share|ElectricityHV|ImportsBE,share,0.0,0.0
image,SSP2-Base,Business As Usual,BA,Share|ElectricityHV|ImportsRS,share,0.0,0.0
image,SSP2-Base,Business As Usual,BA,Share|ElectricityHV|ImportsRO,share,0.0,0.0
image,SSP2-Base,Business As Usual,BA,Share|ElectricityHV|ImportsNL,share,0.0,0.0
image,SSP2-Base,Business As Usual,BA,Share|ElectricityHV|ImportsUA,share,0.0,0.0
image,SSP2-Base,Business As Usual,BA,Share|ElectricityHV|ImportsPL,share,0.0,0.0
image,SSP2-Base,Business As Usual,BA,Share|ElectricityHV|ImportsFR,share,0.0,0.0
image,SSP2-Base,Business As Usual,BA,Share|ElectricityHV|ImportsGB,share,0.0,0.0
image,SSP2-Base,Business As Usual,BA,Share|ElectricityHV|ImportsNO,share,0.0,0.0
image,SSP2-Base,Business As Usual,BA,Share|ElectricityHV|ImportsCZ,share,0.0,0.0
image,SSP2-Base,Business As Usual,BA,Share|ElectricityHV|ImportsMT,share,0.041163703187220416,0.03403523382881143
image,SSP2-Base,Business As Usual,BA,Share|ElectricityHV|ImportsDK,share,0.0,0.0
image,SSP2-Base,Business As Usual,BA,Share|ElectricityHV|ImportsIT,share,0.0,0.0
image,SSP2-Base,Business As Usual,BA,Share|ElectricityHV|ImportsLV,share,0.0,0.0
image,SSP2-Base,Business As Usual,BA,Share|ElectricityHV|ImportsDE,share,0.0,0.0
image,SSP2-Base,Business As Usual,BA,Share|ElectricityHV|ImportsPT,share,0.0,0.0
image,SSP2-Base,Business As Usual,BA,Share|ElectricityHV|ImportsFI,share,0.0,0.0
image,SSP2-Base,Business As Usual,BA,Share|ElectricityHV|ImportsBY,share,0.029148050268367292,0.002362920354783827
image,SSP2-Base,Business As Usual,BA,Share|ElectricityHV|ImportsGI,share,0.0,0.0
image,SSP2-Base,Business As Usual,BA,Share|ElectricityHV|ImportsAL,share,0.0,0.0
image,SSP2-Base,Business As Usual,BA,Share|ElectricityHV|ImportsHU,share,0.0,0.0
image,SSP2-Base,Business As Usual,BA,Share|ElectricityHV|ImportsCH,share,0.007756863109496438,0.05633698875270496
image,SSP2-Base,Business As Usual,BA,Share|ElectricityMV|TransformationHVMV,share,0.28362997039341475,0.31106059015800025
image,SSP2-Base,Business As Usual,BA,Share|ElectricityMV|SolarPVRoofCommercial,share,0.27744369125801455,0.20475608914661267
image,SSP2-Base,Business As Usual,BA,Share|ElectricityMV|Waste,share,0.43892633834857075,0.48418332069538705
image,SSP2-Base,Business As Usual,BA,Share|ElectricityLV|TransformationMVLV,share,0.2139834346048318,0.6235046726107603
image,SSP2-Base,Business As Usual,BA,Share|ElectricityLV|BatteryChemical,share,0.1395907022844992,0.2778827061541796
image,SSP2-Base,Business As Usual,BA,Share|ElectricityLV|SolarPVRoofResidential,share,0.6464258631106689,0.09861262123506018
image,SSP2-Base,Business As Usual,EE,Share|ElectricityHV|Coal,share,0.0021020348475055415,0.005131580269893004
image,SSP2-Base,Business As Usual,EE,Share|ElectricityHV|CombinedCycle,share,0.026966565635942765,0.049251108612971176
image,SSP2-Base,Business As Usual,EE,Share|ElectricityHV|GasTurbine,share,0.005005407104784908,0.0432556048967751
image,SSP2-Base,Business As Usual,EE,Share|ElectricityHV|CogenerationGas,share,0.0130694533532627,0.035492765466256064
image,SSP2-Base,Business As Usual,EE,Share|ElectricityHV|Nuclear,share,0.0037376768439948216,0.027924510102072534
image,SSP2-Base,Business As Usual,EE,Share|ElectricityHV|Oil,share,0.025197888222094296,0.06869817589756291
image,SSP2-Base,Business As Usual,EE,Share|ElectricityHV|Geothermal,share,0.18183073161777927,0.04951115113746434
image,SSP2-Base,Business As Usual,EE,Share|ElectricityHV|HydroRunofRiver,share,0.020838094024288115,0.09169501878539442
image,SSP2-Base,Business As Usual,EE,Share|ElectricityHV|HydroReservoir,share,0.020364515954254488,0.09965386007251645
image,SSP2-Base,Business As Usual,EE,Share|ElectricityHV|Biomass,share,0.026321589017006198,0.0612555708804951
image,SSP2-Base,Business As Usual,EE,Share|ElectricityHV|Biogas,share,0.1048200539389568,0.0207722249013667
image,SSP2-Base,Business As Usual,EE,Share|ElectricityHV|WindOnshore,share,0.17905384588816758,0.020593878834057902
image,SSP2-Base,Business As Usual,EE,Share|ElectricityHV|WindOffshore,share,0.13010121568933594,0.02923708895929989
image,SSP2-Base,Business As Usual,EE,Share|ElectricityHV|SolarThermal,share,0.07183183859953547,0.060928183030407077
image,SSP2-Base,Business As Usual,EE,Share|ElectricityHV|SolarPVOpen,share,0.009885524511520999,0.08673075992058431
image,SSP2-Base,Business As Usual,EE,Share|ElectricityHV|Hydrogen,share,0.07331028764368255,0.022236851325202867
image,SSP2-Base,Business As Usual,EE,Share|ElectricityHV|BatteryHydro,share,0.00463526790515341,0.14067971754587102
image,SSP2-Base,Business As Usual,EE,Share|ElectricityHV|ImportsES,share,0.0,0.0
image,SSP2-Base,Business As Usual,EE,Share|ElectricityHV|ImportsBG,share,0.0,0.0
image,SSP2-Base,Business As Usual,EE,Share|ElectricityHV|ImportsSE,share,0.0,0.0
image,SSP2-Base,Business As Usual,EE,Share|ElectricityHV|ImportsAT,share,0.0,0.0
image,SSP2-Base,Business As Usual,EE,Share|ElectricityHV|ImportsMK,share,0.0,0.0
image,SSP2-Base,Business As Usual,EE,Share|ElectricityHV|ImportsMD,share,0.0,0.0
image,SSP2-Base,Business As Usual,EE,Share|ElectricityHV|ImportsHR,share,0.0068018703812176996,0.08152199403568744
image,SSP2-Base,Business As Usual,EE,Share|ElectricityHV|ImportsXK,share,0.0,0.0
image,SSP2-Base,Business As Usual,EE,Share|ElectricityHV|ImportsLU,share,0.0,0.0
image,SSP2-Base,Business As Usual,EE,Share|ElectricityHV|ImportsGR,share,0.0,0.0
image,SSP2-Base,Business As Usual,EE,Share|ElectricityHV|ImportsIS,share,0.0,0.0
image,SSP2-Base,Business As Usual,EE,Share|ElectricityHV|ImportsBA,share,0.0,0.0
image,SSP2-Base,Business As Usual,EE,Share|ElectricityHV|ImportsEE,share,0.0,0.0
image,SSP2-Base,Business As Usual,EE,Share|ElectricityHV|ImportsSK,share,0.0,0.0
image,SSP2-Base,Business As Usual,EE,Share|ElectricityHV|ImportsME,share,0.0,0.0
image,SSP2-Base,Business As Usual,EE,Share|ElectricityHV|ImportsLT,share,0.0,0.0
image,SSP2-Base,Business As Usual,EE,Share|ElectricityHV|ImportsSI,share,0.01008498490349373,0.0017027442710914448
image,SSP2-Base,Business As Usual,EE,Share|ElectricityHV|ImportsIE,share,0.0,0.0
image,SSP2-Base,Business As Usual,EE,Share|ElectricityHV|ImportsBE,share,0.0,0.0
image,SSP2-Base,Business As Usual,EE,Share|ElectricityHV|ImportsRS,share,0.0,0.0
image,SSP2-Base,Business As Usual,EE,Share|ElectricityHV|ImportsRO,share,0.0,0.0
image,SSP2-Base,Business As Usual,EE,Share|ElectricityHV|ImportsNL,share,0.0,0.0
image,SSP2-Base,Business As Usual,EE,Share|ElectricityHV|ImportsUA,share,0.0,0.0
image,SSP2-Base,Business As Usual,EE,Share|ElectricityHV|ImportsPL,share,0.0,0.0
image,SSP2-Base,Business As Usual,EE,Share|ElectricityHV|ImportsFR,share,0.0,0.0
image,SSP2-Base,Business As Usual,EE,Share|ElectricityHV|ImportsGB,share,0.08404115391802258,0.003727211055030331
image,SSP2-Base,Business As Usual,EE,Share|ElectricityHV|ImportsNO,share,0.0,0.0
image,SSP2-Base,Business As Usual,EE,Share|ElectricityHV|ImportsCZ,share,0.0,0.0
image,SSP2-Base,Business As Usual,EE,Share|ElectricityHV|ImportsMT,share,0.0,0.0
image,SSP2-Base,Business As Usual,EE,Share|ElectricityHV|ImportsDK,share,0.0,0.0
image,SSP2-Base,Business As Usual,EE,Share|ElectricityHV|ImportsIT,share,0.0,0.0
image,SSP2-Base,Business As Usual,EE,Share|ElectricityHV|ImportsLV,share,0.0,0.0
image,SSP2-Base,Business As Usual,EE,Share|ElectricityHV|ImportsDE,share,0.0,0.0
image,SSP2-Base,Business As Usual,EE,Share|ElectricityHV|ImportsPT,share,0.0,0.0
image,SSP2-Base,Business As Usual,EE,Share|ElectricityHV|ImportsFI,share,0.0,0.0
image,SSP2-Base,Business As Usual,EE,Share|ElectricityHV|ImportsBY,share,0.0,0.0
image,SSP2-Base,Business As Usual,EE,Share|ElectricityHV|ImportsGI,share,0.0,0.0
image,SSP2-Base,Business As Usual,EE,Share|ElectricityHV|ImportsAL,share,0.0,0.0
image,SSP2-Base,Business As Usual,EE,Share|ElectricityHV|ImportsHU,share,0.0,0.0
image,SSP2-Base,Business As Usual,EE,Share|ElectricityHV|ImportsCH,share,0.0,0.0
image,SSP2-Base,Business As Usual,EE,Share|ElectricityMV|TransformationHVMV,share,0.12785814840597284,0.7954800482382891
image,SSP2-Base,Business As Usual,EE,Share|ElectricityMV|SolarPVRoofCommercial,share,0.703408534808491,0.03545299185370461
image,SSP2-Base,Business As Usual,EE,Share|ElectricityMV|Waste,share,0.16873331678553624,0.16906695990800624
image,SSP2-Base,Business As Usual,EE,Share|ElectricityLV|TransformationMVLV,share,0.42116553222719694,0.1924353629377886
image,SSP2-Base,Business As Usual,EE,Share|ElectricityLV|BatteryChemical,share,0.11979327948967729,0.7985561087583237
image,SSP2-Base,Business As Usual,EE,Share|ElectricityLV|SolarPVRoofResidential,share,0.45904118828312584,0.00900852830388774
image,SSP2-Base,Business As Usual,SK,Share|ElectricityHV|Coal,share,0.07489191965577455,0.039807100530778225
image,SSP2-Base,Business As Usual,SK,Share|ElectricityHV|CombinedCycle,share,0.19339139229191252,0.0003431120416778046
image,SSP2-Base,Business As Usual,SK,Share|ElectricityHV|GasTurbine,share,0.0027917378733972767,0.11184631489616113
image,SSP2-Base,Business As Usual,SK,Share|ElectricityHV|CogenerationGas,share,0.10069453636955727,0.06615961194950505
image,SSP2-Base,Business As Usual,SK,Share|ElectricityHV|Nuclear,share,0.004959519286274364,0.03383731050052469
image,SSP2-Base,Business As Usual,SK,Share|ElectricityHV|Oil,share,0.02910934817274228,0.00015975892612151522
image,SSP2-Base,Business As Usual,SK,Share|ElectricityHV|Geothermal,share,0.007660213406851918,0.010462935241079503
image,SSP2-Base,Business As Usual,SK,Share|ElectricityHV|HydroRunofRiver,share,0.023684849148654222,0.00492601853019447
image,SSP2-Base,Business As Usual,SK,Share|ElectricityHV|HydroReservoir,share,0.12583795327629219,0.031810885591100166
image,SSP2-Base,Business As Usual,SK,Share|ElectricityHV|Biomass,share,0.03726181645366486,0.056451891035587766
image,SSP2-Base,Business As Usual,SK,Share|ElectricityHV|Biogas,share,0.020784154632102796,0.05345563033106229
image,SSP2-Base,Business As Usual,SK,Share|ElectricityHV|WindOnshore,share,0.01712203752675375,0.14784006802463126
image,SSP2-Base,Business As Usual,SK,Share|ElectricityHV|WindOffshore,share,0.011648074266274386,0.03634319761677552
image,SSP2-Base,Business As Usual,SK,Share|ElectricityHV|SolarThermal,share,0.11769775461643053,0.11827792556514483
image,SSP2-Base,Business As Usual,SK,Share|ElectricityHV|SolarPVOpen,share,0.060256488734954504,0.027025760647263735
image,SSP2-Base,Business As Usual,SK,Share|ElectricityHV|Hydrogen,share,0.08291571933436143,0.06369010152546306
image,SSP2-Base,Business As Usual,SK,Share|ElectricityHV|BatteryHydro,share,0.006468079458337305,0.030239768840390147
image,SSP2-Base,Business As Usual,SK,Share|ElectricityHV|ImportsES,share,0.0,0.0
image,SSP2-Base,Business As Usual,SK,Share|ElectricityHV|ImportsBG,share,0.0,0.0
image,SSP2-Base,Business As Usual,SK,Share|ElectricityHV|ImportsSE,share,0.0,0.0
image,SSP2-Base,Business As Usual,SK,Share|ElectricityHV|ImportsAT,share,0.0,0.0
image,SSP2-Base,Business As Usual,SK,Share|ElectricityHV|ImportsMK,share,0.0,0.0
image,SSP2-Base,Business As Usual,SK,Share|ElectricityHV|ImportsMD,share,0.0,0.0
image,SSP2-Base,Business As Usual,SK,Share|ElectricityHV|ImportsHR,share,0.0,0.0
image,SSP2-Base,Business As Usual,SK,Share|ElectricityHV|ImportsXK,share,0.0,0.0
image,SSP2-Base,Business As Usual,SK,Share|ElectricityHV|ImportsLU,share,0.0,0.0
image,SSP2-Base,Business As Usual,SK,Share|ElectricityHV|ImportsGR,share,0.0,0.0
image,SSP2-Base,Business As Usual,SK,Share|ElectricityHV|ImportsIS,share,0.0,0.0
image,SSP2-Base,Business As Usual,SK,Share|ElectricityHV|ImportsBA,share,0.0,0.0
image,SSP2-Base,Business As Usual,SK,Share|ElectricityHV|ImportsEE,share,0.0,0.0
image,SSP2-Base,Business As Usual,SK,Share|ElectricityHV|ImportsSK,share,0.0,0.0
image,SSP2-Base,Business As Usual,SK,Share|ElectricityHV|ImportsME,share,0.0,0.0
image,SSP2-Base,Business As Usual,SK,Share|ElectricityHV|ImportsLT,share,0.0,0.0
image,SSP2-Base,Business As Usual,SK,Share|ElectricityHV|ImportsSI,share,0.02762181614387414,0.03373618166825846
image,SSP2-Base,Business As Usual,SK,Share|ElectricityHV|ImportsIE,share,0.0,0.0
image,SSP2-Base,Business As Usual,SK,Share|ElectricityHV|ImportsBE,share,0.0,0.0
image,SSP2-Base,Business As Usual,SK,Share|ElectricityHV|ImportsRS,share,0.04846471394546696,0.023189949592846936
image,SSP2-Base,Business As Usual,SK,Share|ElectricityHV|ImportsRO,share,0.0,0.0
image,SSP2-Base,Business As Usual,SK,Share|ElectricityHV|ImportsNL,share,0.0,0.0
image,SSP2-Base,Business As Usual,SK,Share|ElectricityHV|ImportsUA,share,0.0,0.0
image,SSP2-Base,Business As Usual,SK,Share|ElectricityHV|ImportsPL,share,0.0,0.0
image,SSP2-Base,Business As Usual,SK,Share|ElectricityHV|ImportsFR,share,0.0,0.0
image,SSP2-Base,Business As Usual,SK,Share|ElectricityHV|ImportsGB,share,0.006737875406322958,0.11039647694543321
image,SSP2-Base,Business As Usual,SK,Share|ElectricityHV|ImportsNO,share,0.0,0.0
image,SSP2-Base,Business As Usual,SK,Share|ElectricityHV|ImportsCZ,share,0.0,0.0
image,SSP2-Base,Business As Usual,SK,Share|ElectricityHV|ImportsMT,share,0.0,0.0
image,SSP2-Base,Business As Usual,SK,Share|ElectricityHV|ImportsDK,share,0.0,0.0
image,SSP2-Base,Business As Usual,SK,Share|ElectricityHV|ImportsIT,share,0.0,0.0
image,SSP2-Base,Business As Usual,SK,Share|ElectricityHV|ImportsLV,share,0.0,0.0
image,SSP2-Base,Business As Usual,SK,Share|ElectricityHV|ImportsDE,share,0.0,0.0
image,SSP2-Base,Business As Usual,SK,Share|ElectricityHV|ImportsPT,share,0.0,0.0
image,SSP2-Base,Business As Usual,SK,Share|ElectricityHV|ImportsFI,share,0.0,0.0
image,SSP2-Base,Business As Usual,SK,Share|ElectricityHV|ImportsBY,share,0.0,0.0
image,SSP2-Base,Business As Usual,SK,Share|ElectricityHV|ImportsGI,share,0.0,0.0
image,SSP2-Base,Business As Usual,SK,Share|ElectricityHV|ImportsAL,share,0.0,0.0
image,SSP2-Base,Business As Usual,SK,Share|ElectricityHV|ImportsHU,share,0.0,0.0
image,SSP2-Base,Business As Usual,SK,Share|ElectricityHV|ImportsCH,share,0.0,0.0
image,SSP2-Base,Business As Usual,SK,Share|ElectricityMV|TransformationHVMV,share,0.4762628688031623,0.2721854555887196
image,SSP2-Base,Business As Usual,SK,Share|ElectricityMV|SolarPVRoofCommercial,share,0.34988958695218514,0.3372288555251881
image,SSP2-Base,Business As Usual,SK,Share|ElectricityMV|Waste,share,0.1738475442446525,0.3905856888860922
image,SSP2-Base,Business As Usual,SK,Share|ElectricityLV|TransformationMVLV,share,0.45704976826412946,0.08344334078825556
image,SSP2-Base,Business As Usual,SK,Share|ElectricityLV|BatteryChemical,share,0.005499502244869298,0.42985655203356676
image,SSP2-Base,Business As Usual,SK,Share|ElectricityLV|SolarPVRoofResidential,share,0.5374507294910011,0.4867001071781777
image,SSP2-Base,Business As Usual,ME,Share|ElectricityHV|Coal,share,0.030235138060057096,0.003677390061232699
image,SSP2-Base,Business As Usual,ME,Share|ElectricityHV|CombinedCycle,share,0.02826161266580424,0.019544874227049393
image,SSP2-Base,Business As Usual,ME,Share|ElectricityHV|GasTurbine,share,0.018903950085084494,0.01701816290220026
image,SSP2-Base,Business As Usual,ME,Share|ElectricityHV|CogenerationGas,share,0.0583689932144545,0.019531750075084606
image,SSP2-Base,Business As Usual,ME,Share|ElectricityHV|Nuclear,share,0.026428426934734413,0.03177046826916583
image,SSP2-Base,Business As Usual,ME,Share|ElectricityHV|Oil,share,0.05093391389631889,0.019622983141140707
image,SSP2-Base,Business As Usual,ME,Share|ElectricityHV|Geothermal,share,0.07045342723359072,0.03127504164211721
image,SSP2-Base,Business As Usual,ME,Share|ElectricityHV|HydroRunofRiver,share,0.21984824508337736,0.01969957039639762
image,SSP2-Base,Business As Usual,ME,Share|ElectricityHV|HydroReservoir,share,0.030798599083983497,0.05601022158928792
image,SSP2-Base,Business As Usual,ME,Share|ElectricityHV|Biomass,share,0.10005061963181942,0.23518090524380714
image,SSP2-Base,Business As Usual,ME,Share|ElectricityHV|Biogas,share,0.043434047572259944,0.04585711465543913
image,SSP2-Base,Business As Usual,ME,Share|ElectricityHV|WindOnshore,share,0.04598713323767148,0.02072249688101826
image,SSP2-Base,Business As Usual,ME,Share|ElectricityHV|WindOffshore,share,0.03125910240886818,0.17647714874826922
image,SSP2-Base,Business As Usual,ME,Share|ElectricityHV|SolarThermal,share,0.03970860182174983,0.0484847993244249
image,SSP2-Base,Business As Usual,ME,Share|ElectricityHV|SolarPVOpen,share,0.026709383985778806,0.030966458279021773
image,SSP2-Base,Business As Usual,ME,Share|ElectricityHV|Hydrogen,share,0.08553325545912321,0.03279598420841398
image,SSP2-Base,Business As Usual,ME,Share|ElectricityHV|BatteryHydro,share,0.01396690511444017,0.04241044479257842
image,SSP2-Base,Business As Usual,ME,Share|ElectricityHV|ImportsES,share,0.0,0.0
image,SSP2-Base,Business As Usual,ME,Share|ElectricityHV|ImportsBG,share,0.0,0.0
image,SSP2-Base,Business As Usual,ME,Share|ElectricityHV|ImportsSE,share,0.0,0.0
image,SSP2-Base,Business As Usual,ME,Share|ElectricityHV|ImportsAT,share,0.05582725980299567,0.04861372694718141
image,SSP2-Base,Business As Usual,ME,Share|ElectricityHV|ImportsMK,share,0.0,0.0
image,SSP2-Base,Business As Usual,ME,Share|ElectricityHV|ImportsMD,share,0.0,0.0
image,SSP2-Base,Business As Usual,ME,Share|ElectricityHV|ImportsHR,share,0.0,0.0
image,SSP2-Base,Business As Usual,ME,Share|ElectricityHV|ImportsXK,share,0.0,0.0
image,SSP2-Base,Business As Usual,ME,Share|ElectricityHV|ImportsLU,share,0.0,0.0
image,SSP2-Base,Business As Usual,ME,Share|ElectricityHV|ImportsGR,share,0.0,0.0
image,SSP2-Base,Business As Usual,ME,Share|ElectricityHV|ImportsIS,share,0.0,0.0
image,SSP2-Base,Business As Usual,ME,Share|ElectricityHV|ImportsBA,share,0.0,0.0
image,SSP2-Base,Business As Usual,ME,Share|ElectricityHV|ImportsEE,share,0.0,0.0
image,SSP2-Base,Business As Usual,ME,Share|ElectricityHV|ImportsSK,share,0.0,0.0
image,SSP2-Base,Business As Usual,ME,Share|ElectricityHV|ImportsME,share,0.0,0.0
image,SSP2-Base,Business As Usual,ME,Share|ElectricityHV|ImportsLT,share,0.0,0.0
image,SSP2-Base,Business As Usual,ME,Share|ElectricityHV|ImportsSI,share,0.0,0.0
image,SSP2-Base,Business As Usual,ME,Share|ElectricityHV|ImportsIE,share,0.0,0.0
image,SSP2-Base,Business As Usual,ME,Share|ElectricityHV|ImportsBE,share,0.0,0.0
image,SSP2-Base,Business As Usual,ME,Share|ElectricityHV|ImportsRS,share,0.0,0.0
image,SSP2-Base,Business As Usual,ME,Share|ElectricityHV|ImportsRO,share,0.0,0.0
image,SSP2-Base,Business As Usual,ME,Share|ElectricityHV|ImportsNL,share,0.0,0.0
image,SSP2-Base,Business As Usual,ME,Share|ElectricityHV|ImportsUA,share,0.0,0.0
image,SSP2-Base,Business As Usual,ME,Share|ElectricityHV|ImportsPL,share,0.0,0.0
image,SSP2-Base,Business As Usual,ME,Share|ElectricityHV|ImportsFR,share,0.0,0.0
image,SSP2-Base,Business As Usual,ME,Share|ElectricityHV|ImportsGB,share,0.0,0.0
image,SSP2-Base,Business As Usual,ME,Share|ElectricityHV|ImportsNO,share,0.0,0.0
image,SSP2-Base,Business As Usual,ME,Share|ElectricityHV|ImportsCZ,share,0.0,0.0
image,SSP2-Base,Business As Usual,ME,Share|ElectricityHV|ImportsMT,share,0.019416654097706706,0.0847834034982477
image,SSP2-Base,Business As Usual,ME,Share|ElectricityHV|ImportsDK,share,0.0,0.0
image,SSP2-Base,Business As Usual,ME,Share|ElectricityHV|ImportsIT,share,0.0,0.0
image,SSP2-Base,Business As Usual,ME,Share|ElectricityHV|ImportsLV,share,0.0,0.0
image,SSP2-Base,Business As Usual,ME,Share|ElectricityHV|ImportsDE,share,0.0,0.0
image,SSP2-Base,Business As Usual,ME,Share|ElectricityHV|ImportsPT,share,0.0,0.0
image,SSP2-Base,Business As Usual,ME,Share|ElectricityHV|ImportsFI,share,0.0,0.0
image,SSP2-Base,Business As Usual,ME,Share|ElectricityHV|ImportsBY,share,0.0,0.0
image,SSP2-Base,Business As Usual,ME,Share|ElectricityHV|ImportsGI,share,0.0,0.0
image,SSP2-Base,Business As Usual,ME,Share|ElectricityHV|ImportsAL,share,0.0,0.0
image,SSP2-Base,Business As Usual,ME,Share|ElectricityHV|ImportsHU,share,0.0,0.0
image,SSP2-Base,Business As Usual,ME,Share|ElectricityHV|ImportsCH,share,0.0038747306101814603,0.01555705511792171
image,SSP2-Base,Business As Usual,ME,Share|ElectricityMV|TransformationHVMV,share,0.620734894818667,0.7185042572503627
image,SSP2-Base,Business As Usual,ME,Share|ElectricityMV|SolarPVRoofCommercial,share,0.19937373875280995,0.18526305318049968
image,SSP2-Base,Business As Usual,ME,Share|ElectricityMV|Waste,share,0.17989136642852302,0.09623268956913776
image,SSP2-Base,Business As Usual,ME,Share|ElectricityLV|TransformationMVLV,share,0.47998635436134307,0.5283958398266184
image,SSP2-Base,Business As Usual,ME,Share|ElectricityLV|BatteryChemical,share,0.44927771520798604,0.20123520958861485
image,SSP2-Base,Business As Usual,ME,Share|ElectricityLV|SolarPVRoofResidential,share,0.07073593043067074,0.27036895058476673
image,SSP2-Base,Business As Usual,LT,Share|ElectricityHV|Coal,share,0.012883727126955666,0.013356778165008529
image,SSP2-Base,Business As Usual,LT,Share|ElectricityHV|CombinedCycle,share,0.013854952100558088,0.14491737666922533
image,SSP2-Base,Business As Usual,LT,Share|ElectricityHV|GasTurbine,share,0.050237328759922574,0.0039041357614455355
image,SSP2-Base,Business As Usual,LT,Share|ElectricityHV|CogenerationGas,share,0.16251754017076442,0.12453458564489812
image,SSP2-Base,Business As Usual,LT,Share|ElectricityHV|Nuclear,share,0.029437950003676456,0.04869944982636902
image,SSP2-Base,Business As Usual,LT,Share|ElectricityHV|Oil,share,0.010263692389171096,0.034894953271604856
image,SSP2-Base,Business As Usual,LT,Share|ElectricityHV|Geothermal,share,0.006557537678359684,0.033858015766180596
image,SSP2-Base,Business As Usual,LT,Share|ElectricityHV|HydroRunofRiver,share,0.023299853528782517,0.04171011453297578
image,SSP2-Base,Business As Usual,LT,Share|ElectricityHV|HydroReservoir,share,0.06023185394774905,0.02925414909996702
image,SSP2-Base,Business As Usual,LT,Share|ElectricityHV|Biomass,share,0.22052013326611844,0.07635185931527186
image,SSP2-Base,Business As Usual,LT,Share|ElectricityHV|Biogas,share,0.01917137793145382,0.03051798530114617
image,SSP2-Base,Business As Usual,LT,Share|ElectricityHV|WindOnshore,share,0.02948728169334832,0.049085597332286054
image,SSP2-Base,Business As Usual,LT,Share|ElectricityHV|WindOffshore,share,0.11419642123554569,0.0012386513752976605
image,SSP2-Base,Business As Usual,LT,Share|ElectricityHV|SolarThermal,share,0.03699114999924263,0.04874078223104148
image,SSP2-Base,Business As Usual,LT,Share|ElectricityHV|SolarPVOpen,share,0.0339790571646813,0.0285460302818125
image,SSP2-Base,Business As Usual,LT,Share|ElectricityHV|Hydrogen,share,0.0966235281691923,0.11657998540603508
image,SSP2-Base,Business As Usual,LT,Share|ElectricityHV|BatteryHydro,share,0.03021642049481829,0.036599576118254436
image,SSP2-Base,Business As Usual,LT,Share|ElectricityHV|ImportsES,share,0.0,0.0
image,SSP2-Base,Business As Usual,LT,Share|ElectricityHV|ImportsBG,share,0.0,0.0
image,SSP2-Base,Business As Usual,LT,Share|ElectricityHV|ImportsSE,share,0.0,0.0
image,SSP2-Base,Business As Usual,LT,Share|ElectricityHV|ImportsAT,share,0.0,0.0
image,SSP2-Base,Business As Usual,LT,Share|ElectricityHV|ImportsMK,share,0.0,0.0
image,SSP2-Base,Business As Usual,LT,Share|ElectricityHV|ImportsMD,share,0.0,0.0
image,SSP2-Base,Business As Usual,LT,Share|ElectricityHV|ImportsHR,share,0.0,0.0
image,SSP2-Base,Business As Usual,LT,Share|ElectricityHV|ImportsXK,share,0.0,0.0
image,SSP2-Base,Business As Usual,LT,Share|ElectricityHV|ImportsLU,share,0.0,0.0
image,SSP2-Base,Business As Usual,LT,Share|ElectricityHV|ImportsGR,share,0.00814490542160721,0.09314076965966156
image,SSP2-Base,Business As Usual,LT,Share|ElectricityHV|ImportsIS,share,0.0,0.0
image,SSP2-Base,Business As Usual,LT,Share|ElectricityHV|ImportsBA,share,0.0,0.0
image,SSP2-Base,Business As Usual,LT,Share|ElectricityHV|ImportsEE,share,0.0,0.0
image,SSP2-Base,Business As Usual,LT,Share|ElectricityHV|ImportsSK,share,0.0,0.0
image,SSP2-Base,Business As Usual,LT,Share|ElectricityHV|ImportsME,share,0.0,0.0
image,SSP2-Base,Business As Usual,LT,Share|ElectricityHV|ImportsLT,share,0.0,0.0
image,SSP2-Base,Business As Usual,LT,Share|ElectricityHV|ImportsSI,share,0.0,0.0
image,SSP2-Base,Business As Usual,LT,Share|ElectricityHV|ImportsIE,share,0.0,0.0
image,SSP2-Base,Business As Usual,LT,Share|ElectricityHV|ImportsBE,share,0.0,0.0
image,SSP2-Base,Business As Usual,LT,Share|ElectricityHV|ImportsRS,share,0.0,0.0
image,SSP2-Base,Business As Usual,LT,Share|ElectricityHV|ImportsRO,share,0.0,0.0
image,SSP2-Base,Business As Usual,LT,Share|ElectricityHV|ImportsNL,share,0.0,0.0
image,SSP2-Base,Business As Usual,LT,Share|ElectricityHV|ImportsUA,share,0.0,0.0
image,SSP2-Base,Business As Usual,LT,Share|ElectricityHV|ImportsPL,share,0.0,0.0
image,SSP2-Base,Business As Usual,LT,Share|ElectricityHV|ImportsFR,share,0.0,0.0
image,SSP2-Base,Business As Usual,LT,Share|ElectricityHV|ImportsGB,share,0.0,0.0
image,SSP2-Base,Business As Usual,LT,Share|ElectricityHV|ImportsNO,share,0.0,0.0
image,SSP2-Base,Business As Usual,LT,Share|ElectricityHV|ImportsCZ,share,0.0,0.0
image,SSP2-Base,Business As Usual,LT,Share|ElectricityHV|ImportsMT,share,0.0,0.0
image,SSP2-Base,Business As Usual,LT,Share|ElectricityHV|ImportsDK,share,0.005663474664772164,0.00702566913382319
image,SSP2-Base,Business As Usual,LT,Share|ElectricityHV|ImportsIT,share,0.0,0.0
image,SSP2-Base,Business As Usual,LT,Share|ElectricityHV|ImportsLV,share,0.0,0.0
image,SSP2-Base,Business As Usual,LT,Share|ElectricityHV|ImportsDE,share,0.0,0.0
image,SSP2-Base,Business As Usual,LT,Share|ElectricityHV|ImportsPT,share,0.03572181425328033,0.03704353510769529
image,SSP2-Base,Business As Usual,LT,Share|ElectricityHV|ImportsFI,share,0.0,0.0
image,SSP2-Base,Business As Usual,LT,Share|ElectricityHV|ImportsBY,share,0.0,0.0
image,SSP2-Base,Business As Usual,LT,Share|ElectricityHV|ImportsGI,share,0.0,0.0
image,SSP2-Base,Business As Usual,LT,Share|ElectricityHV|ImportsAL,share,0.0,0.0
image,SSP2-Base,Business As Usual,LT,Share|ElectricityHV|ImportsHU,share,0.0,0.0
image,SSP2-Base,Business As Usual,LT,Share|ElectricityHV|ImportsCH,share,0.0,0.0
image,SSP2-Base,Business As Usual,LT,Share|ElectricityMV|TransformationHVMV,share,0.35283877146464515,0.24055471677516957
image,SSP2-Base,Business As Usual,LT,Share|ElectricityMV|SolarPVRoofCommercial,share,0.31980430435666335,0.3191673442682399
image,SSP2-Base,Business As Usual,LT,Share|ElectricityMV|Waste,share,0.3273569241786915,0.4402779389565905
image,SSP2-Base,Business As Usual,LT,Share|ElectricityLV|TransformationMVLV,share,0.49117346400044964,0.7169718011977496
image,SSP2-Base,Business As Usual,LT,Share|ElectricityLV|BatteryChemical,share,0.34766678248354355,0.09787435938385629
image,SSP2-Base,Business As Usual,LT,Share|ElectricityLV|SolarPVRoofResidential,share,0.16115975351600684,0.18515383941839408
image,SSP2-Base,Business As Usual,SI,Share|ElectricityHV|Coal,share,0.08130619716258061,0.048643789105164044
image,SSP2-Base,Business As Usual,SI,Share|ElectricityHV|CombinedCycle,share,0.14745369158697397,0.005776812203526576
image,SSP2-Base,Business As Usual,SI,Share|ElectricityHV|GasTurbine,share,0.05808362546514966,0.03879288648490676
image,SSP2-Base,Business As Usual,SI,Share|ElectricityHV|CogenerationGas,share,0.0342003383055875,0.03382547961067942
image,SSP2-Base,Business As Usual,SI,Share|ElectricityHV|Nuclear,share,0.02817122693257999,0.11812010349850889
image,SSP2-Base,Business As Usual,SI,Share|ElectricityHV|Oil,share,0.09758663605670373,0.11981533623911553
image,SSP2-Base,Business As Usual,SI,Share|ElectricityHV|Geothermal,share,0.02044630026216113,0.06802353924088025
image,SSP2-Base,Business As Usual,SI,Share|ElectricityHV|HydroRunofRiver,share,0.010236698272238127,0.03781441269504909
image,SSP2-Base,Business As Usual,SI,Share|ElectricityHV|HydroReservoir,share,0.08666907745979312,0.024584174440892677
image,SSP2-Base,Business As Usual,SI,Share|ElectricityHV|Biomass,share,0.14880590322626858,0.11286971590242091
image,SSP2-Base,Business As Usual,SI,Share|ElectricityHV|Biogas,share,0.08630245819180417,0.19062702907852896
image,SSP2-Base,Business As Usual,SI,Share|ElectricityHV|WindOnshore,share,0.025274670471168673,0.031114172699017867
image,SSP2-Base,Business As Usual,SI,Share|ElectricityHV|WindOffshore,share,0.000958914725262604,0.04576403678366343
image,SSP2-Base,Business As Usual,SI,Share|ElectricityHV|SolarThermal,share,0.010252929494664125,0.014796823521960848
image,SSP2-Base,Business As Usual,SI,Share|ElectricityHV|SolarPVOpen,share,0.0037042689646714757,0.001995590533334003
image,SSP2-Base,Business As Usual,SI,Share|ElectricityHV|Hydrogen,share,0.1102898042653056,0.06189886654515047
image,SSP2-Base,Business As Usual,SI,Share|ElectricityHV|BatteryHydro,share,0.009002603062548952,0.03254787557521148
image,SSP2-Base,Business As Usual,SI,Share|ElectricityHV|ImportsES,share,0.0,0.0
image,SSP2-Base,Business As Usual,SI,Share|ElectricityHV|ImportsBG,share,0.0,0.0
image,SSP2-Base,Business As Usual,SI,Share|ElectricityHV|ImportsSE,share,0.0,0.0
image,SSP2-Base,Business As Usual,SI,Share|ElectricityHV|ImportsAT,share,0.0,0.0
image,SSP2-Base,Business As Usual,SI,Share|ElectricityHV|ImportsMK,share,0.037584665506578706,0.000718985858880325
image,SSP2-Base,Business As Usual,SI,Share|ElectricityHV|ImportsMD,share,0.0,0.0
image,SSP2-Base,Business As Usual,SI,Share|ElectricityHV|ImportsHR,share,0.0,0.0
image,SSP2-Base,Business As Usual,SI,Share|ElectricityHV|ImportsXK,share,0.0,0.0
image,SSP2-Base,Business As Usual,SI,Share|ElectricityHV|ImportsLU,share,0.0,0.0
image,SSP2-Base,Business As Usual,SI,Share|ElectricityHV|ImportsGR,share,0.0,0.0
image,SSP2-Base,Business As Usual,SI,Share|ElectricityHV|ImportsIS,share,0.0,0.0
image,SSP2-Base,Business As Usual,SI,Share|ElectricityHV|ImportsBA,share,0.0,0.0
image,SSP2-Base,Business As Usual,SI,Share|ElectricityHV|ImportsEE,share,0.002809608316812431,0.006333818704839182
image,SSP2-Base,Business As Usual,SI,Share|ElectricityHV|ImportsSK,share,0.0,0.0
image,SSP2-Base,Business As Usual,SI,Share|ElectricityHV|ImportsME,share,0.0,0.0
image,SSP2-Base,Business As Usual,SI,Share|ElectricityHV|ImportsLT,share,0.0,0.0
image,SSP2-Base,Business As Usual,SI,Share|ElectricityHV|ImportsSI,share,0.0,0.0
image,SSP2-Base,Business As Usual,SI,Share|ElectricityHV|ImportsIE,share,0.0,0.0
image,SSP2-Base,Business As Usual,SI,Share|ElectricityHV|ImportsBE,share,0.0,0.0
image,SSP2-Base,Business As Usual,SI,Share|ElectricityHV|ImportsRS,share,0.0,0.0
image,SSP2-Base,Business As Usual,SI,Share|ElectricityHV|ImportsRO,share,0.0,0.0
image,SSP2-Base,Business As Usual,SI,Share|ElectricityHV|ImportsNL,share,0.0,0.0
image,SSP2-Base,Business As Usual,SI,Share|ElectricityHV|ImportsUA,share,0.0,0.0
image,SSP2-Base,Business As Usual,SI,Share|ElectricityHV|ImportsPL,share,0.0,0.0
image,SSP2-Base,Business As Usual,SI,Share|ElectricityHV|ImportsFR,share,0.0,0.0
image,SSP2-Base,Business As Usual,SI,Share|ElectricityHV|ImportsGB,share,0.0,0.0
image,SSP2-Base,Business As Usual,SI,Share|ElectricityHV|ImportsNO,share,0.0,0.0
image,SSP2-Base,Business As Usual,SI,Share|ElectricityHV|ImportsCZ,share,0.0,0.0
image,SSP2-Base,Business As Usual,SI,Share|ElectricityHV|ImportsMT,share,0.0,0.0
image,SSP2-Base,Business As Usual,SI,Share|ElectricityHV|ImportsDK,share,0.0,0.0
image,SSP2-Base,Business As Usual,SI,Share|ElectricityHV|ImportsIT,share,0.0,0.0
image,SSP2-Base,Business As Usual,SI,Share|ElectricityHV|ImportsLV,share,0.0,0.0
image,SSP2-Base,Business As Usual,SI,Share|ElectricityHV|ImportsDE,share,0.0,0.0
image,SSP2-Base,Business As Usual,SI,Share|ElectricityHV|ImportsPT,share,0.0,0.0
image,SSP2-Base,Business As Usual,SI,Share|ElectricityHV|ImportsFI,share,0.0,0.0
image,SSP2-Base,Business As Usual,SI,Share|ElectricityHV|ImportsBY,share,0.0,0.0
image,SSP2-Base,Business As Usual,SI,Share|ElectricityHV|ImportsGI,share,0.0,0.0
image,SSP2-Base,Business As Usual,SI,Share|ElectricityHV|ImportsAL,share,0.0008603822711467957,0.005936551278269218
image,SSP2-Base,Business As Usual,SI,Share|ElectricityHV|ImportsHU,share,0.0,0.0
image,SSP2-Base,Business As Usual,SI,Share|ElectricityHV|ImportsCH,share,0.0,0.0
image,SSP2-Base,Business As Usual,SI,Share|ElectricityMV|TransformationHVMV,share,0.8187955377473547,0.11056241398022937
image,SSP2-Base,Business As Usual,SI,Share|ElectricityMV|SolarPVRoofCommercial,share,0.03447301821191288,0.5957985313577538
image,SSP2-Base,Business As Usual,SI,Share|ElectricityMV|Waste,share,0.14673144404073238,0.2936390546620168
image,SSP2-Base,Business As Usual,SI,Share|ElectricityLV|TransformationMVLV,share,0.15523602253185598,0.24683247043914633
image,SSP2-Base,Business As Usual,SI,Share|ElectricityLV|BatteryChemical,share,0.514247618493418,0.7015467277534542
image,SSP2-Base,Business As Usual,SI,Share|ElectricityLV|SolarPVRoofResidential,share,0.330516358974726,0.051620801807399336
image,SSP2-Base,Business As Usual,IE,Share|ElectricityHV|Coal,share,0.02126538734092476,0.022331444907034162
image,SSP2-Base,Business As Usual,IE,Share|ElectricityHV|CombinedCycle,share,0.06790554781925573,0.02474975327648624
image,SSP2-Base,Business As Usual,IE,Share|ElectricityHV|GasTurbine,share,0.03214403924329715,0.06482812161134167
image,SSP2-Base,Business As Usual,IE,Share|ElectricityHV|CogenerationGas,share,0.04076101967125792,0.03791973451805704
image,SSP2-Base,Business As Usual,IE,Share|ElectricityHV|Nuclear,share,0.059310731461085564,0.12178879607646434
image,SSP2-Base,Business As Usual,IE,Share|ElectricityHV|Oil,share,0.007471140615249216,0.07934187365502988
image,SSP2-Base,Business As Usual,IE,Share|ElectricityHV|Geothermal,share,0.001775437853544553,0.04964063713182514
image,SSP2-Base,Business As Usual,IE,Share|ElectricityHV|HydroRunofRiver,share,0.20317632505612745,0.01871200490511868
image,SSP2-Base,Business As Usual,IE,Share|ElectricityHV|HydroReservoir,share,0.06345250976288663,0.06742926593219255
image,SSP2-Base,Business As Usual,IE,Share|ElectricityHV|Biomass,share,0.05490243061943812,0.015501609722335932
image,SSP2-Base,Business As Usual,IE,Share|ElectricityHV|Biogas,share,0.019706272049525308,0.03895744070871326
image,SSP2-Base,Business As Usual,IE,Share|ElectricityHV|WindOnshore,share,0.06525216169031733,0.004448028522434315
image,SSP2-Base,Business As Usual,IE,Share|ElectricityHV|WindOffshore,share,0.01911414868901404,0.023930106767426552
image,SSP2-Base,Business As Usual,IE,Share|ElectricityHV|SolarThermal,share,0.07866658447848593,0.023456114759266428
image,SSP2-Base,Business As Usual,IE,Share|ElectricityHV|SolarPVOpen,share,0.0674543947439205,0.026536802077309365
image,SSP2-Base,Business As Usual,IE,Share|ElectricityHV|Hydrogen,share,0.058283686841559386,0.08484604846911557
image,SSP2-Base,Business As Usual,IE,Share|ElectricityHV|BatteryHydro,share,0.07239975824255407,0.10498718464782811
image,SSP2-Base,Business As Usual,IE,Share|ElectricityHV|ImportsES,share,0.0,0.0
image,SSP2-Base,Business As Usual,IE,Share|ElectricityHV|ImportsBG,share,0.0,0.0
image,SSP2-Base,Business As Usual,IE,Share|ElectricityHV|ImportsSE,share,0.0,0.0
image,SSP2-Base,Business As Usual,IE,Share|ElectricityHV|ImportsAT,share,0.0,0.0
image,SSP2-Base,Business As Usual,IE,Share|ElectricityHV|ImportsMK,share,0.0,0.0
image,SSP2-Base,Business As Usual,IE,Share|ElectricityHV|ImportsMD,share,0.0,0.0
image,SSP2-Base,Business As Usual,IE,Share|ElectricityHV|ImportsHR,share,0.0,0.0
image,SSP2-Base,Business As Usual,IE,Share|ElectricityHV|ImportsXK,share,0.0,0.0
image,SSP2-Base,Business As Usual,IE,Share|ElectricityHV|ImportsLU,share,0.0,0.0
image,SSP2-Base,Business As Usual,IE,Share|ElectricityHV|ImportsGR,share,0.0,0.0
image,SSP2-Base,Business As Usual,IE,Share|ElectricityHV|ImportsIS,share,0.0,0.0
image,SSP2-Base,Business As Usual,IE,Share|ElectricityHV|ImportsBA,share,0.0,0.0
image,SSP2-Base,Business As Usual,IE,Share|ElectricityHV|ImportsEE,share,0.0,0.0
image,SSP2-Base,Business As Usual,IE,Share|ElectricityHV|ImportsSK,share,0.0,0.0
image,SSP2-Base,Business As Usual,IE,Share|ElectricityHV|ImportsME,share,0.0,0.0
image,SSP2-Base,Business As Usual,IE,Share|ElectricityHV|ImportsLT,share,0.0,0.0
image,SSP2-Base,Business As Usual,IE,Share|ElectricityHV|ImportsSI,share,0.0,0.0
image,SSP2-Base,Business As Usual,IE,Share|ElectricityHV|ImportsIE,share,0.0,0.0
image,SSP2-Base,Business As Usual,IE,Share|ElectricityHV|ImportsBE,share,0.0,0.0
image,SSP2-Base,Business As Usual,IE,Share|ElectricityHV|ImportsRS,share,0.0,0.0
image,SSP2-Base,Business As Usual,IE,Share|ElectricityHV|ImportsRO,share,0.0,0.0
image,SSP2-Base,Business As Usual,IE,Share|ElectricityHV|ImportsNL,share,0.03962039788917554,0.10920017972947789
image,SSP2-Base,Business As Usual,IE,Share|ElectricityHV|ImportsUA,share,0.0,0.0
image,SSP2-Base,Business As Usual,IE,Share|ElectricityHV|ImportsPL,share,0.0,0.0
image,SSP2-Base,Business As Usual,IE,Share|ElectricityHV|ImportsFR,share,0.0,0.0
image,SSP2-Base,Business As Usual,IE,Share|ElectricityHV|ImportsGB,share,0.025159041730986497,0.037259962724533226
image,SSP2-Base,Business As Usual,IE,Share|ElectricityHV|ImportsNO,share,0.0,0.0
image,SSP2-Base,Business As Usual,IE,Share|ElectricityHV|ImportsCZ,share,0.0,0.0
image,SSP2-Base,Business As Usual,IE,Share|ElectricityHV|ImportsMT,share,0.0021789842013943818,0.044134889858009535
image,SSP2-Base,Business As Usual,IE,Share|ElectricityHV|ImportsDK,share,0.0,0.0
image,SSP2-Base,Business As Usual,IE,Share|ElectricityHV|ImportsIT,share,0.0,0.0
image,SSP2-Base,Business As Usual,IE,Share|ElectricityHV|ImportsLV,share,0.0,0.0
image,SSP2-Base,Business As Usual,IE,Share|ElectricityHV|ImportsDE,share,0.0,0.0
image,SSP2-Base,Business As Usual,IE,Share|ElectricityHV|ImportsPT,share,0.0,0.0
image,SSP2-Base,Business As Usual,IE,Share|ElectricityHV|ImportsFI,share,0.0,0.0
image,SSP2-Base,Business As Usual,IE,Share|ElectricityHV|ImportsBY,share,0.0,0.0
image,SSP2-Base,Business As Usual,IE,Share|ElectricityHV|ImportsGI,share,0.0,0.0
image,SSP2-Base,Business As Usual,IE,Share|ElectricityHV|ImportsAL,share,0.0,0.0
image,SSP2-Base,Business As Usual,IE,Share|ElectricityHV|ImportsHU,share,0.0,0.0
image,SSP2-Base,Business As Usual,IE,Share|ElectricityHV|ImportsCH,share,0.0,0.0
image,SSP2-Base,Business As Usual,IE,Share|ElectricityMV|TransformationHVMV,share,0.3724294865046035,0.14660485677529955
image,SSP2-Base,Business As Usual,IE,Share|ElectricityMV|SolarPVRoofCommercial,share,0.5061948475431048,0.7320663416279614
image,SSP2-Base,Business As Usual,IE,Share|ElectricityMV|Waste,share,0.12137566595229156,0.12132880159673894
image,SSP2-Base,Business As Usual,IE,Share|ElectricityLV|TransformationMVLV,share,0.11833572003592982,0.26633303019707516
image,SSP2-Base,Business As Usual,IE,Share|ElectricityLV|BatteryChemical,share,0.5634534461338594,0.07716274625259908
image,SSP2-Base,Business As Usual,IE,Share|ElectricityLV|SolarPVRoofResidential,share,0.3182108338302108,0.6565042235503258
image,SSP2-Base,Business As Usual,BE,Share|ElectricityHV|Coal,share,0.026311616775437748,0.038423527966963016
image,SSP2-Base,Business As Usual,BE,Share|ElectricityHV|CombinedCycle,share,0.05052613041964462,0.06053499765548564
image,SSP2-Base,Business As Usual,BE,Share|ElectricityHV|GasTurbine,share,0.0006217961061268771,0.0421183289439899
image,SSP2-Base,Business As Usual,BE,Share|ElectricityHV|CogenerationGas,share,0.07889554614560523,0.027735177596248866
image,SSP2-Base,Business As Usual,BE,Share|ElectricityHV|Nuclear,share,0.010603065408916106,0.0324170503535393
image,SSP2-Base,Business As Usual,BE,Share|ElectricityHV|Oil,share,0.1336988839396094,0.04470099802951611
image,SSP2-Base,Business As Usual,BE,Share|ElectricityHV|Geothermal,share,0.047257571936536014,0.009298347484348313
image,SSP2-Base,Business As Usual,BE,Share|ElectricityHV|HydroRunofRiver,share,0.024379781698375805,0.025174956682819348
image,SSP2-Base,Business As Usual,BE,Share|ElectricityHV|HydroReservoir,share,0.06422111374817184,0.14883669937064928
image,SSP2-Base,Business As Usual,BE,Share|ElectricityHV|Biomass,share,0.060229698324577044,0.039587838356763494
image,SSP2-Base,Business As Usual,BE,Share|ElectricityHV|Biogas,share,0.0579556980985615,0.028776632140870777
image,SSP2-Base,Business As Usual,BE,Share|ElectricityHV|WindOnshore,share,0.11838762642908479,0.016773030306427256
image,SSP2-Base,Business As Usual,BE,Share|ElectricityHV|WindOffshore,share,0.06827249651767264,0.009444226711085144
image,SSP2-Base,Business As Usual,BE,Share|ElectricityHV|SolarThermal,share,0.02163407481173674,0.03352336063522113
image,SSP2-Base,Business As Usual,BE,Share|ElectricityHV|SolarPVOpen,share,0.03821406188240026,0.035897000575114656
image,SSP2-Base,Business As Usual,BE,Share|ElectricityHV|Hydrogen,share,0.1775654023947228,0.023390123551084677
image,SSP2-Base,Business As Usual,BE,Share|ElectricityHV|BatteryHydro,share,0.019106725341296798,0.1978340231490289
image,SSP2-Base,Business As Usual,BE,Share|ElectricityHV|ImportsES,share,0.0,0.0
image,SSP2-Base,Business As Usual,BE,Share|ElectricityHV|ImportsBG,share,0.0,0.0
image,SSP2-Base,Business As Usual,BE,Share|ElectricityHV|ImportsSE,share,0.0,0.0
image,SSP2-Base,Business As Usual,BE,Share|ElectricityHV|ImportsAT,share,0.0,0.0
image,SSP2-Base,Business As Usual,BE,Share|ElectricityHV|ImportsMK,share,0.0,0.0
image,SSP2-Base,Business As Usual,BE,Share|ElectricityHV|ImportsMD,share,0.0,0.0
image,SSP2-Base,Business As Usual,BE,Share|ElectricityHV|ImportsHR,share,0.0,0.0
image,SSP2-Base,Business As Usual,BE,Share|ElectricityHV|ImportsXK,share,0.0,0.0
image,SSP2-Base,Business As Usual,BE,Share|ElectricityHV|ImportsLU,share,0.0,0.0
image,SSP2-Base,Business As Usual,BE,Share|ElectricityHV|ImportsGR,share,0.0,0.0
image,SSP2-Base,Business As Usual,BE,Share|ElectricityHV|ImportsIS,share,0.0,0.0
image,SSP2-Base,Business As Usual,BE,Share|ElectricityHV|ImportsBA,share,0.0,0.0
image,SSP2-Base,Business As Usual,BE,Share|ElectricityHV|ImportsEE,share,0.0,0.0
image,SSP2-Base,Business As Usual,BE,Share|ElectricityHV|ImportsSK,share,0.0,0.0
image,SSP2-Base,Business As Usual,BE,Share|ElectricityHV|ImportsME,share,0.0,0.0
image,SSP2-Base,Business As Usual,BE,Share|ElectricityHV|ImportsLT,share,0.0,0.0
image,SSP2-Base,Business As Usual,BE,Share|ElectricityHV|ImportsSI,share,0.0,0.0
image,SSP2-Base,Business As Usual,BE,Share|ElectricityHV|ImportsIE,share,0.0,0.0
image,SSP2-Base,Business As Usual,BE,Share|ElectricityHV|ImportsBE,share,0.0,0.0
image,SSP2-Base,Business As Usual,BE,Share|ElectricityHV|ImportsRS,share,0.0,0.0
image,SSP2-Base,Business As Usual,BE,Share|ElectricityHV|ImportsRO,share,0.0,0.0
image,SSP2-Base,Business As Usual,BE,Share|ElectricityHV|ImportsNL,share,0.0008019602448653408,0.0878601250852207
image,SSP2-Base,Business As Usual,BE,Share|ElectricityHV|ImportsUA,share,0.0,0.0
image,SSP2-Base,Business As Usual,BE,Share|ElectricityHV|ImportsPL,share,0.0,0.0
image,SSP2-Base,Business As Usual,BE,Share|ElectricityHV|ImportsFR,share,0.0,0.0
image,SSP2-Base,Business As Usual,BE,Share|ElectricityHV|ImportsGB,share,0.0,0.0
image,SSP2-Base,Business As Usual,BE,Share|ElectricityHV|ImportsNO,share,0.0,0.0
image,SSP2-Base,Business As Usual,BE,Share|ElectricityHV|ImportsCZ,share,0.0,0.0
image,SSP2-Base,Business As Usual,BE,Share|ElectricityHV|ImportsMT,share,0.0,0.0
image,SSP2-Base,Business As Usual,BE,Share|ElectricityHV|ImportsDK,share,0.0,0.0
image,SSP2-Base,Business As Usual,BE,Share|ElectricityHV|ImportsIT,share,0.0,0.0
image,SSP2-Base,Business As Usual,BE,Share|ElectricityHV|ImportsLV,share,0.00098317348977817,0.007194718759582223
image,SSP2-Base,Business As Usual,BE,Share|ElectricityHV|ImportsDE,share,0.0,0.0
image,SSP2-Base,Business As Usual,BE,Share|ElectricityHV|ImportsPT,share,0.0,0.0
image,SSP2-Base,Business As Usual,BE,Share|ElectricityHV|ImportsFI,share,0.0,0.0
image,SSP2-Base,Business As Usual,BE,Share|ElectricityHV|ImportsBY,share,0.0,0.0
image,SSP2-Base,Business As Usual,BE,Share|ElectricityHV|ImportsGI,share,0.0,0.0
image,SSP2-Base,Business As Usual,BE,Share|ElectricityHV|ImportsAL,share,0.0,0.0
image,SSP2-Base,Business As Usual,BE,Share|ElectricityHV|ImportsHU,share,0.0,0.0
image,SSP2-Base,Business As Usual,BE,Share|ElectricityHV|ImportsCH,share,0.0003335762868800847,0.0904788366460414
image,SSP2-Base,Business As Usual,BE,Share|ElectricityMV|TransformationHVMV,share,0.30655099845182715,0.3675496831983856
image,SSP2-Base,Business As Usual,BE,Share|ElectricityMV|SolarPVRoofCommercial,share,0.22810794824497557,0.15010345901017416
image,SSP2-Base,Business As Usual,BE,Share|ElectricityMV|Waste,share,0.46534105330319725,0.4823468577914402
image,SSP2-Base,Business As Usual,BE,Share|ElectricityLV|TransformationMVLV,share,0.3627595799124669,0.5711672330654788
image,SSP2-Base,Business As Usual,BE,Share|ElectricityLV|BatteryChemical,share,0.4835474793595762,0.34067073984278673
image,SSP2-Base,Business As Usual,BE,Share|ElectricityLV|SolarPVRoofResidential,share,0.15369294072795686,0.08816202709173461
image,SSP2-Base,Business As Usual,RS,Share|ElectricityHV|Coal,share,0.17167242759124565,0.02281551811955819
image,SSP2-Base,Business As Usual,RS,Share|ElectricityHV|CombinedCycle,share,0.02757019913715679,0.0556523856394403
image,SSP2-Base,Business As Usual,RS,Share|ElectricityHV|GasTurbine,share,0.16037811466464802,0.055266430109270806
image,SSP2-Base,Business As Usual,RS,Share|ElectricityHV|CogenerationGas,share,0.06304277383320026,0.011244107229513505
image,SSP2-Base,Business As Usual,RS,Share|ElectricityHV|Nuclear,share,0.00834928062072476,0.059090759643465274
image,SSP2-Base,Business As Usual,RS,Share|ElectricityHV|Oil,share,0.03774393523578385,0.2858637645236568
image,SSP2-Base,Business As Usual,RS,Share|ElectricityHV|Geothermal,share,0.025798039687446463,0.08158439349569421
image,SSP2-Base,Business As Usual,RS,Share|ElectricityHV|HydroRunofRiver,share,0.02477957760143435,0.007911004869990712
image,SSP2-Base,Business As Usual,RS,Share|ElectricityHV|HydroReservoir,share,0.01655243289534676,0.015131874310704844
image,SSP2-Base,Business As Usual,RS,Share|ElectricityHV|Biomass,share,0.03469158334922492,0.048370575236601286
image,SSP2-Base,Business As Usual,RS,Share|ElectricityHV|Biogas,share,0.08409627071490586,0.015646923579173345
image,SSP2-Base,Business As Usual,RS,Share|ElectricityHV|WindOnshore,share,0.018458724154952415,0.1507324728080186
image,SSP2-Base,Business As Usual,RS,Share|ElectricityHV|WindOffshore,share,0.05704905896226123,0.006344899563619292
image,SSP2-Base,Business As Usual,RS,Share|ElectricityHV|SolarThermal,share,0.0665618833963742,0.08212431340453158
image,SSP2-Base,Business As Usual,RS,Share|ElectricityHV|SolarPVOpen,share,0.09858822942705646,0.004110525302622444
image,SSP2-Base,Business As Usual,RS,Share|ElectricityHV|Hydrogen,share,0.010343281213982033,0.04755287751200653
image,SSP2-Base,Business As Usual,RS,Share|ElectricityHV|BatteryHydro,share,0.03189993550416242,0.0125481314602133
image,SSP2-Base,Business As Usual,RS,Share|ElectricityHV|ImportsES,share,0.0,0.0
image,SSP2-Base,Business As Usual,RS,Share|ElectricityHV|ImportsBG,share,0.0,0.0
image,SSP2-Base,Business As Usual,RS,Share|ElectricityHV|ImportsSE,share,0.0,0.0
image,SSP2-Base,Business As Usual,RS,Share|ElectricityHV|ImportsAT,share,0.0,0.0
image,SSP2-Base,Business As Usual,RS,Share|ElectricityHV|ImportsMK,share,0.0,0.0
image,SSP2-Base,Business As Usual,RS,Share|ElectricityHV|ImportsMD,share,0.0,0.0
image,SSP2-Base,Business As Usual,RS,Share|ElectricityHV|ImportsHR,share,0.0,0.0
image,SSP2-Base,Business As Usual,RS,Share|ElectricityHV|ImportsXK,share,0.0,0.0
image,SSP2-Base,Business As Usual,RS,Share|ElectricityHV|ImportsLU,share,0.0,0.0
image,SSP2-Base,Business As Usual,RS,Share|ElectricityHV|ImportsGR,share,0.0,0.0
image,SSP2-Base,Business As Usual,RS,Share|ElectricityHV|ImportsIS,share,0.0,0.0
image,SSP2-Base,Business As Usual,RS,Share|ElectricityHV|ImportsBA,share,0.0,0.0
image,SSP2-Base,Business As Usual,RS,Share|ElectricityHV|ImportsEE,share,0.027512985059291024,0.006809694467838435
image,SSP2-Base,Business As Usual,RS,Share|ElectricityHV|ImportsSK,share,0.03169028637786507,0.030133582426022928
image,SSP2-Base,Business As Usual,RS,Share|ElectricityHV|ImportsME,share,0.0,0.0
image,SSP2-Base,Business As Usual,RS,Share|ElectricityHV|ImportsLT,share,0.0,0.0
image,SSP2-Base,Business As Usual,RS,Share|ElectricityHV|ImportsSI,share,0.0,0.0
image,SSP2-Base,Business As Usual,RS,Share|ElectricityHV|ImportsIE,share,0.0,0.0
image,SSP2-Base,Business As Usual,RS,Share|ElectricityHV|ImportsBE,share,0.0,0.0
image,SSP2-Base,Business As Usual,RS,Share|ElectricityHV|ImportsRS,share,0.0,0.0
image,SSP2-Base,Business As Usual,RS,Share|ElectricityHV|ImportsRO,share,0.0,0.0
image,SSP2-Base,Business As Usual,RS,Share|ElectricityHV|ImportsNL,share,0.0,0.0
image,SSP2-Base,Business As Usual,RS,Share|ElectricityHV|ImportsUA,share,0.0,0.0
image,SSP2-Base,Business As Usual,RS,Share|ElectricityHV|ImportsPL,share,0.003220980572937534,0.0010657662980579675
image,SSP2-Base,Business As Usual,RS,Share|ElectricityHV|ImportsFR,share,0.0,0.0
image,SSP2-Base,Business As Usual,RS,Share|ElectricityHV|ImportsGB,share,0.0,0.0
image,SSP2-Base,Business As Usual,RS,Share|ElectricityHV|ImportsNO,share,0.0,0.0
image,SSP2-Base,Business As Usual,RS,Share|ElectricityHV|ImportsCZ,share,0.0,0.0
image,SSP2-Base,Business As Usual,RS,Share|ElectricityHV|ImportsMT,share,0.0,0.0
image,SSP2-Base,Business As Usual,RS,Share|ElectricityHV|ImportsDK,share,0.0,0.0
image,SSP2-Base,Business As Usual,RS,Share|ElectricityHV|ImportsIT,share,0.0,0.0
image,SSP2-Base,Business As Usual,RS,Share|ElectricityHV|ImportsLV,share,0.0,0.0
image,SSP2-Base,Business As Usual,RS,Share|ElectricityHV|ImportsDE,share,0.0,0.0
image,SSP2-Base,Business As Usual,RS,Share|ElectricityHV|ImportsPT,share,0.0,0.0
image,SSP2-Base,Business As Usual,RS,Share|ElectricityHV|ImportsFI,share,0.0,0.0
image,SSP2-Base,Business As Usual,RS,Share|ElectricityHV|ImportsBY,share,0.0,0.0
image,SSP2-Base,Business As Usual,RS,Share|ElectricityHV|ImportsGI,share,0.0,0.0
image,SSP2-Base,Business As Usual,RS,Share|ElectricityHV|ImportsAL,share,0.0,0.0
image,SSP2-Base,Business As Usual,RS,Share|ElectricityHV|ImportsHU,share,0.0,0.0
image,SSP2-Base,Business As Usual,RS,Share|ElectricityHV|ImportsCH,share,0.0,0.0
image,SSP2-Base,Business As Usual,RS,Share|ElectricityMV|TransformationHVMV,share,0.32633564757998734,0.6810292549376037
image,SSP2-Base,Business As Usual,RS,Share|ElectricityMV|SolarPVRoofCommercial,share,0.42850517611866523,0.0034889131378506044
image,SSP2-Base,Business As Usual,RS,Share|ElectricityMV|Waste,share,0.24515917630134743,0.31548183192454565
image,SSP2-Base,Business As Usual,RS,Share|ElectricityLV|TransformationMVLV,share,0.32644234898934793,0.5672380978700202
image,SSP2-Base,Business As Usual,RS,Share|ElectricityLV|BatteryChemical,share,0.36360167349975525,0.366816446586977
image,SSP2-Base,Business As Usual,RS,Share|ElectricityLV|SolarPVRoofResidential,share,0.3099559775108969,0.06594545554300277
image,SSP2-Base,Business As Usual,RO,Share|ElectricityHV|Coal,share,0.0038846981084128536,0.03508403786036927
image,SSP2-Base,Business As Usual,RO,Share|ElectricityHV|CombinedCycle,share,0.1327133591487308,0.0576528091953309
image,SSP2-Base,Business As Usual,RO,Share|ElectricityHV|GasTurbine,share,0.028872256967246483,0.12319516618709195
image,SSP2-Base,Business As Usual,RO,Share|ElectricityHV|CogenerationGas,share,0.11223757633233451,0.08675562520586103
image,SSP2-Base,Business As Usual,RO,Share|ElectricityHV|Nuclear,share,0.018578461767659822,0.0030348422321806925
image,SSP2-Base,Business As Usual,RO,Share|ElectricityHV|Oil,share,0.033511051099859905,0.033410570917138505
image,SSP2-Base,Business As Usual,RO,Share|ElectricityHV|Geothermal,share,0.015014151245548828,0.03789339446190539
image,SSP2-Base,Business As Usual,RO,Share|ElectricityHV|HydroRunofRiver,share,0.02857696904871165,0.07590845561911858
image,SSP2-Base,Business As Usual,RO,Share|ElectricityHV|HydroReservoir,share,0.026501741694594474,0.07650083111970082
image,SSP2-Base,Business As Usual,RO,Share|ElectricityHV|Biomass,share,0.04815812996308258,0.02804296024727138
image,SSP2-Base,Business As Usual,RO,Share|ElectricityHV|Biogas,share,0.06209037737746395,0.02809100438815957
image,SSP2-Base,Business As Usual,RO,Share|ElectricityHV|WindOnshore,share,0.06318359200563287,0.009636234106475168
image,SSP2-Base,Business As Usual,RO,Share|ElectricityHV|WindOffshore,share,0.050382857387164706,0.014751629584958207
image,SSP2-Base,Business As Usual,RO,Share|ElectricityHV|SolarThermal,share,0.06871098845375172,0.07069214719749681
image,SSP2-Base,Business As Usual,RO,Share|ElectricityHV|SolarPVOpen,share,0.07126379474538484,0.06331043847271733
image,SSP2-Base,Business As Usual,RO,Share|ElectricityHV|Hydrogen,share,0.03497606470821049,0.04253074885182249
image,SSP2-Base,Business As Usual,RO,Share|ElectricityHV|BatteryHydro,share,0.14483363821492776,0.04815663237341263
image,SSP2-Base,Business As Usual,RO,Share|ElectricityHV|ImportsES,share,0.0,0.0
image,SSP2-Base,Business As Usual,RO,Share|ElectricityHV|ImportsBG,share,0.0,0.0
image,SSP2-Base,Business As Usual,RO,Share|ElectricityHV|ImportsSE,share,0.0,0.0
image,SSP2-Base,Business As Usual,RO,Share|ElectricityHV|ImportsAT,share,0.0,0.0
image,SSP2-Base,Business As Usual,RO,Share|ElectricityHV|ImportsMK,share,0.0030144785779372503,0.11645669858682868
image,SSP2-Base,Business As Usual,RO,Share|ElectricityHV|ImportsMD,share,0.0,0.0
image,SSP2-Base,Business As Usual,RO,Share|ElectricityHV|ImportsHR,share,0.0,0.0
image,SSP2-Base,Business As Usual,RO,Share|ElectricityHV|ImportsXK,share,0.0,0.0
image,SSP2-Base,Business As Usual,RO,Share|ElectricityHV|ImportsLU,share,0.0,0.0
image,SSP2-Base,Business As Usual,RO,Share|ElectricityHV|ImportsGR,share,0.0,0.0
image,SSP2-Base,Business As Usual,RO,Share|ElectricityHV|ImportsIS,share,0.0,0.0
image,SSP2-Base,Business As Usual,RO,Share|ElectricityHV|ImportsBA,share,0.0,0.0
image,SSP2-Base,Business As Usual,RO,Share|ElectricityHV|ImportsEE,share,0.0,0.0
image,SSP2-Base,Business As Usual,RO,Share|ElectricityHV|ImportsSK,share,0.0,0.0
image,SSP2-Base,Business As Usual,RO,Share|ElectricityHV|ImportsME,share,0.0,0.0
image,SSP2-Base,Business As Usual,RO,Share|ElectricityHV|ImportsLT,share,0.0,0.0
image,SSP2-Base,Business As Usual,RO,Share|ElectricityHV|ImportsSI,share,0.02101807884247784,0.03664116156430044
image,SSP2-Base,Business As Usual,RO,Share|ElectricityHV|ImportsIE,share,0.0,0.0
image,SSP2-Base,Business As Usual,RO,Share|ElectricityHV|ImportsBE,share,0.0,0.0
image,SSP2-Base,Business As Usual,RO,Share|ElectricityHV|ImportsRS,share,0.0,0.0
image,SSP2-Base,Business As Usual,RO,Share|ElectricityHV|ImportsRO,share,0.0,0.0
image,SSP2-Base,Business As Usual,RO,Share|ElectricityHV|ImportsNL,share,0.0,0.0
image,SSP2-Base,Business As Usual,RO,Share|ElectricityHV|ImportsUA,share,0.03247773431086691,0.012254611827860284
image,SSP2-Base,Business As Usual,RO,Share|ElectricityHV|ImportsPL,share,0.0,0.0
image,SSP2-Base,Business As Usual,RO,Share|ElectricityHV|ImportsFR,share,0.0,0.0
image,SSP2-Base,Business As Usual,RO,Share|ElectricityHV|ImportsGB,share,0.0,0.0
image,SSP2-Base,Business As Usual,RO,Share|ElectricityHV|ImportsNO,share,0.0,0.0
image,SSP2-Base,Business As Usual,RO,Share|ElectricityHV|ImportsCZ,share,0.0,0.0
image,SSP2-Base,Business As Usual,RO,Share|ElectricityHV|ImportsMT,share,0.0,0.0
image,SSP2-Base,Business As Usual,RO,Share|ElectricityHV|ImportsDK,share,0.0,0.0
image,SSP2-Base,Business As Usual,RO,Share|ElectricityHV|ImportsIT,share,0.0,0.0
image,SSP2-Base,Business As Usual,RO,Share|ElectricityHV|ImportsLV,share,0.0,0.0
image,SSP2-Base,Business As Usual,RO,Share|ElectricityHV|ImportsDE,share,0.0,0.0
image,SSP2-Base,Business As Usual,RO,Share|ElectricityHV|ImportsPT,share,0.0,0.0
image,SSP2-Base,Business As Usual,RO,Share|ElectricityHV|ImportsFI,share,0.0,0.0
image,SSP2-Base,Business As Usual,RO,Share|ElectricityHV|ImportsBY,share,0.0,0.0
image,SSP2-Base,Business As Usual,RO,Share|ElectricityHV|ImportsGI,share,0.0,0.0
image,SSP2-Base,Business As Usual,RO,Share|ElectricityHV|ImportsAL,share,0.0,0.0
image,SSP2-Base,Business As Usual,RO,Share|ElectricityHV|ImportsHU,share,0.0,0.0
image,SSP2-Base,Business As Usual,RO,Share|ElectricityHV|ImportsCH,share,0.0,0.0
image,SSP2-Base,Business As Usual,RO,Share|ElectricityMV|TransformationHVMV,share,0.6488893752105002,0.549589048592363
image,SSP2-Base,Business As Usual,RO,Share|ElectricityMV|SolarPVRoofCommercial,share,0.059044653020654175,0.11404286518148986
image,SSP2-Base,Business As Usual,RO,Share|ElectricityMV|Waste,share,0.2920659717688456,0.33636808622614717
image,SSP2-Base,Business As Usual,RO,Share|ElectricityLV|TransformationMVLV,share,0.1842994524933292,0.1382190343396809
image,SSP2-Base,Business As Usual,RO,Share|ElectricityLV|BatteryChemical,share,0.8134443572262925,0.2733419708256725
image,SSP2-Base,Business As Usual,RO,Share|ElectricityLV|SolarPVRoofResidential,share,0.002256190280378373,0.5884389948346465
image,SSP2-Base,Business As Usual,NL,Share|ElectricityHV|Coal,share,0.008157834689796134,0.14675456122902486
image,SSP2-Base,Business As Usual,NL,Share|ElectricityHV|CombinedCycle,share,0.0332894392866966,0.08326073458719457
image,SSP2-Base,Business As Usual,NL,Share|ElectricityHV|GasTurbine,share,0.07243647744717366,0.03624045922047314
image,SSP2-Base,Business As Usual,NL,Share|ElectricityHV|CogenerationGas,share,0.10061974870882125,0.009223502278858191
image,SSP2-Base,Business As Usual,NL,Share|ElectricityHV|Nuclear,share,0.01723226268767372,0.043172366765774746
image,SSP2-Base,Business As Usual,NL,Share|ElectricityHV|Oil,share,0.07162222159470728,0.028201487213703875
image,SSP2-Base,Business As Usual,NL,Share|ElectricityHV|Geothermal,share,0.0028146603293449676,0.05684343618373147
image,SSP2-Base,Business As Usual,NL,Share|ElectricityHV|HydroRunofRiver,share,0.027154991770549385,0.06582111992556587
image,SSP2-Base,Business As Usual,NL,Share|ElectricityHV|HydroReservoir,share,0.021541746765892232,0.2346573453727287
image,SSP2-Base,Business As Usual,NL,Share|ElectricityHV|Biomass,share,0.15617590893987257,0.019003518083528004
image,SSP2-Base,Business As Usual,NL,Share|ElectricityHV|Biogas,share,0.004624394183423644,0.07036064093423325
image,SSP2-Base,Business As Usual,NL,Share|ElectricityHV|WindOnshore,share,0.13385407513138875,0.020376330002244616
image,SSP2-Base,Business As Usual,NL,Share|ElectricityHV|WindOffshore,share,0.01889862900597022,0.011333560167560826
image,SSP2-Base,Business As Usual,NL,Share|ElectricityHV|SolarThermal,share,0.029698036286000432,0.03575896915557993
image,SSP2-Base,Business As Usual,NL,Share|ElectricityHV|SolarPVOpen,share,0.024533150094534797,0.015645673458887947
image,SSP2-Base,Business As Usual,NL,Share|ElectricityHV|Hydrogen,share,0.11341532554829985,0.0010045896738818479
image,SSP2-Base,Business As Usual,NL,Share|ElectricityHV|BatteryHydro,share,0.020385359835237548,0.004837349641253091
image,SSP2-Base,Business As Usual,NL,Share|ElectricityHV|ImportsES,share,0.0,0.0
image,SSP2-Base,Business As Usual,NL,Share|ElectricityHV|ImportsBG,share,0.0,0.0
image,SSP2-Base,Business As Usual,NL,Share|ElectricityHV|ImportsSE,share,0.0,0.0
image,SSP2-Base,Business As Usual,NL,Share|ElectricityHV|ImportsAT,share,0.0,0.0
image,SSP2-Base,Business As Usual,NL,Share|ElectricityHV|ImportsMK,share,0.0,0.0
image,SSP2-Base,Business As Usual,NL,Share|ElectricityHV|ImportsMD,share,0.0,0.0
image,SSP2-Base,Business As Usual,NL,Share|ElectricityHV|ImportsHR,share,0.0,0.0
image,SSP2-Base,Business As Usual,NL,Share|ElectricityHV|ImportsXK,share,0.0,0.0
image,SSP2-Base,Business As Usual,NL,Share|ElectricityHV|ImportsLU,share,0.0,0.0
image,SSP2-Base,Business As Usual,NL,Share|ElectricityHV|ImportsGR,share,0.0,0.0
image,SSP2-Base,Business As Usual,NL,Share|ElectricityHV|ImportsIS,share,0.0,0.0
image,SSP2-Base,Business As Usual,NL,Share|ElectricityHV|ImportsBA,share,0.0,0.0
image,SSP2-Base,Business As Usual,NL,Share|ElectricityHV|ImportsEE,share,0.05164221311726911,0.05357478057657268
image,SSP2-Base,Business As Usual,NL,Share|ElectricityHV|ImportsSK,share,0.0,0.0
image,SSP2-Base,Business As Usual,NL,Share|ElectricityHV|ImportsME,share,0.0,0.0
image,SSP2-Base,Business As Usual,NL,Share|ElectricityHV|ImportsLT,share,0.0,0.0
image,SSP2-Base,Business As Usual,NL,Share|ElectricityHV|ImportsSI,share,0.0,0.0
image,SSP2-Base,Business As Usual,NL,Share|ElectricityHV|ImportsIE,share,0.07480615291098816,0.026729875493260315
image,SSP2-Base,Business As Usual,NL,Share|ElectricityHV|ImportsBE,share,0.0,0.0
image,SSP2-Base,Business As Usual,NL,Share|ElectricityHV|ImportsRS,share,0.0,0.0
image,SSP2-Base,Business As Usual,NL,Share|ElectricityHV|ImportsRO,share,0.0,0.0
image,SSP2-Base,Business As Usual,NL,Share|ElectricityHV|ImportsNL,share,0.0,0.0
image,SSP2-Base,Business As Usual,NL,Share|ElectricityHV|ImportsUA,share,0.017097371666359655,0.037199700035941856
image,SSP2-Base,Business As Usual,NL,Share|ElectricityHV|ImportsPL,share,0.0,0.0
image,SSP2-Base,Business As Usual,NL,Share|ElectricityHV|ImportsFR,share,0.0,0.0
image,SSP2-Base,Business As Usual,NL,Share|ElectricityHV|ImportsGB,share,0.0,0.0
image,SSP2-Base,Business As Usual,NL,Share|ElectricityHV|ImportsNO,share,0.0,0.0
image,SSP2-Base,Business As Usual,NL,Share|ElectricityHV|ImportsCZ,share,0.0,0.0
image,SSP2-Base,Business As Usual,NL,Share|ElectricityHV|ImportsMT,share,0.0,0.0
image,SSP2-Base,Business As Usual,NL,Share|ElectricityHV|ImportsDK,share,0.0,0.0
image,SSP2-Base,Business As Usual,NL,Share|ElectricityHV|ImportsIT,share,0.0,0.0
image,SSP2-Base,Business As Usual,NL,Share|ElectricityHV|ImportsLV,share,0.0,0.0
image,SSP2-Base,Business As Usual,NL,Share|ElectricityHV|ImportsDE,share,0.0,0.0
image,SSP2-Base,Business As Usual,NL,Share|ElectricityHV|ImportsPT,share,0.0,0.0
image,SSP2-Base,Business As Usual,NL,Share|ElectricityHV|ImportsFI,share,0.0,0.0
image,SSP2-Base,Business As Usual,NL,Share|ElectricityHV|ImportsBY,share,0.0,0.0
image,SSP2-Base,Business As Usual,NL,Share|ElectricityHV|ImportsGI,share,0.0,0.0
image,SSP2-Base,Business As Usual,NL,Share|ElectricityHV|ImportsAL,share,0.0,0.0
image,SSP2-Base,Business As Usual,NL,Share|ElectricityHV|ImportsHU,share,0.0,0.0
image,SSP2-Base,Business As Usual,NL,Share|ElectricityHV|ImportsCH,share,0.0,0.0
image,SSP2-Base,Business As Usual,NL,Share|ElectricityMV|TransformationHVMV,share,0.06573185629728659,0.3049133853685381
image,SSP2-Base,Business As Usual,NL,Share|ElectricityMV|SolarPVRoofCommercial,share,0.11854669443429945,0.19106084265262196
image,SSP2-Base,Business As Usual,NL,Share|ElectricityMV|Waste,share,0.815721449268414,0.5040257719788398
image,SSP2-Base,Business As Usual,NL,Share|ElectricityLV|TransformationMVLV,share,0.3443678902137356,0.164647460635755
image,SSP2-Base,Business As Usual,NL,Share|ElectricityLV|BatteryChemical,share,0.40540456425247295,0.43393580694209677
image,SSP2-Base,Business As Usual,NL,Share|ElectricityLV|SolarPVRoofResidential,share,0.25022754553379145,0.40141673242214826
image,SSP2-Base,Business As Usual,UA,Share|ElectricityHV|Coal,share,0.00031033253133155105,0.01544939710762416
image,SSP2-Base,Business As Usual,UA,Share|ElectricityHV|CombinedCycle,share,0.09352344613093415,0.05025367734463701
image,SSP2-Base,Business As Usual,UA,Share|ElectricityHV|GasTurbine,share,0.04037271817914035,0.034370011405401586
image,SSP2-Base,Business As Usual,UA,Share|ElectricityHV|CogenerationGas,share,0.0504965418954088,0.07662033104054916
image,SSP2-Base,Business As Usual,UA,Share|ElectricityHV|Nuclear,share,0.07338912788431604,0.002174945092486847
image,SSP2-Base,Business As Usual,UA,Share|ElectricityHV|Oil,share,0.044908026634213796,0.054387304926476074
image,SSP2-Base,Business As Usual,UA,Share|ElectricityHV|Geothermal,share,0.02203279423310017,0.04441687555637445
image,SSP2-Base,Business As Usual,UA,Share|ElectricityHV|HydroRunofRiver,share,0.13068890639155736,0.06217744194037533
image,SSP2-Base,Business As Usual,UA,Share|ElectricityHV|HydroReservoir,share,0.06680325972388702,0.016607003707338547
image,SSP2-Base,Business As Usual,UA,Share|ElectricityHV|Biomass,share,0.01540725502667916,0.15109253917057802
image,SSP2-Base,Business As Usual,UA,Share|ElectricityHV|Biogas,share,0.10848678866084817,0.0483609284454562
image,SSP2-Base,Business As Usual,UA,Share|ElectricityHV|WindOnshore,share,0.00181401661836766,0.026212551449118174
image,SSP2-Base,Business As Usual,UA,Share|ElectricityHV|WindOffshore,share,0.13738083302453458,0.019029735946238423
image,SSP2-Base,Business As Usual,UA,Share|ElectricityHV|SolarThermal,share,0.05327542674529098,0.06493071633746496
image,SSP2-Base,Business As Usual,UA,Share|ElectricityHV|SolarPVOpen,share,0.001401949764022073,0.10643861895415777
image,SSP2-Base,Business As Usual,UA,Share|ElectricityHV|Hydrogen,share,0.060209784053095926,0.030996775954563717
image,SSP2-Base,Business As Usual,UA,Share|ElectricityHV|BatteryHydro,share,0.020367061328694713,0.12142551768246086
image,SSP2-Base,Business As Usual,UA,Share|ElectricityHV|ImportsES,share,0.016557061772984147,0.013316492771408032
image,SSP2-Base,Business As Usual,UA,Share|ElectricityHV|ImportsBG,share,0.0,0.0
image,SSP2-Base,Business As Usual,UA,Share|ElectricityHV|ImportsSE,share,0.0,0.0
image,SSP2-Base,Business As Usual,UA,Share|ElectricityHV|ImportsAT,share,0.0,0.0
image,SSP2-Base,Business As Usual,UA,Share|ElectricityHV|ImportsMK,share,0.0,0.0
image,SSP2-Base,Business As Usual,UA,Share|ElectricityHV|ImportsMD,share,0.0,0.0
image,SSP2-Base,Business As Usual,UA,Share|ElectricityHV|ImportsHR,share,0.0,0.0
image,SSP2-Base,Business As Usual,UA,Share|ElectricityHV|ImportsXK,share,0.0,0.0
image,SSP2-Base,Business As Usual,UA,Share|ElectricityHV|ImportsLU,share,0.0,0.0
image,SSP2-Base,Business As Usual,UA,Share|ElectricityHV|ImportsGR,share,0.0,0.0
image,SSP2-Base,Business As Usual,UA,Share|ElectricityHV|ImportsIS,share,0.0,0.0
image,SSP2-Base,Business As Usual,UA,Share|ElectricityHV|ImportsBA,share,0.0,0.0
image,SSP2-Base,Business As Usual,UA,Share|ElectricityHV|ImportsEE,share,0.0,0.0
image,SSP2-Base,Business As Usual,UA,Share|ElectricityHV|ImportsSK,share,0.0,0.0
image,SSP2-Base,Business As Usual,UA,Share|ElectricityHV|ImportsME,share,0.0,0.0
image,SSP2-Base,Business As Usual,UA,Share|ElectricityHV|ImportsLT,share,0.0,0.0
image,SSP2-Base,Business As Usual,UA,Share|ElectricityHV|ImportsSI,share,0.05462262653394587,0.03594609722522503
image,SSP2-Base,Business As Usual,UA,Share|ElectricityHV|ImportsIE,share,0.0,0.0
image,SSP2-Base,Business As Usual,UA,Share|ElectricityHV|ImportsBE,share,0.0,0.0
image,SSP2-Base,Business As Usual,UA,Share|ElectricityHV|ImportsRS,share,0.0,0.0
image,SSP2-Base,Business As Usual,UA,Share|ElectricityHV|ImportsRO,share,0.007952042867647398,0.025793037942065777
image,SSP2-Base,Business As Usual,UA,Share|ElectricityHV|ImportsNL,share,0.0,0.0
image,SSP2-Base,Business As Usual,UA,Share|ElectricityHV|ImportsUA,share,0.0,0.0
image,SSP2-Base,Business As Usual,UA,Share|ElectricityHV|ImportsPL,share,0.0,0.0
image,SSP2-Base,Business As Usual,UA,Share|ElectricityHV|ImportsFR,share,0.0,0.0
image,SSP2-Base,Business As Usual,UA,Share|ElectricityHV|ImportsGB,share,0.0,0.0
image,SSP2-Base,Business As Usual,UA,Share|ElectricityHV|ImportsNO,share,0.0,0.0
image,SSP2-Base,Business As Usual,UA,Share|ElectricityHV|ImportsCZ,share,0.0,0.0
image,SSP2-Base,Business As Usual,UA,Share|ElectricityHV|ImportsMT,share,0.0,0.0
image,SSP2-Base,Business As Usual,UA,Share|ElectricityHV|ImportsDK,share,0.0,0.0
image,SSP2-Base,Business As Usual,UA,Share|ElectricityHV|ImportsIT,share,0.0,0.0
image,SSP2-Base,Business As Usual,UA,Share|ElectricityHV|ImportsLV,share,0.0,0.0
image,SSP2-Base,Business As Usual,UA,Share|ElectricityHV|ImportsDE,share,0.0,0.0
image,SSP2-Base,Business As Usual,UA,Share|ElectricityHV|ImportsPT,share,0.0,0.0
image,SSP2-Base,Business As Usual,UA,Share|ElectricityHV|ImportsFI,share,0.0,0.0
image,SSP2-Base,Business As Usual,UA,Share|ElectricityHV|ImportsBY,share,0.0,0.0
image,SSP2-Base,Business As Usual,UA,Share|ElectricityHV|ImportsGI,share,0.0,0.0
image,SSP2-Base,Business As Usual,UA,Share|ElectricityHV|ImportsAL,share,0.0,0.0
image,SSP2-Base,Business As Usual,UA,Share|ElectricityHV|ImportsHU,share,0.0,0.0
image,SSP2-Base,Business As Usual,UA,Share|ElectricityHV|ImportsCH,share,0.0,0.0
image,SSP2-Base,Business As Usual,UA,Share|ElectricityMV|TransformationHVMV,share,0.10060827448224606,0.4027865585290782
image,SSP2-Base,Business As Usual,UA,Share|ElectricityMV|SolarPVRoofCommercial,share,0.44402981245383,0.2723848384056731
image,SSP2-Base,Business As Usual,UA,Share|ElectricityMV|Waste,share,0.45536191306392404,0.3248286030652486
image,SSP2-Base,Business As Usual,UA,Share|ElectricityLV|TransformationMVLV,share,0.05847904614619941,0.2023635116970136
image,SSP2-Base,Business As Usual,UA,Share|ElectricityLV|BatteryChemical,share,0.5372529311135579,0.34133604969819975
image,SSP2-Base,Business As Usual,UA,Share|ElectricityLV|SolarPVRoofResidential,share,0.4042680227402427,0.45630043860478664
image,SSP2-Base,Business As Usual,PL,Share|ElectricityHV|Coal,share,0.08637217986036613,0.04772038574390813
image,SSP2-Base,Business As Usual,PL,Share|ElectricityHV|CombinedCycle,share,0.11413787155621657,0.13942805127013888
image,SSP2-Base,Business As Usual,PL,Share|ElectricityHV|GasTurbine,share,0.04137060411175002,0.037357875018185466
image,SSP2-Base,Business As Usual,PL,Share|ElectricityHV|CogenerationGas,share,0.010458327464304133,0.023435680003578725
image,SSP2-Base,Business As Usual,PL,Share|ElectricityHV|Nuclear,share,0.02688314153485297,0.043107704187920995
image,SSP2-Base,Business As Usual,PL,Share|ElectricityHV|Oil,share,0.004799616864497168,0.013480540301376399
image,SSP2-Base,Business As Usual,PL,Share|ElectricityHV|Geothermal,share,0.07265755127976921,0.039914277478258944
image,SSP2-Base,Business As Usual,PL,Share|ElectricityHV|HydroRunofRiver,share,0.021250143015530465,0.025789046008917873
image,SSP2-Base,Business As Usual,PL,Share|ElectricityHV|HydroReservoir,share,0.0145085675252841,0.3037102032224349
image,SSP2-Base,Business As Usual,PL,Share|ElectricityHV|Biomass,share,0.07927726584050451,0.016552270477017714
image,SSP2-Base,Business As Usual,PL,Share|ElectricityHV|Biogas,share,0.13537428210427213,0.02341244706703375
image,SSP2-Base,Business As Usual,PL,Share|ElectricityHV|WindOnshore,share,0.014424053816432587,0.013619797642116203
image,SSP2-Base,Business As Usual,PL,Share|ElectricityHV|WindOffshore,share,0.04165085747658664,0.07426545321602715
image,SSP2-Base,Business As Usual,PL,Share|ElectricityHV|SolarThermal,share,0.02818863595284,0.019963744699483907
image,SSP2-Base,Business As Usual,PL,Share|ElectricityHV|SolarPVOpen,share,0.11866673226949395,0.0055278401786249725
image,SSP2-Base,Business As Usual,PL,Share|ElectricityHV|Hydrogen,share,0.03195838454531737,0.05376458764237905
image,SSP2-Base,Business As Usual,PL,Share|ElectricityHV|BatteryHydro,share,0.00905695537433647,0.034917524937669295
image,SSP2-Base,Business As Usual,PL,Share|ElectricityHV|ImportsES,share,0.036172896284777184,0.006560324478744216
image,SSP2-Base,Business As Usual,PL,Share|ElectricityHV|ImportsBG,share,0.0,0.0
image,SSP2-Base,Business As Usual,PL,Share|ElectricityHV|ImportsSE,share,0.0,0.0
image,SSP2-Base,Business As Usual,PL,Share|ElectricityHV|ImportsAT,share,0.0,0.0
image,SSP2-Base,Business As Usual,PL,Share|ElectricityHV|ImportsMK,share,0.0,0.0
image,SSP2-Base,Business As Usual,PL,Share|ElectricityHV|ImportsMD,share,0.0,0.0
image,SSP2-Base,Business As Usual,PL,Share|ElectricityHV|ImportsHR,share,0.0,0.0
image,SSP2-Base,Business As Usual,PL,Share|ElectricityHV|ImportsXK,share,0.0,0.0
image,SSP2-Base,Business As Usual,PL,Share|ElectricityHV|ImportsLU,share,0.0,0.0
image,SSP2-Base,Business As Usual,PL,Share|ElectricityHV|ImportsGR,share,0.033814668473356305,0.03412763914950344
image,SSP2-Base,Business As Usual,PL,Share|ElectricityHV|ImportsIS,share,0.0,0.0
image,SSP2-Base,Business As Usual,PL,Share|ElectricityHV|ImportsBA,share,0.0,0.0
image,SSP2-Base,Business As Usual,PL,Share|ElectricityHV|ImportsEE,share,0.0,0.0
image,SSP2-Base,Business As Usual,PL,Share|ElectricityHV|ImportsSK,share,0.0,0.0
image,SSP2-Base,Business As Usual,PL,Share|ElectricityHV|ImportsME,share,0.0,0.0
image,SSP2-Base,Business As Usual,PL,Share|ElectricityHV|ImportsLT,share,0.0,0.0
image,SSP2-Base,Business As Usual,PL,Share|ElectricityHV|ImportsSI,share,0.0,0.0
image,SSP2-Base,Business As Usual,PL,Share|ElectricityHV|ImportsIE,share,0.0,0.0
image,SSP2-Base,Business As Usual,PL,Share|ElectricityHV|ImportsBE,share,0.0,0.0
image,SSP2-Base,Business As Usual,PL,Share|ElectricityHV|ImportsRS,share,0.0,0.0
image,SSP2-Base,Business As Usual,PL,Share|ElectricityHV|ImportsRO,share,0.0,0.0
image,SSP2-Base,Business As Usual,PL,Share|ElectricityHV|ImportsNL,share,0.0,0.0
image,SSP2-Base,Business As Usual,PL,Share|ElectricityHV|ImportsUA,share,0.0,0.0
image,SSP2-Base,Business As Usual,PL,Share|ElectricityHV|ImportsPL,share,0.0,0.0
image,SSP2-Base,Business As Usual,PL,Share|ElectricityHV|ImportsFR,share,0.0,0.0
image,SSP2-Base,Business As Usual,PL,Share|ElectricityHV|ImportsGB,share,0.0,0.0
image,SSP2-Base,Business As Usual,PL,Share|ElectricityHV|ImportsNO,share,0.07897726464951188,0.04334460727668007
image,SSP2-Base,Business As Usual,PL,Share|ElectricityHV|ImportsCZ,share,0.0,0.0
image,SSP2-Base,Business As Usual,PL,Share|ElectricityHV|ImportsMT,share,0.0,0.0
image,SSP2-Base,Business As Usual,PL,Share|ElectricityHV|ImportsDK,share,0.0,0.0
image,SSP2-Base,Business As Usual,PL,Share|ElectricityHV|ImportsIT,share,0.0,0.0
image,SSP2-Base,Business As Usual,PL,Share|ElectricityHV|ImportsLV,share,0.0,0.0
image,SSP2-Base,Business As Usual,PL,Share|ElectricityHV|ImportsDE,share,0.0,0.0
image,SSP2-Base,Business As Usual,PL,Share|ElectricityHV|ImportsPT,share,0.0,0.0
image,SSP2-Base,Business As Usual,PL,Share|ElectricityHV|ImportsFI,share,0.0,0.0
image,SSP2-Base,Business As Usual,PL,Share|ElectricityHV|ImportsBY,share,0.0,0.0
image,SSP2-Base,Business As Usual,PL,Share|ElectricityHV|ImportsGI,share,0.0,0.0
image,SSP2-Base,Business As Usual,PL,Share|ElectricityHV|ImportsAL,share,0.0,0.0
image,SSP2-Base,Business As Usual,PL,Share|ElectricityHV|ImportsHU,share,0.0,0.0
image,SSP2-Base,Business As Usual,PL,Share|ElectricityHV|ImportsCH,share,0.0,0.0
image,SSP2-Base,Business As Usual,PL,Share|ElectricityMV|TransformationHVMV,share,0.09474532006204839,0.31173764615146776
image,SSP2-Base,Business As Usual,PL,Share|ElectricityMV|SolarPVRoofCommercial,share,0.606075921593531,0.3520125178378956
image,SSP2-Base,Business As Usual,PL,Share|ElectricityMV|Waste,share,0.2991787583444206,0.33624983601063646
image,SSP2-Base,Business As Usual,PL,Share|ElectricityLV|TransformationMVLV,share,0.33171038682063547,0.4441950854344639
image,SSP2-Base,Business As Usual,PL,Share|ElectricityLV|BatteryChemical,share,0.194603434803659,0.16777254394692395
image,SSP2-Base,Business As Usual,PL,Share|ElectricityLV|SolarPVRoofResidential,share,0.4736861783757055,0.38803237061861234
image,SSP2-Base,Business As Usual,FR,Share|ElectricityHV|Coal,share,0.047468908951091765,0.011809854824404433
image,SSP2-Base,Business As Usual,FR,Share|ElectricityHV|CombinedCycle,share,0.04322895486622752,0.0867315395575223
image,SSP2-Base,Business As Usual,FR,Share|ElectricityHV|GasTurbine,share,0.030064562689018488,0.08855563383226744
image,SSP2-Base,Business As Usual,FR,Share|ElectricityHV|CogenerationGas,share,0.02927752268066526,0.02834756328781428
image,SSP2-Base,Business As Usual,FR,Share|ElectricityHV|Nuclear,share,0.027176660757122714,0.008258054347013469
image,SSP2-Base,Business As Usual,FR,Share|ElectricityHV|Oil,share,0.035845410185414255,0.021617267188450633
image,SSP2-Base,Business As Usual,FR,Share|ElectricityHV|Geothermal,share,0.0820537353429046,0.03844206794951837
image,SSP2-Base,Business As Usual,FR,Share|ElectricityHV|HydroRunofRiver,share,0.03813998252451432,0.0063546247229519905
image,SSP2-Base,Business As Usual,FR,Share|ElectricityHV|HydroReservoir,share,0.001727811195889521,0.047740977144403354
image,SSP2-Base,Business As Usual,FR,Share|ElectricityHV|Biomass,share,0.01568311034054523,0.07704685284997148
image,SSP2-Base,Business As Usual,FR,Share|ElectricityHV|Biogas,share,0.00981255221224881,0.002545037930632112
image,SSP2-Base,Business As Usual,FR,Share|ElectricityHV|WindOnshore,share,0.14509260601958335,0.07813368934685457
image,SSP2-Base,Business As Usual,FR,Share|ElectricityHV|WindOffshore,share,0.1346604682034511,0.014471441212011691
image,SSP2-Base,Business As Usual,FR,Share|ElectricityHV|SolarThermal,share,0.030893984115187338,0.14700747711507808
image,SSP2-Base,Business As Usual,FR,Share|ElectricityHV|SolarPVOpen,share,0.009207752810261413,0.0707863563848778
image,SSP2-Base,Business As Usual,FR,Share|ElectricityHV|Hydrogen,share,0.21110418590471475,0.05988442563244135
image,SSP2-Base,Business As Usual,FR,Share|ElectricityHV|BatteryHydro,share,0.010643707527462425,0.02844520376046574
image,SSP2-Base,Business As Usual,FR,Share|ElectricityHV|ImportsES,share,0.0,0.0
image,SSP2-Base,Business As Usual,FR,Share|ElectricityHV|ImportsBG,share,0.0,0.0
image,SSP2-Base,Business As Usual,FR,Share|ElectricityHV|ImportsSE,share,0.0,0.0
image,SSP2-Base,Business As Usual,FR,Share|ElectricityHV|ImportsAT,share,0.0,0.0
image,SSP2-Base,Business As Usual,FR,Share|ElectricityHV|ImportsMK,share,0.0,0.0
image,SSP2-Base,Business As Usual,FR,Share|ElectricityHV|ImportsMD,share,0.0,0.0
image,SSP2-Base,Business As Usual,FR,Share|ElectricityHV|ImportsHR,share,0.0,0.0
image,SSP2-Base,Business As Usual,FR,Share|ElectricityHV|ImportsXK,share,0.0,0.0
image,SSP2-Base,Business As Usual,FR,Share|ElectricityHV|ImportsLU,share,0.0,0.0
image,SSP2-Base,Business As Usual,FR,Share|ElectricityHV|ImportsGR,share,0.0,0.0
image,SSP2-Base,Business As Usual,FR,Share|ElectricityHV|ImportsIS,share,0.0,0.0
image,SSP2-Base,Business As Usual,FR,Share|ElectricityHV|ImportsBA,share,0.0,0.0
image,SSP2-Base,Business As Usual,FR,Share|ElectricityHV|ImportsEE,share,0.0,0.0
image,SSP2-Base,Business As Usual,FR,Share|ElectricityHV|ImportsSK,share,0.0,0.0
image,SSP2-Base,Business As Usual,FR,Share|ElectricityHV|ImportsME,share,0.0,0.0
image,SSP2-Base,Business As Usual,FR,Share|ElectricityHV|ImportsLT,share,0.0,0.0
image,SSP2-Base,Business As Usual,FR,Share|ElectricityHV|ImportsSI,share,0.0,0.0
image,SSP2-Base,Business As Usual,FR,Share|ElectricityHV|ImportsIE,share,0.0,0.0
image,SSP2-Base,Business As Usual,FR,Share|ElectricityHV|ImportsBE,share,0.008712721498536491,0.03281165087327574
image,SSP2-Base,Business As Usual,FR,Share|ElectricityHV|ImportsRS,share,0.0,0.0
image,SSP2-Base,Business As Usual,FR,Share|ElectricityHV|ImportsRO,share,0.003924540338861554,0.04064599818062566
image,SSP2-Base,Business As Usual,FR,Share|ElectricityHV|ImportsNL,share,0.0,0.0
image,SSP2-Base,Business As Usual,FR,Share|ElectricityHV|ImportsUA,share,0.0,0.0
image,SSP2-Base,Business As Usual,FR,Share|ElectricityHV|ImportsPL,share,0.0,0.0
image,SSP2-Base,Business As Usual,FR,Share|ElectricityHV|ImportsFR,share,0.0,0.0
image,SSP2-Base,Business As Usual,FR,Share|ElectricityHV|ImportsGB,share,0.0,0.0
image,SSP2-Base,Business As Usual,FR,Share|ElectricityHV|ImportsNO,share,0.0,0.0
image,SSP2-Base,Business As Usual,FR,Share|ElectricityHV|ImportsCZ,share,0.0852808218362992,0.11036428385941964
image,SSP2-Base,Business As Usual,FR,Share|ElectricityHV|ImportsMT,share,0.0,0.0
image,SSP2-Base,Business As Usual,FR,Share|ElectricityHV|ImportsDK,share,0.0,0.0
image,SSP2-Base,Business As Usual,FR,Share|ElectricityHV|ImportsIT,share,0.0,0.0
image,SSP2-Base,Business As Usual,FR,Share|ElectricityHV|ImportsLV,share,0.0,0.0
image,SSP2-Base,Business As Usual,FR,Share|ElectricityHV|ImportsDE,share,0.0,0.0
image,SSP2-Base,Business As Usual,FR,Share|ElectricityHV|ImportsPT,share,0.0,0.0
image,SSP2-Base,Business As Usual,FR,Share|ElectricityHV|ImportsFI,share,0.0,0.0
image,SSP2-Base,Business As Usual,FR,Share|ElectricityHV|ImportsBY,share,0.0,0.0
image,SSP2-Base,Business As Usual,FR,Share|ElectricityHV|ImportsGI,share,0.0,0.0
image,SSP2-Base,Business As Usual,FR,Share|ElectricityHV|ImportsAL,share,0.0,0.0
image,SSP2-Base,Business As Usual,FR,Share|ElectricityHV|ImportsHU,share,0.0,0.0
image,SSP2-Base,Business As Usual,FR,Share|ElectricityHV|ImportsCH,share,0.0,0.0
image,SSP2-Base,Business As Usual,FR,Share|ElectricityMV|TransformationHVMV,share,0.8731208048740013,0.12142055817826126
image,SSP2-Base,Business As Usual,FR,Share|ElectricityMV|SolarPVRoofCommercial,share,0.08472992212737565,0.6056225084335914
image,SSP2-Base,Business As Usual,FR,Share|ElectricityMV|Waste,share,0.04214927299862307,0.27295693338814747
image,SSP2-Base,Business As Usual,FR,Share|ElectricityLV|TransformationMVLV,share,0.3831708717517936,0.1833447294316279
image,SSP2-Base,Business As Usual,FR,Share|ElectricityLV|BatteryChemical,share,0.2530092814450867,0.572477134197556
image,SSP2-Base,Business As Usual,FR,Share|ElectricityLV|SolarPVRoofResidential,share,0.3638198468031198,0.24417813637081626
image,SSP2-Base,Business As Usual,GB,Share|ElectricityHV|Coal,share,0.004432077877515343,0.077913944567346
image,SSP2-Base,Business As Usual,GB,Share|ElectricityHV|CombinedCycle,share,0.02231765812961476,0.009496817195011682
image,SSP2-Base,Business As Usual,GB,Share|ElectricityHV|GasTurbine,share,0.01796619713339338,0.018233011935942706
image,SSP2-Base,Business As Usual,GB,Share|ElectricityHV|CogenerationGas,share,0.017931394475227614,0.09525402591185309
image,SSP2-Base,Business As Usual,GB,Share|ElectricityHV|Nuclear,share,0.071067905023201,0.13407964469487624
image,SSP2-Base,Business As Usual,GB,Share|ElectricityHV|Oil,share,0.07491297739942589,0.04980514945356631
image,SSP2-Base,Business As Usual,GB,Share|ElectricityHV|Geothermal,share,0.04605718135371694,0.14831254313989808
image,SSP2-Base,Business As Usual,GB,Share|ElectricityHV|HydroRunofRiver,share,0.00851987688800314,0.04425589853093317
image,SSP2-Base,Business As Usual,GB,Share|ElectricityHV|HydroReservoir,share,0.029882627861031855,0.012263624377559878
image,SSP2-Base,Business As Usual,GB,Share|ElectricityHV|Biomass,share,0.16359502463872141,0.07153476886933839
image,SSP2-Base,Business As Usual,GB,Share|ElectricityHV|Biogas,share,0.23027666110449335,0.006441443485237171
image,SSP2-Base,Business As Usual,GB,Share|ElectricityHV|WindOnshore,share,0.08373708830392877,0.14366995359376222
image,SSP2-Base,Business As Usual,GB,Share|ElectricityHV|WindOffshore,share,0.009045572536455031,0.0678036700398726
image,SSP2-Base,Business As Usual,GB,Share|ElectricityHV|SolarThermal,share,0.030176078010887158,0.01684229812288348
image,SSP2-Base,Business As Usual,GB,Share|ElectricityHV|SolarPVOpen,share,0.04307408973933555,0.0012876710141278066
image,SSP2-Base,Business As Usual,GB,Share|ElectricityHV|Hydrogen,share,0.03677285353733907,0.00029607336926707243
image,SSP2-Base,Business As Usual,GB,Share|ElectricityHV|BatteryHydro,share,0.09165620381831441,0.020421166987434857
image,SSP2-Base,Business As Usual,GB,Share|ElectricityHV|ImportsES,share,0.0,0.0
image,SSP2-Base,Business As Usual,GB,Share|ElectricityHV|ImportsBG,share,0.0,0.0
image,SSP2-Base,Business As Usual,GB,Share|ElectricityHV|ImportsSE,share,0.0,0.0
image,SSP2-Base,Business As Usual,GB,Share|ElectricityHV|ImportsAT,share,0.0,0.0
image,SSP2-Base,Business As Usual,GB,Share|ElectricityHV|ImportsMK,share,0.002916257366330302,0.015192589678119765
image,SSP2-Base,Business As Usual,GB,Share|ElectricityHV|ImportsMD,share,0.0,0.0
image,SSP2-Base,Business As Usual,GB,Share|ElectricityHV|ImportsHR,share,0.0,0.0
image,SSP2-Base,Business As Usual,GB,Share|ElectricityHV|ImportsXK,share,0.0,0.0
image,SSP2-Base,Business As Usual,GB,Share|ElectricityHV|ImportsLU,share,0.0,0.0
image,SSP2-Base,Business As Usual,GB,Share|ElectricityHV|ImportsGR,share,0.0,0.0
image,SSP2-Base,Business As Usual,GB,Share|ElectricityHV|ImportsIS,share,0.0,0.0
image,SSP2-Base,Business As Usual,GB,Share|ElectricityHV|ImportsBA,share,0.0,0.0
image,SSP2-Base,Business As Usual,GB,Share|ElectricityHV|ImportsEE,share,0.0,0.0
image,SSP2-Base,Business As Usual,GB,Share|ElectricityHV|ImportsSK,share,0.0,0.0
image,SSP2-Base,Business As Usual,GB,Share|ElectricityHV|ImportsME,share,0.0,0.0
image,SSP2-Base,Business As Usual,GB,Share|ElectricityHV|ImportsLT,share,0.0,0.0
image,SSP2-Base,Business As Usual,GB,Share|ElectricityHV|ImportsSI,share,0.0,0.0
image,SSP2-Base,Business As Usual,GB,Share|ElectricityHV|ImportsIE,share,0.0,0.0
image,SSP2-Base,Business As Usual,GB,Share|ElectricityHV|ImportsBE,share,0.0,0.0
image,SSP2-Base,Business As Usual,GB,Share|ElectricityHV|ImportsRS,share,0.015548544549830805,0.06671296108980872
image,SSP2-Base,Business As Usual,GB,Share|ElectricityHV|ImportsRO,share,0.0,0.0
image,SSP2-Base,Business As Usual,GB,Share|ElectricityHV|ImportsNL,share,0.0,0.0
image,SSP2-Base,Business As Usual,GB,Share|ElectricityHV|ImportsUA,share,0.0,0.0
image,SSP2-Base,Business As Usual,GB,Share|ElectricityHV|ImportsPL,share,0.0,0.0
image,SSP2-Base,Business As Usual,GB,Share|ElectricityHV|ImportsFR,share,0.0,0.0
image,SSP2-Base,Business As Usual,GB,Share|ElectricityHV|ImportsGB,share,0.0,0.0
image,SSP2-Base,Business As Usual,GB,Share|ElectricityHV|ImportsNO,share,0.0,0.0
image,SSP2-Base,Business As Usual,GB,Share|ElectricityHV|ImportsCZ,share,0.0,0.0
image,SSP2-Base,Business As Usual,GB,Share|ElectricityHV|ImportsMT,share,0.0,0.0
image,SSP2-Base,Business As Usual,GB,Share|ElectricityHV|ImportsDK,share,0.0,0.0
image,SSP2-Base,Business As Usual,GB,Share|ElectricityHV|ImportsIT,share,0.0,0.0
image,SSP2-Base,Business As Usual,GB,Share|ElectricityHV|ImportsLV,share,0.0,0.0
image,SSP2-Base,Business As Usual,GB,Share|ElectricityHV|ImportsDE,share,0.0,0.0
image,SSP2-Base,Business As Usual,GB,Share|ElectricityHV|ImportsPT,share,0.0,0.0
image,SSP2-Base,Business As Usual,GB,Share|ElectricityHV|ImportsFI,share,0.0,0.0
image,SSP2-Base,Business As Usual,GB,Share|ElectricityHV|ImportsBY,share,0.0,0.0
image,SSP2-Base,Business As Usual,GB,Share|ElectricityHV|ImportsGI,share,0.0,0.0
image,SSP2-Base,Business As Usual,GB,Share|ElectricityHV|ImportsAL,share,0.0,0.0
image,SSP2-Base,Business As Usual,GB,Share|ElectricityHV|ImportsHU,share,0.00011373025323418191,0.00018274394316087554
image,SSP2-Base,Business As Usual,GB,Share|ElectricityHV|ImportsCH,share,0.0,0.0
image,SSP2-Base,Business As Usual,GB,Share|ElectricityMV|TransformationHVMV,share,0.23389586838181828,0.41640816293074734
image,SSP2-Base,Business As Usual,GB,Share|ElectricityMV|SolarPVRoofCommercial,share,0.3486498478745958,0.3597699256385634
image,SSP2-Base,Business As Usual,GB,Share|ElectricityMV|Waste,share,0.4174542837435859,0.22382191143068925
image,SSP2-Base,Business As Usual,GB,Share|ElectricityLV|TransformationMVLV,share,0.6732112186862805,0.33213979577489766
image,SSP2-Base,Business As Usual,GB,Share|ElectricityLV|BatteryChemical,share,0.22291170684283976,0.6176975144215198
image,SSP2-Base,Business As Usual,GB,Share|ElectricityLV|SolarPVRoofResidential,share,0.10387707447087982,0.05016268980358261
image,SSP2-Base,Business As Usual,NO,Share|ElectricityHV|Coal,share,0.05388863388349929,0.07444513701580689
image,SSP2-Base,Business As Usual,NO,Share|ElectricityHV|CombinedCycle,share,0.14373232801275782,0.00730663969128912
image,SSP2-Base,Business As Usual,NO,Share|ElectricityHV|GasTurbine,share,0.009608778135765939,0.026640784096657783
image,SSP2-Base,Business As Usual,NO,Share|ElectricityHV|CogenerationGas,share,0.01530824955121173,0.06275307699875926
image,SSP2-Base,Business As Usual,NO,Share|ElectricityHV|Nuclear,share,0.006052275374720979,0.04508733117438655
image,SSP2-Base,Business As Usual,NO,Share|ElectricityHV|Oil,share,0.016345364374838727,0.006044667148335807
image,SSP2-Base,Business As Usual,NO,Share|ElectricityHV|Geothermal,share,0.07999350208027851,0.05076529898388285
image,SSP2-Base,Business As Usual,NO,Share|ElectricityHV|HydroRunofRiver,share,0.005173191835039245,0.03836312920827911
image,SSP2-Base,Business As Usual,NO,Share|ElectricityHV|HydroReservoir,share,0.01477951086056129,0.12683118168708113
image,SSP2-Base,Business As Usual,NO,Share|ElectricityHV|Biomass,share,0.10794135532865619,0.19182843403139901
image,SSP2-Base,Business As Usual,NO,Share|ElectricityHV|Biogas,share,0.01458318885982171,0.09530630000565708
image,SSP2-Base,Business As Usual,NO,Share|ElectricityHV|WindOnshore,share,0.0018611221323999953,0.036003458557127596
image,SSP2-Base,Business As Usual,NO,Share|ElectricityHV|WindOffshore,share,0.023579754680402788,0.04218767723214358
image,SSP2-Base,Business As Usual,NO,Share|ElectricityHV|SolarThermal,share,0.15042070272255426,0.013845148629410095
image,SSP2-Base,Business As Usual,NO,Share|ElectricityHV|SolarPVOpen,share,0.03854563438463457,0.0177678769209046
image,SSP2-Base,Business As Usual,NO,Share|ElectricityHV|Hydrogen,share,0.03247043204973958,0.033745720476573385
image,SSP2-Base,Business As Usual,NO,Share|ElectricityHV|BatteryHydro,share,0.14612683510158175,0.029933198251481344
image,SSP2-Base,Business As Usual,NO,Share|ElectricityHV|ImportsES,share,0.0,0.0
image,SSP2-Base,Business As Usual,NO,Share|ElectricityHV|ImportsBG,share,0.0,0.0
image,SSP2-Base,Business As Usual,NO,Share|ElectricityHV|ImportsSE,share,0.0,0.0
image,SSP2-Base,Business As Usual,NO,Share|ElectricityHV|ImportsAT,share,0.0,0.0
image,SSP2-Base,Business As Usual,NO,Share|ElectricityHV|ImportsMK,share,0.0,0.0
image,SSP2-Base,Business As Usual,NO,Share|ElectricityHV|ImportsMD,share,0.0,0.0
image,SSP2-Base,Business As Usual,NO,Share|ElectricityHV|ImportsHR,share,0.0,0.0
image,SSP2-Base,Business As Usual,NO,Share|ElectricityHV|ImportsXK,share,0.05718398602529242,0.03448030008052724
image,SSP2-Base,Business As Usual,NO,Share|ElectricityHV|ImportsLU,share,0.0,0.0
image,SSP2-Base,Business As Usual,NO,Share|ElectricityHV|ImportsGR,share,0.015392140457583501,0.029415233241971445
image,SSP2-Base,Business As Usual,NO,Share|ElectricityHV|ImportsIS,share,0.0,0.0
image,SSP2-Base,Business As Usual,NO,Share|ElectricityHV|ImportsBA,share,0.0,0.0
image,SSP2-Base,Business As Usual,NO,Share|ElectricityHV|ImportsEE,share,0.0,0.0
image,SSP2-Base,Business As Usual,NO,Share|ElectricityHV|ImportsSK,share,0.0,0.0
image,SSP2-Base,Business As Usual,NO,Share|ElectricityHV|ImportsME,share,0.0,0.0
image,SSP2-Base,Business As Usual,NO,Share|ElectricityHV|ImportsLT,share,0.0,0.0
image,SSP2-Base,Business As Usual,NO,Share|ElectricityHV|ImportsSI,share,0.0,0.0
image,SSP2-Base,Business As Usual,NO,Share|ElectricityHV|ImportsIE,share,0.0670130141486597,0.037249406568326274
image,SSP2-Base,Business As Usual,NO,Share|ElectricityHV|ImportsBE,share,0.0,0.0
image,SSP2-Base,Business As Usual,NO,Share|ElectricityHV|ImportsRS,share,0.0,0.0
image,SSP2-Base,Business As Usual,NO,Share|ElectricityHV|ImportsRO,share,0.0,0.0
image,SSP2-Base,Business As Usual,NO,Share|ElectricityHV|ImportsNL,share,0.0,0.0
image,SSP2-Base,Business As Usual,NO,Share|ElectricityHV|ImportsUA,share,0.0,0.0
image,SSP2-Base,Business As Usual,NO,Share|ElectricityHV|ImportsPL,share,0.0,0.0
image,SSP2-Base,Business As Usual,NO,Share|ElectricityHV|ImportsFR,share,0.0,0.0
image,SSP2-Base,Business As Usual,NO,Share|ElectricityHV|ImportsGB,share,0.0,0.0
image,SSP2-Base,Business As Usual,NO,Share|ElectricityHV|ImportsNO,share,0.0,0.0
image,SSP2-Base,Business As Usual,NO,Share|ElectricityHV|ImportsCZ,share,0.0,0.0
image,SSP2-Base,Business As Usual,NO,Share|ElectricityHV|ImportsMT,share,0.0,0.0
image,SSP2-Base,Business As Usual,NO,Share|ElectricityHV|ImportsDK,share,0.0,0.0
image,SSP2-Base,Business As Usual,NO,Share|ElectricityHV|ImportsIT,share,0.0,0.0
image,SSP2-Base,Business As Usual,NO,Share|ElectricityHV|ImportsLV,share,0.0,0.0
image,SSP2-Base,Business As Usual,NO,Share|ElectricityHV|ImportsDE,share,0.0,0.0
image,SSP2-Base,Business As Usual,NO,Share|ElectricityHV|ImportsPT,share,0.0,0.0
image,SSP2-Base,Business As Usual,NO,Share|ElectricityHV|ImportsFI,share,0.0,0.0
image,SSP2-Base,Business As Usual,NO,Share|ElectricityHV|ImportsBY,share,0.0,0.0
image,SSP2-Base,Business As Usual,NO,Share|ElectricityHV|ImportsGI,share,0.0,0.0
image,SSP2-Base,Business As Usual,NO,Share|ElectricityHV|ImportsAL,share,0.0,0.0
image,SSP2-Base,Business As Usual,NO,Share|ElectricityHV|ImportsHU,share,0.0,0.0
image,SSP2-Base,Business As Usual,NO,Share|ElectricityHV|ImportsCH,share,0.0,0.0
image,SSP2-Base,Business As Usual,NO,Share|ElectricityMV|TransformationHVMV,share,0.027947034198654883,0.24947506706466743
image,SSP2-Base,Business As Usual,NO,Share|ElectricityMV|SolarPVRoofCommercial,share,0.4601164057748064,0.2924173834323939
image,SSP2-Base,Business As Usual,NO,Share|ElectricityMV|Waste,share,0.5119365600265388,0.4581075495029386
image,SSP2-Base,Business As Usual,NO,Share|ElectricityLV|TransformationMVLV,share,0.06541376836890302,0.7111703387803263
image,SSP2-Base,Business As Usual,NO,Share|ElectricityLV|BatteryChemical,share,0.8256267594208477,0.04885007373321395
image,SSP2-Base,Business As Usual,NO,Share|ElectricityLV|SolarPVRoofResidential,share,0.10895947221024929,0.23997958748645962
image,SSP2-Base,Business As Usual,CZ,Share|ElectricityHV|Coal,share,0.10543181290619794,0.01255320872724725
image,SSP2-Base,Business As Usual,CZ,Share|ElectricityHV|CombinedCycle,share,0.14628117456050935,0.03453554345008549
image,SSP2-Base,Business As Usual,CZ,Share|ElectricityHV|GasTurbine,share,0.01546975478626978,0.04212563675698839
image,SSP2-Base,Business As Usual,CZ,Share|ElectricityHV|CogenerationGas,share,0.04082058168889756,0.07424375257500411
image,SSP2-Base,Business As Usual,CZ,Share|ElectricityHV|Nuclear,share,0.05323655319584709,0.07212556809697815
image,SSP2-Base,Business As Usual,CZ,Share|ElectricityHV|Oil,share,0.07037504723195541,0.060646560412167
image,SSP2-Base,Business As Usual,CZ,Share|ElectricityHV|Geothermal,share,0.057742939440773924,0.09323509327985809
image,SSP2-Base,Business As Usual,CZ,Share|ElectricityHV|HydroRunofRiver,share,0.06517273455491993,0.02047333074632943
image,SSP2-Base,Business As Usual,CZ,Share|ElectricityHV|HydroReservoir,share,0.0362411954263344,0.07487923286198497
image,SSP2-Base,Business As Usual,CZ,Share|ElectricityHV|Biomass,share,0.0372126321800339,0.1254252783901889
image,SSP2-Base,Business As Usual,CZ,Share|ElectricityHV|Biogas,share,0.03531613188575901,0.020101696638380396
image,SSP2-Base,Business As Usual,CZ,Share|ElectricityHV|WindOnshore,share,0.02249576349971327,0.003371581760305378
image,SSP2-Base,Business As Usual,CZ,Share|ElectricityHV|WindOffshore,share,0.02616160371661558,0.15704679376174666
image,SSP2-Base,Business As Usual,CZ,Share|ElectricityHV|SolarThermal,share,0.06734406443426814,0.013237280742913034
image,SSP2-Base,Business As Usual,CZ,Share|ElectricityHV|SolarPVOpen,share,0.13848559326390164,0.03243883339486425
image,SSP2-Base,Business As Usual,CZ,Share|ElectricityHV|Hydrogen,share,0.011861536205956634,0.12214169924920135
image,SSP2-Base,Business As Usual,CZ,Share|ElectricityHV|BatteryHydro,share,0.03705804330498637,0.018637458191952654
image,SSP2-Base,Business As Usual,CZ,Share|ElectricityHV|ImportsES,share,0.0,0.0
image,SSP2-Base,Business As Usual,CZ,Share|ElectricityHV|ImportsBG,share,0.0,0.0
image,SSP2-Base,Business As Usual,CZ,Share|ElectricityHV|ImportsSE,share,0.0,0.0
image,SSP2-Base,Business As Usual,CZ,Share|ElectricityHV|ImportsAT,share,0.016963975129188447,0.01051422868114935
image,SSP2-Base,Business As Usual,CZ,Share|ElectricityHV|ImportsMK,share,0.007108433664650847,0.003729550602185396
image,SSP2-Base,Business As Usual,CZ,Share|ElectricityHV|ImportsMD,share,0.0,0.0
image,SSP2-Base,Business As Usual,CZ,Share|ElectricityHV|ImportsHR,share,0.0,0.0
image,SSP2-Base,Business As Usual,CZ,Share|ElectricityHV|ImportsXK,share,0.0,0.0
image,SSP2-Base,Business As Usual,CZ,Share|ElectricityHV|ImportsLU,share,0.0,0.0
image,SSP2-Base,Business As Usual,CZ,Share|ElectricityHV|ImportsGR,share,0.0,0.0
image,SSP2-Base,Business As Usual,CZ,Share|ElectricityHV|ImportsIS,share,0.0,0.0
image,SSP2-Base,Business As Usual,CZ,Share|ElectricityHV|ImportsBA,share,0.0,0.0
image,SSP2-Base,Business As Usual,CZ,Share|ElectricityHV|ImportsEE,share,0.0,0.0
image,SSP2-Base,Business As Usual,CZ,Share|ElectricityHV|ImportsSK,share,0.0,0.0
image,SSP2-Base,Business As Usual,CZ,Share|ElectricityHV|ImportsME,share,0.0,0.0
image,SSP2-Base,Business As Usual,CZ,Share|ElectricityHV|ImportsLT,share,0.0,0.0
image,SSP2-Base,Business As Usual,CZ,Share|ElectricityHV|ImportsSI,share,0.0,0.0
image,SSP2-Base,Business As Usual,CZ,Share|ElectricityHV|ImportsIE,share,0.0,0.0
image,SSP2-Base,Business As Usual,CZ,Share|ElectricityHV|ImportsBE,share,0.0,0.0
image,SSP2-Base,Business As Usual,CZ,Share|ElectricityHV|ImportsRS,share,0.0,0.0
image,SSP2-Base,Business As Usual,CZ,Share|ElectricityHV|ImportsRO,share,0.0,0.0
image,SSP2-Base,Business As Usual,CZ,Share|ElectricityHV|ImportsNL,share,0.0,0.0
image,SSP2-Base,Business As Usual,CZ,Share|ElectricityHV|ImportsUA,share,0.0,0.0
image,SSP2-Base,Business As Usual,CZ,Share|ElectricityHV|ImportsPL,share,0.009220428923220787,0.008537671680469677
image,SSP2-Base,Business As Usual,CZ,Share|ElectricityHV|ImportsFR,share,0.0,0.0
image,SSP2-Base,Business As Usual,CZ,Share|ElectricityHV|ImportsGB,share,0.0,0.0
image,SSP2-Base,Business As Usual,CZ,Share|ElectricityHV|ImportsNO,share,0.0,0.0
image,SSP2-Base,Business As Usual,CZ,Share|ElectricityHV|ImportsCZ,share,0.0,0.0
image,SSP2-Base,Business As Usual,CZ,Share|ElectricityHV|ImportsMT,share,0.0,0.0
image,SSP2-Base,Business As Usual,CZ,Share|ElectricityHV|ImportsDK,share,0.0,0.0
image,SSP2-Base,Business As Usual,CZ,Share|ElectricityHV|ImportsIT,share,0.0,0.0
image,SSP2-Base,Business As Usual,CZ,Share|ElectricityHV|ImportsLV,share,0.0,0.0
image,SSP2-Base,Business As Usual,CZ,Share|ElectricityHV|ImportsDE,share,0.0,0.0
image,SSP2-Base,Business As Usual,CZ,Share|ElectricityHV|ImportsPT,share,0.0,0.0
image,SSP2-Base,Business As Usual,CZ,Share|ElectricityHV|ImportsFI,share,0.0,0.0
image,SSP2-Base,Business As Usual,CZ,Share|ElectricityHV|ImportsBY,share,0.0,0.0
image,SSP2-Base,Business As Usual,CZ,Share|ElectricityHV|ImportsGI,share,0.0,0.0
image,SSP2-Base,Business As Usual,CZ,Share|ElectricityHV|ImportsAL,share,0.0,0.0
image,SSP2-Base,Business As Usual,CZ,Share|ElectricityHV|ImportsHU,share,0.0,0.0
image,SSP2-Base,Business As Usual,CZ,Share|ElectricityHV|ImportsCH,share,0.0,0.0
image,SSP2-Base,Business As Usual,CZ,Share|ElectricityMV|TransformationHVMV,share,0.7152080938199405,0.17781105834146416
image,SSP2-Base,Business As Usual,CZ,Share|ElectricityMV|SolarPVRoofCommercial,share,0.15309292016332676,0.6134096753919072
image,SSP2-Base,Business As Usual,CZ,Share|ElectricityMV|Waste,share,0.13169898601673274,0.2087792662666286
image,SSP2-Base,Business As Usual,CZ,Share|ElectricityLV|TransformationMVLV,share,0.524850685612324,0.07929810681064325
image,SSP2-Base,Business As Usual,CZ,Share|ElectricityLV|BatteryChemical,share,0.22783455273211112,0.5332978380846813
image,SSP2-Base,Business As Usual,CZ,Share|ElectricityLV|SolarPVRoofResidential,share,0.2473147616555651,0.38740405510467546
image,SSP2-Base,Business As Usual,MT,Share|ElectricityHV|Coal,share,0.04863421252840842,0.024708515339104734
image,SSP2-Base,Business As Usual,MT,Share|ElectricityHV|CombinedCycle,share,0.020639552143343218,0.10013295919031473
image,SSP2-Base,Business As Usual,MT,Share|ElectricityHV|GasTurbine,share,0.0969550626615059,0.1122828571505689
image,SSP2-Base,Business As Usual,MT,Share|ElectricityHV|CogenerationGas,share,0.053822762571230615,0.08270427778897785
image,SSP2-Base,Business As Usual,MT,Share|ElectricityHV|Nuclear,share,0.027217085894896353,0.027594907418750633
image,SSP2-Base,Business As Usual,MT,Share|ElectricityHV|Oil,share,0.15631540956616316,0.011104853550792215
image,SSP2-Base,Business As Usual,MT,Share|ElectricityHV|Geothermal,share,0.08635920866224846,0.113451687440739
image,SSP2-Base,Business As Usual,MT,Share|ElectricityHV|HydroRunofRiver,share,0.04126573864333901,0.06107742060722184
image,SSP2-Base,Business As Usual,MT,Share|ElectricityHV|HydroReservoir,share,0.018718840069230788,0.0029512673731943613
image,SSP2-Base,Business As Usual,MT,Share|ElectricityHV|Biomass,share,0.06621071003584574,0.07043395548939445
image,SSP2-Base,Business As Usual,MT,Share|ElectricityHV|Biogas,share,0.0741409708899647,0.08587845277949857
image,SSP2-Base,Business As Usual,MT,Share|ElectricityHV|WindOnshore,share,0.044952159546329036,0.005836375102703922
image,SSP2-Base,Business As Usual,MT,Share|ElectricityHV|WindOffshore,share,0.0651706579247167,0.10178360889755843
image,SSP2-Base,Business As Usual,MT,Share|ElectricityHV|SolarThermal,share,0.015631651114662682,0.007778309847505163
image,SSP2-Base,Business As Usual,MT,Share|ElectricityHV|SolarPVOpen,share,0.043947368417865534,0.02383383036351393
image,SSP2-Base,Business As Usual,MT,Share|ElectricityHV|Hydrogen,share,0.019168083208175216,0.00787519042235861
image,SSP2-Base,Business As Usual,MT,Share|ElectricityHV|BatteryHydro,share,0.03783582063902714,0.02058709721027305
image,SSP2-Base,Business As Usual,MT,Share|ElectricityHV|ImportsES,share,0.0,0.0
image,SSP2-Base,Business As Usual,MT,Share|ElectricityHV|ImportsBG,share,0.0,0.0
image,SSP2-Base,Business As Usual,MT,Share|ElectricityHV|ImportsSE,share,0.0,0.0
image,SSP2-Base,Business As Usual,MT,Share|ElectricityHV|ImportsAT,share,0.0,0.0
image,SSP2-Base,Business As Usual,MT,Share|ElectricityHV|ImportsMK,share,0.0,0.0
image,SSP2-Base,Business As Usual,MT,Share|ElectricityHV|ImportsMD,share,0.0,0.0
image,SSP2-Base,Business As Usual,MT,Share|ElectricityHV|ImportsHR,share,0.0,0.0
image,SSP2-Base,Business As Usual,MT,Share|ElectricityHV|ImportsXK,share,0.0,0.0
image,SSP2-Base,Business As Usual,MT,Share|ElectricityHV|ImportsLU,share,0.0,0.0
image,SSP2-Base,Business As Usual,MT,Share|ElectricityHV|ImportsGR,share,0.0,0.0
image,SSP2-Base,Business As Usual,MT,Share|ElectricityHV|ImportsIS,share,0.023535723523155853,0.010582685089014793
image,SSP2-Base,Business As Usual,MT,Share|ElectricityHV|ImportsBA,share,0.03966729076194446,0.017210456083609712
image,SSP2-Base,Business As Usual,MT,Share|ElectricityHV|ImportsEE,share,0.0,0.0
image,SSP2-Base,Business As Usual,MT,Share|ElectricityHV|ImportsSK,share,0.0,0.0
image,SSP2-Base,Business As Usual,MT,Share|ElectricityHV|ImportsME,share,0.0,0.0
image,SSP2-Base,Business As Usual,MT,Share|ElectricityHV|ImportsLT,share,0.0,0.0
image,SSP2-Base,Business As Usual,MT,Share|ElectricityHV|ImportsSI,share,0.0,0.0
image,SSP2-Base,Business As Usual,MT,Share|ElectricityHV|ImportsIE,share,0.0,0.0
image,SSP2-Base,Business As Usual,MT,Share|ElectricityHV|ImportsBE,share,0.0,0.0
image,SSP2-Base,Business As Usual,MT,Share|ElectricityHV|ImportsRS,share,0.0,0.0
image,SSP2-Base,Business As Usual,MT,Share|ElectricityHV|ImportsRO,share,0.0,0.0
image,SSP2-Base,Business As Usual,MT,Share|ElectricityHV|ImportsNL,share,0.019811691197947224,0.11219129285490502
image,SSP2-Base,Business As Usual,MT,Share|ElectricityHV|ImportsUA,share,0.0,0.0
image,SSP2-Base,Business As Usual,MT,Share|ElectricityHV|ImportsPL,share,0.0,0.0
image,SSP2-Base,Business As Usual,MT,Share|ElectricityHV|ImportsFR,share,0.0,0.0
image,SSP2-Base,Business As Usual,MT,Share|ElectricityHV|ImportsGB,share,0.0,0.0
image,SSP2-Base,Business As Usual,MT,Share|ElectricityHV|ImportsNO,share,0.0,0.0
image,SSP2-Base,Business As Usual,MT,Share|ElectricityHV|ImportsCZ,share,0.0,0.0
image,SSP2-Base,Business As Usual,MT,Share|ElectricityHV|ImportsMT,share,0.0,0.0
image,SSP2-Base,Business As Usual,MT,Share|ElectricityHV|ImportsDK,share,0.0,0.0
image,SSP2-Base,Business As Usual,MT,Share|ElectricityHV|ImportsIT,share,0.0,0.0
image,SSP2-Base,Business As Usual,MT,Share|ElectricityHV|ImportsLV,share,0.0,0.0
image,SSP2-Base,Business As Usual,MT,Share|ElectricityHV|ImportsDE,share,0.0,0.0
image,SSP2-Base,Business As Usual,MT,Share|ElectricityHV|ImportsPT,share,0.0,0.0
image,SSP2-Base,Business As Usual,MT,Share|ElectricityHV|ImportsFI,share,0.0,0.0
image,SSP2-Base,Business As Usual,MT,Share|ElectricityHV|ImportsBY,share,0.0,0.0
image,SSP2-Base,Business As Usual,MT,Share|ElectricityHV|ImportsGI,share,0.0,0.0
image,SSP2-Base,Business As Usual,MT,Share|ElectricityHV|ImportsAL,share,0.0,0.0
image,SSP2-Base,Business As Usual,MT,Share|ElectricityHV|ImportsHU,share,0.0,0.0
image,SSP2-Base,Business As Usual,MT,Share|ElectricityHV|ImportsCH,share,0.0,0.0
image,SSP2-Base,Business As Usual,MT,Share|ElectricityMV|TransformationHVMV,share,0.06843258644835797,0.11264487852194142
image,SSP2-Base,Business As Usual,MT,Share|ElectricityMV|SolarPVRoofCommercial,share,0.6969142215591029,0.4529538741763261
image,SSP2-Base,Business As Usual,MT,Share|ElectricityMV|Waste,share,0.2346531919925392,0.43440124730173235
image,SSP2-Base,Business As Usual,MT,Share|ElectricityLV|TransformationMVLV,share,0.27009124968315174,0.3406596419481412
image,SSP2-Base,Business As Usual,MT,Share|ElectricityLV|BatteryChemical,share,0.5158509990899631,0.10838519328466684
image,SSP2-Base,Business As Usual,MT,Share|ElectricityLV|SolarPVRoofResidential,share,0.21405775122688508,0.550955164767192
image,SSP2-Base,Business As Usual,DK,Share|ElectricityHV|Coal,share,0.03569044070669734,0.02514242906415011
image,SSP2-Base,Business As Usual,DK,Share|ElectricityHV|CombinedCycle,share,0.005858674676771746,0.008353868541017535
image,SSP2-Base,Business As Usual,DK,Share|ElectricityHV|GasTurbine,share,0.004221025365193294,0.14514333427114265
image,SSP2-Base,Business As Usual,DK,Share|ElectricityHV|CogenerationGas,share,0.13971546262975004,0.05502777874124775
image,SSP2-Base,Business As Usual,DK,Share|ElectricityHV|Nuclear,share,0.08617620363335964,0.035471878575595875
image,SSP2-Base,Business As Usual,DK,Share|ElectricityHV|Oil,share,0.06527172354536091,0.013070839838174971
image,SSP2-Base,Business As Usual,DK,Share|ElectricityHV|Geothermal,share,0.07742176944273442,0.025487618611714693
image,SSP2-Base,Business As Usual,DK,Share|ElectricityHV|HydroRunofRiver,share,0.007754314006029937,0.023940630974001644
image,SSP2-Base,Business As Usual,DK,Share|ElectricityHV|HydroReservoir,share,0.012809283107277672,0.0077809226935485025
image,SSP2-Base,Business As Usual,DK,Share|ElectricityHV|Biomass,share,0.04981756093720648,0.0005408752359843269
image,SSP2-Base,Business As Usual,DK,Share|ElectricityHV|Biogas,share,0.053773378373489555,0.023277082788212614
image,SSP2-Base,Business As Usual,DK,Share|ElectricityHV|WindOnshore,share,0.005269835845823543,0.07672060104189299
image,SSP2-Base,Business As Usual,DK,Share|ElectricityHV|WindOffshore,share,0.046354114905410984,0.11682712931203341
image,SSP2-Base,Business As Usual,DK,Share|ElectricityHV|SolarThermal,share,0.036401590249936534,0.09333601322556553
image,SSP2-Base,Business As Usual,DK,Share|ElectricityHV|SolarPVOpen,share,0.09315900853922911,0.09814134616557839
image,SSP2-Base,Business As Usual,DK,Share|ElectricityHV|Hydrogen,share,0.05403392529066268,0.009327825564496774
image,SSP2-Base,Business As Usual,DK,Share|ElectricityHV|BatteryHydro,share,0.1532243763993171,0.04915044790355836
image,SSP2-Base,Business As Usual,DK,Share|ElectricityHV|ImportsES,share,0.03110185028147381,0.170234271286194
image,SSP2-Base,Business As Usual,DK,Share|ElectricityHV|ImportsBG,share,0.0,0.0
image,SSP2-Base,Business As Usual,DK,Share|ElectricityHV|ImportsSE,share,0.0,0.0
image,SSP2-Base,Business As Usual,DK,Share|ElectricityHV|ImportsAT,share,0.0,0.0
image,SSP2-Base,Business As Usual,DK,Share|ElectricityHV|ImportsMK,share,0.0,0.0
image,SSP2-Base,Business As Usual,DK,Share|ElectricityHV|ImportsMD,share,0.0,0.0
image,SSP2-Base,Business As Usual,DK,Share|ElectricityHV|ImportsHR,share,0.0,0.0
image,SSP2-Base,Business As Usual,DK,Share|ElectricityHV|ImportsXK,share,0.0,0.0
image,SSP2-Base,Business As Usual,DK,Share|ElectricityHV|ImportsLU,share,0.0,0.0
image,SSP2-Base,Business As Usual,DK,Share|ElectricityHV|ImportsGR,share,0.0,0.0
image,SSP2-Base,Business As Usual,DK,Share|ElectricityHV|ImportsIS,share,0.0,0.0
image,SSP2-Base,Business As Usual,DK,Share|ElectricityHV|ImportsBA,share,0.0,0.0
image,SSP2-Base,Business As Usual,DK,Share|ElectricityHV|ImportsEE,share,0.0,0.0
image,SSP2-Base,Business As Usual,DK,Share|ElectricityHV|ImportsSK,share,0.0,0.0
image,SSP2-Base,Business As Usual,DK,Share|ElectricityHV|ImportsME,share,0.0,0.0
image,SSP2-Base,Business As Usual,DK,Share|ElectricityHV|ImportsLT,share,0.0,0.0
image,SSP2-Base,Business As Usual,DK,Share|ElectricityHV|ImportsSI,share,0.0,0.0
image,SSP2-Base,Business As Usual,DK,Share|ElectricityHV|ImportsIE,share,0.0,0.0
image,SSP2-Base,Business As Usual,DK,Share|ElectricityHV|ImportsBE,share,0.0,0.0
image,SSP2-Base,Business As Usual,DK,Share|ElectricityHV|ImportsRS,share,0.0,0.0
image,SSP2-Base,Business As Usual,DK,Share|ElectricityHV|ImportsRO,share,0.0,0.0
image,SSP2-Base,Business As Usual,DK,Share|ElectricityHV|ImportsNL,share,0.0,0.0
image,SSP2-Base,Business As Usual,DK,Share|ElectricityHV|ImportsUA,share,0.022249563098532064,0.001258718284226269
image,SSP2-Base,Business As Usual,DK,Share|ElectricityHV|ImportsPL,share,0.0,0.0
image,SSP2-Base,Business As Usual,DK,Share|ElectricityHV|ImportsFR,share,0.0,0.0
image,SSP2-Base,Business As Usual,DK,Share|ElectricityHV|ImportsGB,share,0.0,0.0
image,SSP2-Base,Business As Usual,DK,Share|ElectricityHV|ImportsNO,share,0.0,0.0
image,SSP2-Base,Business As Usual,DK,Share|ElectricityHV|ImportsCZ,share,0.0196958989657434,0.02176638788166349
image,SSP2-Base,Business As Usual,DK,Share|ElectricityHV|ImportsMT,share,0.0,0.0
image,SSP2-Base,Business As Usual,DK,Share|ElectricityHV|ImportsDK,share,0.0,0.0
image,SSP2-Base,Business As Usual,DK,Share|ElectricityHV|ImportsIT,share,0.0,0.0
image,SSP2-Base,Business As Usual,DK,Share|ElectricityHV|ImportsLV,share,0.0,0.0
image,SSP2-Base,Business As Usual,DK,Share|ElectricityHV|ImportsDE,share,0.0,0.0
image,SSP2-Base,Business As Usual,DK,Share|ElectricityHV|ImportsPT,share,0.0,0.0
image,SSP2-Base,Business As Usual,DK,Share|ElectricityHV|ImportsFI,share,0.0,0.0
image,SSP2-Base,Business As Usual,DK,Share|ElectricityHV|ImportsBY,share,0.0,0.0
image,SSP2-Base,Business As Usual,DK,Share|ElectricityHV|ImportsGI,share,0.0,0.0
image,SSP2-Base,Business As Usual,DK,Share|ElectricityHV|ImportsAL,share,0.0,0.0
image,SSP2-Base,Business As Usual,DK,Share|ElectricityHV|ImportsHU,share,0.0,0.0
image,SSP2-Base,Business As Usual,DK,Share|ElectricityHV|ImportsCH,share,0.0,0.0
image,SSP2-Base,Business As Usual,DK,Share|ElectricityMV|TransformationHVMV,share,0.380119020493863,0.23009876837473967
image,SSP2-Base,Business As Usual,DK,Share|ElectricityMV|SolarPVRoofCommercial,share,0.40123615919703376,0.4533950789422454
image,SSP2-Base,Business As Usual,DK,Share|ElectricityMV|Waste,share,0.21864482030910318,0.316506152683015
image,SSP2-Base,Business As Usual,DK,Share|ElectricityLV|TransformationMVLV,share,0.43546738670707696,0.30712269191225183
image,SSP2-Base,Business As Usual,DK,Share|ElectricityLV|BatteryChemical,share,0.148157103124231,0.5631603054918894
image,SSP2-Base,Business As Usual,DK,Share|ElectricityLV|SolarPVRoofResidential,share,0.416375510168692,0.1297170025958588
image,SSP2-Base,Business As Usual,IT,Share|ElectricityHV|Coal,share,0.05162282274461967,0.08588843242219256
image,SSP2-Base,Business As Usual,IT,Share|ElectricityHV|CombinedCycle,share,0.0017341525095368813,0.05482263731632354
image,SSP2-Base,Business As Usual,IT,Share|ElectricityHV|GasTurbine,share,0.05369974142991349,0.07232295976550857
image,SSP2-Base,Business As Usual,IT,Share|ElectricityHV|CogenerationGas,share,0.03832285849176647,0.03982969312860855
image,SSP2-Base,Business As Usual,IT,Share|ElectricityHV|Nuclear,share,0.011690141444208922,0.005550162175021031
image,SSP2-Base,Business As Usual,IT,Share|ElectricityHV|Oil,share,0.03392621544800366,0.05262207431349937
image,SSP2-Base,Business As Usual,IT,Share|ElectricityHV|Geothermal,share,0.20884350691948494,0.09732702401907642
image,SSP2-Base,Business As Usual,IT,Share|ElectricityHV|HydroRunofRiver,share,0.00539646128815699,0.014883517792361207
image,SSP2-Base,Business As Usual,IT,Share|ElectricityHV|HydroReservoir,share,0.06584892600420271,0.06704365329165092
image,SSP2-Base,Business As Usual,IT,Share|ElectricityHV|Biomass,share,0.0859102412369918,0.24842046939390366
image,SSP2-Base,Business As Usual,IT,Share|ElectricityHV|Biogas,share,0.054195314796417336,0.049011615170847574
image,SSP2-Base,Business As Usual,IT,Share|ElectricityHV|WindOnshore,share,0.11001777694025332,0.0517682244264421
image,SSP2-Base,Business As Usual,IT,Share|ElectricityHV|WindOffshore,share,0.03405180636126946,0.00468734539854096
image,SSP2-Base,Business As Usual,IT,Share|ElectricityHV|SolarThermal,share,0.023772859939955978,0.012383186062698268
image,SSP2-Base,Business As Usual,IT,Share|ElectricityHV|SolarPVOpen,share,0.012947625574967155,0.019415070830069322
image,SSP2-Base,Business As Usual,IT,Share|ElectricityHV|Hydrogen,share,0.047604534435276305,0.09383105567865842
image,SSP2-Base,Business As Usual,IT,Share|ElectricityHV|BatteryHydro,share,0.06322050805060667,0.016427395751348408
image,SSP2-Base,Business As Usual,IT,Share|ElectricityHV|ImportsES,share,0.0,0.0
image,SSP2-Base,Business As Usual,IT,Share|ElectricityHV|ImportsBG,share,0.0,0.0
image,SSP2-Base,Business As Usual,IT,Share|ElectricityHV|ImportsSE,share,0.016650214476201994,0.003041025684918447
image,SSP2-Base,Business As Usual,IT,Share|ElectricityHV|ImportsAT,share,0.0,0.0
image,SSP2-Base,Business As Usual,IT,Share|ElectricityHV|ImportsMK,share,0.0,0.0
image,SSP2-Base,Business As Usual,IT,Share|ElectricityHV|ImportsMD,share,0.0,0.0
image,SSP2-Base,Business As Usual,IT,Share|ElectricityHV|ImportsHR,share,0.0,0.0
image,SSP2-Base,Business As Usual,IT,Share|ElectricityHV|ImportsXK,share,0.0,0.0
image,SSP2-Base,Business As Usual,IT,Share|ElectricityHV|ImportsLU,share,0.0,0.0
image,SSP2-Base,Business As Usual,IT,Share|ElectricityHV|ImportsGR,share,0.0,0.0
image,SSP2-Base,Business As Usual,IT,Share|ElectricityHV|ImportsIS,share,0.0,0.0
image,SSP2-Base,Business As Usual,IT,Share|ElectricityHV|ImportsBA,share,0.0,0.0
image,SSP2-Base,Business As Usual,IT,Share|ElectricityHV|ImportsEE,share,0.0,0.0
image,SSP2-Base,Business As Usual,IT,Share|ElectricityHV|ImportsSK,share,0.0,0.0
image,SSP2-Base,Business As Usual,IT,Share|ElectricityHV|ImportsME,share,0.0,0.0
image,SSP2-Base,Business As Usual,IT,Share|ElectricityHV|ImportsLT,share,0.0,0.0
image,SSP2-Base,Business As Usual,IT,Share|ElectricityHV|ImportsSI,share,0.0,0.0
image,SSP2-Base,Business As Usual,IT,Share|ElectricityHV|ImportsIE,share,0.0,0.0
image,SSP2-Base,Business As Usual,IT,Share|ElectricityHV|ImportsBE,share,0.0,0.0
image,SSP2-Base,Business As Usual,IT,Share|ElectricityHV|ImportsRS,share,0.0,0.0
image,SSP2-Base,Business As Usual,IT,Share|ElectricityHV|ImportsRO,share,0.0,0.0
image,SSP2-Base,Business As Usual,IT,Share|ElectricityHV|ImportsNL,share,0.0,0.0
image,SSP2-Base,Business As Usual,IT,Share|ElectricityHV|ImportsUA,share,0.0,0.0
image,SSP2-Base,Business As Usual,IT,Share|ElectricityHV|ImportsPL,share,0.0,0.0
image,SSP2-Base,Business As Usual,IT,Share|ElectricityHV|ImportsFR,share,0.0,0.0
image,SSP2-Base,Business As Usual,IT,Share|ElectricityHV|ImportsGB,share,0.0,0.0
image,SSP2-Base,Business As Usual,IT,Share|ElectricityHV|ImportsNO,share,0.0,0.0
image,SSP2-Base,Business As Usual,IT,Share|ElectricityHV|ImportsCZ,share,0.0,0.0
image,SSP2-Base,Business As Usual,IT,Share|ElectricityHV|ImportsMT,share,0.01196236131664489,0.003189911211306846
image,SSP2-Base,Business As Usual,IT,Share|ElectricityHV|ImportsDK,share,0.0,0.0
image,SSP2-Base,Business As Usual,IT,Share|ElectricityHV|ImportsIT,share,0.0,0.0
image,SSP2-Base,Business As Usual,IT,Share|ElectricityHV|ImportsLV,share,0.0,0.0
image,SSP2-Base,Business As Usual,IT,Share|ElectricityHV|ImportsDE,share,0.06858193059152136,0.007534546167023848
image,SSP2-Base,Business As Usual,IT,Share|ElectricityHV|ImportsPT,share,0.0,0.0
image,SSP2-Base,Business As Usual,IT,Share|ElectricityHV|ImportsFI,share,0.0,0.0
image,SSP2-Base,Business As Usual,IT,Share|ElectricityHV|ImportsBY,share,0.0,0.0
image,SSP2-Base,Business As Usual,IT,Share|ElectricityHV|ImportsGI,share,0.0,0.0
image,SSP2-Base,Business As Usual,IT,Share|ElectricityHV|ImportsAL,share,0.0,0.0
image,SSP2-Base,Business As Usual,IT,Share|ElectricityHV|ImportsHU,share,0.0,0.0
image,SSP2-Base,Business As Usual,IT,Share|ElectricityHV|ImportsCH,share,0.0,0.0
image,SSP2-Base,Business As Usual,IT,Share|ElectricityMV|TransformationHVMV,share,0.7092479648034925,0.45284048206970534
image,SSP2-Base,Business As Usual,IT,Share|ElectricityMV|SolarPVRoofCommercial,share,0.22502177118329555,0.16716176772741093
image,SSP2-Base,Business As Usual,IT,Share|ElectricityMV|Waste,share,0.0657302640132119,0.3799977502028838
image,SSP2-Base,Business As Usual,IT,Share|ElectricityLV|TransformationMVLV,share,0.08266437589648543,0.34206074884177134
image,SSP2-Base,Business As Usual,IT,Share|ElectricityLV|BatteryChemical,share,0.7426378346842287,0.3489630323919255
image,SSP2-Base,Business As Usual,IT,Share|ElectricityLV|SolarPVRoofResidential,share,0.1746977894192858,0.30897621876630305
image,SSP2-Base,Business As Usual,LV,Share|ElectricityHV|Coal,share,0.02469241168287893,0.09675644561564847
image,SSP2-Base,Business As Usual,LV,Share|ElectricityHV|CombinedCycle,share,0.005808395015571334,0.10090922552947022
image,SSP2-Base,Business As Usual,LV,Share|ElectricityHV|GasTurbine,share,0.016450010016624276,0.002618440154913969
image,SSP2-Base,Business As Usual,LV,Share|ElectricityHV|CogenerationGas,share,0.02644840941388364,0.07928183356130018
image,SSP2-Base,Business As Usual,LV,Share|ElectricityHV|Nuclear,share,0.18238016328201617,0.004405098109536409
image,SSP2-Base,Business As Usual,LV,Share|ElectricityHV|Oil,share,0.039055226573074336,0.00037956447740201005
image,SSP2-Base,Business As Usual,LV,Share|ElectricityHV|Geothermal,share,0.0992747810696878,0.08190590614529783
image,SSP2-Base,Business As Usual,LV,Share|ElectricityHV|HydroRunofRiver,share,0.022341030646307707,0.016277967537186668
image,SSP2-Base,Business As Usual,LV,Share|ElectricityHV|HydroReservoir,share,0.01919583048016288,0.07212155755212027
image,SSP2-Base,Business As Usual,LV,Share|ElectricityHV|Biomass,share,0.0029787784976414234,0.06650758587465452
image,SSP2-Base,Business As Usual,LV,Share|ElectricityHV|Biogas,share,0.17767823319065437,0.05910548204862667
image,SSP2-Base,Business As Usual,LV,Share|ElectricityHV|WindOnshore,share,0.1290085737955679,0.03229342498466144
image,SSP2-Base,Business As Usual,LV,Share|ElectricityHV|WindOffshore,share,0.04655859290340427,0.005323994186544405
image,SSP2-Base,Business As Usual,LV,Share|ElectricityHV|SolarThermal,share,0.028270397480539125,0.021346395457459446
image,SSP2-Base,Business As Usual,LV,Share|ElectricityHV|SolarPVOpen,share,0.04062790987056392,0.10233375553087241
image,SSP2-Base,Business As Usual,LV,Share|ElectricityHV|Hydrogen,share,0.0054061933310866166,0.07378374723989853
image,SSP2-Base,Business As Usual,LV,Share|ElectricityHV|BatteryHydro,share,0.05934124019379282,0.022662281252064854
image,SSP2-Base,Business As Usual,LV,Share|ElectricityHV|ImportsES,share,0.0,0.0
image,SSP2-Base,Business As Usual,LV,Share|ElectricityHV|ImportsBG,share,0.0,0.0
image,SSP2-Base,Business As Usual,LV,Share|ElectricityHV|ImportsSE,share,0.0,0.0
image,SSP2-Base,Business As Usual,LV,Share|ElectricityHV|ImportsAT,share,0.0,0.0
image,SSP2-Base,Business As Usual,LV,Share|ElectricityHV|ImportsMK,share,0.0,0.0
image,SSP2-Base,Business As Usual,LV,Share|ElectricityHV|ImportsMD,share,0.0,0.0
image,SSP2-Base,Business As Usual,LV,Share|ElectricityHV|ImportsHR,share,0.0,0.0
image,SSP2-Base,Business As Usual,LV,Share|ElectricityHV|ImportsXK,share,0.0,0.0
image,SSP2-Base,Business As Usual,LV,Share|ElectricityHV|ImportsLU,share,0.0,0.0
image,SSP2-Base,Business As Usual,LV,Share|ElectricityHV|ImportsGR,share,0.0,0.0
image,SSP2-Base,Business As Usual,LV,Share|ElectricityHV|ImportsIS,share,0.0,0.0
image,SSP2-Base,Business As Usual,LV,Share|ElectricityHV|ImportsBA,share,0.0,0.0
image,SSP2-Base,Business As Usual,LV,Share|ElectricityHV|ImportsEE,share,0.0,0.0
image,SSP2-Base,Business As Usual,LV,Share|ElectricityHV|ImportsSK,share,0.0,0.0
image,SSP2-Base,Business As Usual,LV,Share|ElectricityHV|ImportsME,share,0.0,0.0
image,SSP2-Base,Business As Usual,LV,Share|ElectricityHV|ImportsLT,share,0.0,0.0
image,SSP2-Base,Business As Usual,LV,Share|ElectricityHV|ImportsSI,share,0.0,0.0
image,SSP2-Base,Business As Usual,LV,Share|ElectricityHV|ImportsIE,share,0.0,0.0
image,SSP2-Base,Business As Usual,LV,Share|ElectricityHV|ImportsBE,share,0.0,0.0
image,SSP2-Base,Business As Usual,LV,Share|ElectricityHV|ImportsRS,share,0.0,0.0
image,SSP2-Base,Business As Usual,LV,Share|ElectricityHV|ImportsRO,share,0.0,0.0
image,SSP2-Base,Business As Usual,LV,Share|ElectricityHV|ImportsNL,share,0.0,0.0
image,SSP2-Base,Business As Usual,LV,Share|ElectricityHV|ImportsUA,share,0.0,0.0
image,SSP2-Base,Business As Usual,LV,Share|ElectricityHV|ImportsPL,share,0.0,0.0
image,SSP2-Base,Business As Usual,LV,Share|ElectricityHV|ImportsFR,share,0.0,0.0
image,SSP2-Base,Business As Usual,LV,Share|ElectricityHV|ImportsGB,share,0.045772312156033154,0.048215598534179754
image,SSP2-Base,Business As Usual,LV,Share|ElectricityHV|ImportsNO,share,0.0,0.0
image,SSP2-Base,Business As Usual,LV,Share|ElectricityHV|ImportsCZ,share,0.0,0.0
image,SSP2-Base,Business As Usual,LV,Share|ElectricityHV|ImportsMT,share,0.015852159746823396,0.052154515000258146
image,SSP2-Base,Business As Usual,LV,Share|ElectricityHV|ImportsDK,share,0.0,0.0
image,SSP2-Base,Business As Usual,LV,Share|ElectricityHV|ImportsIT,share,0.0,0.0
image,SSP2-Base,Business As Usual,LV,Share|ElectricityHV|ImportsLV,share,0.0,0.0
image,SSP2-Base,Business As Usual,LV,Share|ElectricityHV|ImportsDE,share,0.0,0.0
image,SSP2-Base,Business As Usual,LV,Share|ElectricityHV|ImportsPT,share,0.0,0.0
image,SSP2-Base,Business As Usual,LV,Share|ElectricityHV|ImportsFI,share,0.0,0.0
image,SSP2-Base,Business As Usual,LV,Share|ElectricityHV|ImportsBY,share,0.0,0.0
image,SSP2-Base,Business As Usual,LV,Share|ElectricityHV|ImportsGI,share,0.0,0.0
image,SSP2-Base,Business As Usual,LV,Share|ElectricityHV|ImportsAL,share,0.012859350653685849,0.06161718120790379
image,SSP2-Base,Business As Usual,LV,Share|ElectricityHV|ImportsHU,share,0.0,0.0
image,SSP2-Base,Business As Usual,LV,Share|ElectricityHV|ImportsCH,share,0.0,0.0
image,SSP2-Base,Business As Usual,LV,Share|ElectricityMV|TransformationHVMV,share,0.21155791764474297,0.20646880440976922
image,SSP2-Base,Business As Usual,LV,Share|ElectricityMV|SolarPVRoofCommercial,share,0.47345494376942376,0.4025368776445577
image,SSP2-Base,Business As Usual,LV,Share|ElectricityMV|Waste,share,0.3149871385858332,0.39099431794567296
image,SSP2-Base,Business As Usual,LV,Share|ElectricityLV|TransformationMVLV,share,0.14983233133777296,0.46274389343683175
image,SSP2-Base,Business As Usual,LV,Share|ElectricityLV|BatteryChemical,share,0.40874866681052696,0.20486148357928236
image,SSP2-Base,Business As Usual,LV,Share|ElectricityLV|SolarPVRoofResidential,share,0.4414190018517001,0.3323946229838859
image,SSP2-Base,Business As Usual,DE,Share|ElectricityHV|Coal,share,0.007499018354647649,0.04770981806165431
image,SSP2-Base,Business As Usual,DE,Share|ElectricityHV|CombinedCycle,share,0.035992569186559825,0.04516746861731237
image,SSP2-Base,Business As Usual,DE,Share|ElectricityHV|GasTurbine,share,0.018777472998126998,0.01985601615485897
image,SSP2-Base,Business As Usual,DE,Share|ElectricityHV|CogenerationGas,share,0.07538969030475123,0.02607023114773428
image,SSP2-Base,Business As Usual,DE,Share|ElectricityHV|Nuclear,share,0.07923186797831827,0.0030397522401366165
image,SSP2-Base,Business As Usual,DE,Share|ElectricityHV|Oil,share,0.02388126982069192,0.11233147396084799
image,SSP2-Base,Business As Usual,DE,Share|ElectricityHV|Geothermal,share,0.13744100010109772,0.0200922692432156
image,SSP2-Base,Business As Usual,DE,Share|ElectricityHV|HydroRunofRiver,share,0.09205144295728628,0.11079461479520254
image,SSP2-Base,Business As Usual,DE,Share|ElectricityHV|HydroReservoir,share,0.01008096823993473,0.026523208264469956
image,SSP2-Base,Business As Usual,DE,Share|ElectricityHV|Biomass,share,0.003128198636696645,0.011171592378034563
image,SSP2-Base,Business As Usual,DE,Share|ElectricityHV|Biogas,share,0.0397262322180242,0.06998930024579161
image,SSP2-Base,Business As Usual,DE,Share|ElectricityHV|WindOnshore,share,0.07961951674860268,0.03357452447890127
image,SSP2-Base,Business As Usual,DE,Share|ElectricityHV|WindOffshore,share,0.018433033265613796,0.14563185515661864
image,SSP2-Base,Business As Usual,DE,Share|ElectricityHV|SolarThermal,share,0.05949720485467345,0.010815337421836697
image,SSP2-Base,Business As Usual,DE,Share|ElectricityHV|SolarPVOpen,share,0.04374148011710483,0.07249182341366121
image,SSP2-Base,Business As Usual,DE,Share|ElectricityHV|Hydrogen,share,0.21640729967015132,0.07576276524995527
image,SSP2-Base,Business As Usual,DE,Share|ElectricityHV|BatteryHydro,share,0.009974922800746177,0.04597307278909336
image,SSP2-Base,Business As Usual,DE,Share|ElectricityHV|ImportsES,share,0.0,0.0
image,SSP2-Base,Business As Usual,DE,Share|ElectricityHV|ImportsBG,share,0.0,0.0
image,SSP2-Base,Business As Usual,DE,Share|ElectricityHV|ImportsSE,share,0.0,0.0
image,SSP2-Base,Business As Usual,DE,Share|ElectricityHV|ImportsAT,share,0.0,0.0
image,SSP2-Base,Business As Usual,DE,Share|ElectricityHV|ImportsMK,share,0.0,0.0
image,SSP2-Base,Business As Usual,DE,Share|ElectricityHV|ImportsMD,share,0.0,0.0
image,SSP2-Base,Business As Usual,DE,Share|ElectricityHV|ImportsHR,share,0.0,0.0
image,SSP2-Base,Business As Usual,DE,Share|ElectricityHV|ImportsXK,share,0.006694359302683594,0.07943634022683975
image,SSP2-Base,Business As Usual,DE,Share|ElectricityHV|ImportsLU,share,0.0,0.0
image,SSP2-Base,Business As Usual,DE,Share|ElectricityHV|ImportsGR,share,0.01360834695123312,0.003565416903952079
image,SSP2-Base,Business As Usual,DE,Share|ElectricityHV|ImportsIS,share,0.0,0.0
image,SSP2-Base,Business As Usual,DE,Share|ElectricityHV|ImportsBA,share,0.0,0.0
image,SSP2-Base,Business As Usual,DE,Share|ElectricityHV|ImportsEE,share,0.0,0.0
image,SSP2-Base,Business As Usual,DE,Share|ElectricityHV|ImportsSK,share,0.0,0.0
image,SSP2-Base,Business As Usual,DE,Share|ElectricityHV|ImportsME,share,0.0,0.0
image,SSP2-Base,Business As Usual,DE,Share|ElectricityHV|ImportsLT,share,0.0,0.0
image,SSP2-Base,Business As Usual,DE,Share|ElectricityHV|ImportsSI,share,0.0,0.0
image,SSP2-Base,Business As Usual,DE,Share|ElectricityHV|ImportsIE,share,0.0,0.0
image,SSP2-Base,Business As Usual,DE,Share|ElectricityHV|ImportsBE,share,0.0,0.0
image,SSP2-Base,Business As Usual,DE,Share|ElectricityHV|ImportsRS,share,0.0,0.0
image,SSP2-Base,Business As Usual,DE,Share|ElectricityHV|ImportsRO,share,0.0,0.0
image,SSP2-Base,Business As Usual,DE,Share|ElectricityHV|ImportsNL,share,0.0,0.0
image,SSP2-Base,Business As Usual,DE,Share|ElectricityHV|ImportsUA,share,0.028824105493055658,0.040003119249882806
image,SSP2-Base,Business As Usual,DE,Share|ElectricityHV|ImportsPL,share,0.0,0.0
image,SSP2-Base,Business As Usual,DE,Share|ElectricityHV|ImportsFR,share,0.0,0.0
image,SSP2-Base,Business As Usual,DE,Share|ElectricityHV|ImportsGB,share,0.0,0.0
image,SSP2-Base,Business As Usual,DE,Share|ElectricityHV|ImportsNO,share,0.0,0.0
image,SSP2-Base,Business As Usual,DE,Share|ElectricityHV|ImportsCZ,share,0.0,0.0
image,SSP2-Base,Business As Usual,DE,Share|ElectricityHV|ImportsMT,share,0.0,0.0
image,SSP2-Base,Business As Usual,DE,Share|ElectricityHV|ImportsDK,share,0.0,0.0
image,SSP2-Base,Business As Usual,DE,Share|ElectricityHV|ImportsIT,share,0.0,0.0
image,SSP2-Base,Business As Usual,DE,Share|ElectricityHV|ImportsLV,share,0.0,0.0
image,SSP2-Base,Business As Usual,DE,Share|ElectricityHV|ImportsDE,share,0.0,0.0
image,SSP2-Base,Business As Usual,DE,Share|ElectricityHV|ImportsPT,share,0.0,0.0
image,SSP2-Base,Business As Usual,DE,Share|ElectricityHV|ImportsFI,share,0.0,0.0
image,SSP2-Base,Business As Usual,DE,Share|ElectricityHV|ImportsBY,share,0.0,0.0
image,SSP2-Base,Business As Usual,DE,Share|ElectricityHV|ImportsGI,share,0.0,0.0
image,SSP2-Base,Business As Usual,DE,Share|ElectricityHV|ImportsAL,share,0.0,0.0
image,SSP2-Base,Business As Usual,DE,Share|ElectricityHV|ImportsHU,share,0.0,0.0
image,SSP2-Base,Business As Usual,DE,Share|ElectricityHV|ImportsCH,share,0.0,0.0
image,SSP2-Base,Business As Usual,DE,Share|ElectricityMV|TransformationHVMV,share,0.6973109256986169,0.16028486645726386
image,SSP2-Base,Business As Usual,DE,Share|ElectricityMV|SolarPVRoofCommercial,share,0.20971355249578505,0.2955726579331373
image,SSP2-Base,Business As Usual,DE,Share|ElectricityMV|Waste,share,0.09297552180559802,0.5441424756095987
image,SSP2-Base,Business As Usual,DE,Share|ElectricityLV|TransformationMVLV,share,0.26696620751048594,0.330998170615641
image,SSP2-Base,Business As Usual,DE,Share|ElectricityLV|BatteryChemical,share,0.4406543537199896,0.6215447517414481
image,SSP2-Base,Business As Usual,DE,Share|ElectricityLV|SolarPVRoofResidential,share,0.29237943876952455,0.04745707764291081
image,SSP2-Base,Business As Usual,PT,Share|ElectricityHV|Coal,share,0.005202543632895016,0.0013072804081050758
image,SSP2-Base,Business As Usual,PT,Share|ElectricityHV|CombinedCycle,share,0.1521642199539973,0.22235361879045604
image,SSP2-Base,Business As Usual,PT,Share|ElectricityHV|GasTurbine,share,0.01696484950542213,0.08097122784314967
image,SSP2-Base,Business As Usual,PT,Share|ElectricityHV|CogenerationGas,share,0.0039112416615739885,0.048671039190686494
image,SSP2-Base,Business As Usual,PT,Share|ElectricityHV|Nuclear,share,0.02374240430933631,0.07750352143420065
image,SSP2-Base,Business As Usual,PT,Share|ElectricityHV|Oil,share,0.03953847483882997,0.026464529027605665
image,SSP2-Base,Business As Usual,PT,Share|ElectricityHV|Geothermal,share,0.04871989004212015,0.058872200793616915
image,SSP2-Base,Business As Usual,PT,Share|ElectricityHV|HydroRunofRiver,share,0.07441215452732985,0.06857753112338681
image,SSP2-Base,Business As Usual,PT,Share|ElectricityHV|HydroReservoir,share,0.05322501674265103,0.14602646626115426
image,SSP2-Base,Business As Usual,PT,Share|ElectricityHV|Biomass,share,0.17930393446950968,0.040743817052282444
image,SSP2-Base,Business As Usual,PT,Share|ElectricityHV|Biogas,share,0.03759690776076517,0.0065302644910548045
image,SSP2-Base,Business As Usual,PT,Share|ElectricityHV|WindOnshore,share,0.05604444350798364,0.016503791916055496
image,SSP2-Base,Business As Usual,PT,Share|ElectricityHV|WindOffshore,share,0.05155552097645914,0.03723567913418295
image,SSP2-Base,Business As Usual,PT,Share|ElectricityHV|SolarThermal,share,0.0030501571221630006,0.007887190355249101
image,SSP2-Base,Business As Usual,PT,Share|ElectricityHV|SolarPVOpen,share,0.008325703697070927,0.014113858376018777
image,SSP2-Base,Business As Usual,PT,Share|ElectricityHV|Hydrogen,share,0.043199743079187704,0.016716404957868025
image,SSP2-Base,Business As Usual,PT,Share|ElectricityHV|BatteryHydro,share,0.0628403099925932,0.034480103139668386
image,SSP2-Base,Business As Usual,PT,Share|ElectricityHV|ImportsES,share,0.0,0.0
image,SSP2-Base,Business As Usual,PT,Share|ElectricityHV|ImportsBG,share,0.0,0.0
image,SSP2-Base,Business As Usual,PT,Share|ElectricityHV|ImportsSE,share,0.0,0.0
image,SSP2-Base,Business As Usual,PT,Share|ElectricityHV|ImportsAT,share,0.0,0.0
image,SSP2-Base,Business As Usual,PT,Share|ElectricityHV|ImportsMK,share,0.0,0.0
image,SSP2-Base,Business As Usual,PT,Share|ElectricityHV|ImportsMD,share,0.0,0.0
image,SSP2-Base,Business As Usual,PT,Share|ElectricityHV|ImportsHR,share,0.0,0.0
image,SSP2-Base,Business As Usual,PT,Share|ElectricityHV|ImportsXK,share,0.0,0.0
image,SSP2-Base,Business As Usual,PT,Share|ElectricityHV|ImportsLU,share,0.0,0.0
image,SSP2-Base,Business As Usual,PT,Share|ElectricityHV|ImportsGR,share,0.0,0.0
image,SSP2-Base,Business As Usual,PT,Share|ElectricityHV|ImportsIS,share,0.0,0.0
image,SSP2-Base,Business As Usual,PT,Share|ElectricityHV|ImportsBA,share,0.0,0.0
image,SSP2-Base,Business As Usual,PT,Share|ElectricityHV|ImportsEE,share,0.0,0.0
image,SSP2-Base,Business As Usual,PT,Share|ElectricityHV|ImportsSK,share,0.0,0.0
image,SSP2-Base,Business As Usual,PT,Share|ElectricityHV|ImportsME,share,0.055353167042792,0.02778945152829978
image,SSP2-Base,Business As Usual,PT,Share|ElectricityHV|ImportsLT,share,0.0,0.0
image,SSP2-Base,Business As Usual,PT,Share|ElectricityHV|ImportsSI,share,0.0,0.0
image,SSP2-Base,Business As Usual,PT,Share|ElectricityHV|ImportsIE,share,0.0,0.0
image,SSP2-Base,Business As Usual,PT,Share|ElectricityHV|ImportsBE,share,0.0,0.0
image,SSP2-Base,Business As Usual,PT,Share|ElectricityHV|ImportsRS,share,0.0,0.0
image,SSP2-Base,Business As Usual,PT,Share|ElectricityHV|ImportsRO,share,0.0,0.0
image,SSP2-Base,Business As Usual,PT,Share|ElectricityHV|ImportsNL,share,0.0,0.0
image,SSP2-Base,Business As Usual,PT,Share|ElectricityHV|ImportsUA,share,0.0,0.0
image,SSP2-Base,Business As Usual,PT,Share|ElectricityHV|ImportsPL,share,0.0,0.0
image,SSP2-Base,Business As Usual,PT,Share|ElectricityHV|ImportsFR,share,0.02421657519018429,0.032517622643824906
image,SSP2-Base,Business As Usual,PT,Share|ElectricityHV|ImportsGB,share,0.0,0.0
image,SSP2-Base,Business As Usual,PT,Share|ElectricityHV|ImportsNO,share,0.0,0.0
image,SSP2-Base,Business As Usual,PT,Share|ElectricityHV|ImportsCZ,share,0.0,0.0
image,SSP2-Base,Business As Usual,PT,Share|ElectricityHV|ImportsMT,share,0.06063274194713522,0.03473440153313381
image,SSP2-Base,Business As Usual,PT,Share|ElectricityHV|ImportsDK,share,0.0,0.0
image,SSP2-Base,Business As Usual,PT,Share|ElectricityHV|ImportsIT,share,0.0,0.0
image,SSP2-Base,Business As Usual,PT,Share|ElectricityHV|ImportsLV,share,0.0,0.0
image,SSP2-Base,Business As Usual,PT,Share|ElectricityHV|ImportsDE,share,0.0,0.0
image,SSP2-Base,Business As Usual,PT,Share|ElectricityHV|ImportsPT,share,0.0,0.0
image,SSP2-Base,Business As Usual,PT,Share|ElectricityHV|ImportsFI,share,0.0,0.0
image,SSP2-Base,Business As Usual,PT,Share|ElectricityHV|ImportsBY,share,0.0,0.0
image,SSP2-Base,Business As Usual,PT,Share|ElectricityHV|ImportsGI,share,0.0,0.0
image,SSP2-Base,Business As Usual,PT,Share|ElectricityHV|ImportsAL,share,0.0,0.0
image,SSP2-Base,Business As Usual,PT,Share|ElectricityHV|ImportsHU,share,0.0,0.0
image,SSP2-Base,Business As Usual,PT,Share|ElectricityHV|ImportsCH,share,0.0,0.0
image,SSP2-Base,Business As Usual,PT,Share|ElectricityMV|TransformationHVMV,share,0.3994498544054629,0.3658314605909191
image,SSP2-Base,Business As Usual,PT,Share|ElectricityMV|SolarPVRoofCommercial,share,0.1775458009640698,0.12759082399577903
image,SSP2-Base,Business As Usual,PT,Share|ElectricityMV|Waste,share,0.4230043446304674,0.5065777154133019
image,SSP2-Base,Business As Usual,PT,Share|ElectricityLV|TransformationMVLV,share,0.24469841125754888,0.5024281383835049
image,SSP2-Base,Business As Usual,PT,Share|ElectricityLV|BatteryChemical,share,0.34652919231170004,0.28911414284341147
image,SSP2-Base,Business As Usual,PT,Share|ElectricityLV|SolarPVRoofResidential,share,0.40877239643075125,0.2084577187730835
image,SSP2-Base,Business As Usual,FI,Share|ElectricityHV|Coal,share,0.002072155657745512,0.01511585841352053
image,SSP2-Base,Business As Usual,FI,Share|ElectricityHV|CombinedCycle,share,0.2842003157066527,0.04539744588947623
image,SSP2-Base,Business As Usual,FI,Share|ElectricityHV|GasTurbine,share,0.0023201466353486512,0.07159080396583024
image,SSP2-Base,Business As Usual,FI,Share|ElectricityHV|CogenerationGas,share,0.014326445892393102,0.014201609996446606
image,SSP2-Base,Business As Usual,FI,Share|ElectricityHV|Nuclear,share,0.0257182988974,0.033663124556641895
image,SSP2-Base,Business As Usual,FI,Share|ElectricityHV|Oil,share,0.029050695802334724,0.21549121583935302
image,SSP2-Base,Business As Usual,FI,Share|ElectricityHV|Geothermal,share,0.02743312080342019,0.02797146097162748
image,SSP2-Base,Business As Usual,FI,Share|ElectricityHV|HydroRunofRiver,share,0.028360520404818002,0.031836135760009404
image,SSP2-Base,Business As Usual,FI,Share|ElectricityHV|HydroReservoir,share,0.052737424725644945,0.0895160038835351
image,SSP2-Base,Business As Usual,FI,Share|ElectricityHV|Biomass,share,0.021052002555802446,0.011809455298058363
image,SSP2-Base,Business As Usual,FI,Share|ElectricityHV|Biogas,share,0.048212011596295484,0.0464697046691732
image,SSP2-Base,Business As Usual,FI,Share|ElectricityHV|WindOnshore,share,0.03297879106924963,0.019232030132181676
image,SSP2-Base,Business As Usual,FI,Share|ElectricityHV|WindOffshore,share,0.08347674688812913,0.06669055394157004
image,SSP2-Base,Business As Usual,FI,Share|ElectricityHV|SolarThermal,share,0.08366865187425257,0.057922086737660104
image,SSP2-Base,Business As Usual,FI,Share|ElectricityHV|SolarPVOpen,share,0.021177500668320793,0.07352439723056618
image,SSP2-Base,Business As Usual,FI,Share|ElectricityHV|Hydrogen,share,0.053903060554827374,0.03467851378047232
image,SSP2-Base,Business As Usual,FI,Share|ElectricityHV|BatteryHydro,share,0.09514929589873271,0.03722063906727513
image,SSP2-Base,Business As Usual,FI,Share|ElectricityHV|ImportsES,share,0.0,0.0
image,SSP2-Base,Business As Usual,FI,Share|ElectricityHV|ImportsBG,share,0.0,0.0
image,SSP2-Base,Business As Usual,FI,Share|ElectricityHV|ImportsSE,share,0.0,0.0
image,SSP2-Base,Business As Usual,FI,Share|ElectricityHV|ImportsAT,share,0.0,0.0
image,SSP2-Base,Business As Usual,FI,Share|ElectricityHV|ImportsMK,share,0.0,0.0
image,SSP2-Base,Business As Usual,FI,Share|ElectricityHV|ImportsMD,share,0.0011166671461675865,0.03347721499670188
image,SSP2-Base,Business As Usual,FI,Share|ElectricityHV|ImportsHR,share,0.0,0.0
image,SSP2-Base,Business As Usual,FI,Share|ElectricityHV|ImportsXK,share,0.0,0.0
image,SSP2-Base,Business As Usual,FI,Share|ElectricityHV|ImportsLU,share,0.0,0.0
image,SSP2-Base,Business As Usual,FI,Share|ElectricityHV|ImportsGR,share,0.0,0.0
image,SSP2-Base,Business As Usual,FI,Share|ElectricityHV|ImportsIS,share,0.0,0.0
image,SSP2-Base,Business As Usual,FI,Share|ElectricityHV|ImportsBA,share,0.0,0.0
image,SSP2-Base,Business As Usual,FI,Share|ElectricityHV|ImportsEE,share,0.0,0.0
image,SSP2-Base,Business As Usual,FI,Share|ElectricityHV|ImportsSK,share,0.0,0.0
image,SSP2-Base,Business As Usual,FI,Share|ElectricityHV|ImportsME,share,0.0,0.0
image,SSP2-Base,Business As Usual,FI,Share|ElectricityHV|ImportsLT,share,0.0,0.0
image,SSP2-Base,Business As Usual,FI,Share|ElectricityHV|ImportsSI,share,0.0,0.0
image,SSP2-Base,Business As Usual,FI,Share|ElectricityHV|ImportsIE,share,0.0,0.0
image,SSP2-Base,Business As Usual,FI,Share|ElectricityHV|ImportsBE,share,0.0,0.0
image,SSP2-Base,Business As Usual,FI,Share|ElectricityHV|ImportsRS,share,0.0,0.0
image,SSP2-Base,Business As Usual,FI,Share|ElectricityHV|ImportsRO,share,0.0,0.0
image,SSP2-Base,Business As Usual,FI,Share|ElectricityHV|ImportsNL,share,0.0,0.0
image,SSP2-Base,Business As Usual,FI,Share|ElectricityHV|ImportsUA,share,0.0,0.0
image,SSP2-Base,Business As Usual,FI,Share|ElectricityHV|ImportsPL,share,0.0,0.0
image,SSP2-Base,Business As Usual,FI,Share|ElectricityHV|ImportsFR,share,0.0,0.0
image,SSP2-Base,Business As Usual,FI,Share|ElectricityHV|ImportsGB,share,0.0,0.0
image,SSP2-Base,Business As Usual,FI,Share|ElectricityHV|ImportsNO,share,0.03642416116118187,0.04021868838215636
image,SSP2-Base,Business As Usual,FI,Share|ElectricityHV|ImportsCZ,share,0.0,0.0
image,SSP2-Base,Business As Usual,FI,Share|ElectricityHV|ImportsMT,share,0.0,0.0
image,SSP2-Base,Business As Usual,FI,Share|ElectricityHV|ImportsDK,share,0.0,0.0
image,SSP2-Base,Business As Usual,FI,Share|ElectricityHV|ImportsIT,share,0.0,0.0
image,SSP2-Base,Business As Usual,FI,Share|ElectricityHV|ImportsLV,share,0.05662198606128259,0.03397305648774442
image,SSP2-Base,Business As Usual,FI,Share|ElectricityHV|ImportsDE,share,0.0,0.0
image,SSP2-Base,Business As Usual,FI,Share|ElectricityHV|ImportsPT,share,0.0,0.0
image,SSP2-Base,Business As Usual,FI,Share|ElectricityHV|ImportsFI,share,0.0,0.0
image,SSP2-Base,Business As Usual,FI,Share|ElectricityHV|ImportsBY,share,0.0,0.0
image,SSP2-Base,Business As Usual,FI,Share|ElectricityHV|ImportsGI,share,0.0,0.0
image,SSP2-Base,Business As Usual,FI,Share|ElectricityHV|ImportsAL,share,0.0,0.0
image,SSP2-Base,Business As Usual,FI,Share|ElectricityHV|ImportsHU,share,0.0,0.0
image,SSP2-Base,Business As Usual,FI,Share|ElectricityHV|ImportsCH,share,0.0,0.0
image,SSP2-Base,Business As Usual,FI,Share|ElectricityMV|TransformationHVMV,share,0.12907758770530728,0.5758831790698531
image,SSP2-Base,Business As Usual,FI,Share|ElectricityMV|SolarPVRoofCommercial,share,0.18872531005878174,0.24097698157768635
image,SSP2-Base,Business As Usual,FI,Share|ElectricityMV|Waste,share,0.682197102235911,0.18313983935246056
image,SSP2-Base,Business As Usual,FI,Share|ElectricityLV|TransformationMVLV,share,0.5692708826702743,0.1486938296527605
image,SSP2-Base,Business As Usual,FI,Share|ElectricityLV|BatteryChemical,share,0.3415324242197856,0.5546778757348498
image,SSP2-Base,Business As Usual,FI,Share|ElectricityLV|SolarPVRoofResidential,share,0.08919669310994015,0.29662829461238954
image,SSP2-Base,Business As Usual,BY,Share|ElectricityHV|Coal,share,0.11484291664377823,0.10446084592444989
image,SSP2-Base,Business As Usual,BY,Share|ElectricityHV|CombinedCycle,share,0.09082685033561971,0.036944899618704875
image,SSP2-Base,Business As Usual,BY,Share|ElectricityHV|GasTurbine,share,0.00698489273045759,0.021517775494113902
image,SSP2-Base,Business As Usual,BY,Share|ElectricityHV|CogenerationGas,share,0.05624651501029963,0.014108995417657949
image,SSP2-Base,Business As Usual,BY,Share|ElectricityHV|Nuclear,share,0.01040877026478846,0.004192627636764382
image,SSP2-Base,Business As Usual,BY,Share|ElectricityHV|Oil,share,0.0317854383550009,0.008365783510383175
image,SSP2-Base,Business As Usual,BY,Share|ElectricityHV|Geothermal,share,0.009213190335214009,0.04823836517660997
image,SSP2-Base,Business As Usual,BY,Share|ElectricityHV|HydroRunofRiver,share,0.009765192898282295,0.06591228001209089
image,SSP2-Base,Business As Usual,BY,Share|ElectricityHV|HydroReservoir,share,0.07754335840847733,0.026860298061042107
image,SSP2-Base,Business As Usual,BY,Share|ElectricityHV|Biomass,share,0.07036198056055712,0.22975636077170378
image,SSP2-Base,Business As Usual,BY,Share|ElectricityHV|Biogas,share,0.05202811783799112,0.008489325964324735
image,SSP2-Base,Business As Usual,BY,Share|ElectricityHV|WindOnshore,share,0.028619250050970796,0.0034792418486915048
image,SSP2-Base,Business As Usual,BY,Share|ElectricityHV|WindOffshore,share,0.008136490327950706,0.22663029488337383
image,SSP2-Base,Business As Usual,BY,Share|ElectricityHV|SolarThermal,share,0.03196064443728182,0.005100121531735784
image,SSP2-Base,Business As Usual,BY,Share|ElectricityHV|SolarPVOpen,share,0.07066880767080676,0.02645192855707363
image,SSP2-Base,Business As Usual,BY,Share|ElectricityHV|Hydrogen,share,0.06910219858507832,0.015691588130351725
image,SSP2-Base,Business As Usual,BY,Share|ElectricityHV|BatteryHydro,share,0.17358897796029016,0.051766008801374525
image,SSP2-Base,Business As Usual,BY,Share|ElectricityHV|ImportsES,share,0.0,0.0
image,SSP2-Base,Business As Usual,BY,Share|ElectricityHV|ImportsBG,share,0.0,0.0
image,SSP2-Base,Business As Usual,BY,Share|ElectricityHV|ImportsSE,share,0.0,0.0
image,SSP2-Base,Business As Usual,BY,Share|ElectricityHV|ImportsAT,share,0.03677582305507994,0.019947208097423404
image,SSP2-Base,Business As Usual,BY,Share|ElectricityHV|ImportsMK,share,0.0,0.0
image,SSP2-Base,Business As Usual,BY,Share|ElectricityHV|ImportsMD,share,0.0,0.0
image,SSP2-Base,Business As Usual,BY,Share|ElectricityHV|ImportsHR,share,0.0,0.0
image,SSP2-Base,Business As Usual,BY,Share|ElectricityHV|ImportsXK,share,0.0,0.0
image,SSP2-Base,Business As Usual,BY,Share|ElectricityHV|ImportsLU,share,0.0,0.0
image,SSP2-Base,Business As Usual,BY,Share|ElectricityHV|ImportsGR,share,0.0,0.0
image,SSP2-Base,Business As Usual,BY,Share|ElectricityHV|ImportsIS,share,0.0,0.0
image,SSP2-Base,Business As Usual,BY,Share|ElectricityHV|ImportsBA,share,0.0,0.0
image,SSP2-Base,Business As Usual,BY,Share|ElectricityHV|ImportsEE,share,0.0,0.0
image,SSP2-Base,Business As Usual,BY,Share|ElectricityHV|ImportsSK,share,0.0,0.0
image,SSP2-Base,Business As Usual,BY,Share|ElectricityHV|ImportsME,share,0.0,0.0
image,SSP2-Base,Business As Usual,BY,Share|ElectricityHV|ImportsLT,share,0.0,0.0
image,SSP2-Base,Business As Usual,BY,Share|ElectricityHV|ImportsSI,share,0.0,0.0
image,SSP2-Base,Business As Usual,BY,Share|ElectricityHV|ImportsIE,share,0.0,0.0
image,SSP2-Base,Business As Usual,BY,Share|ElectricityHV|ImportsBE,share,0.0,0.0
image,SSP2-Base,Business As Usual,BY,Share|ElectricityHV|ImportsRS,share,0.0,0.0
image,SSP2-Base,Business As Usual,BY,Share|ElectricityHV|ImportsRO,share,0.0,0.0
image,SSP2-Base,Business As Usual,BY,Share|ElectricityHV|ImportsNL,share,0.0,0.0
image,SSP2-Base,Business As Usual,BY,Share|ElectricityHV|ImportsUA,share,0.0,0.0
image,SSP2-Base,Business As Usual,BY,Share|ElectricityHV|ImportsPL,share,0.0,0.0
image,SSP2-Base,Business As Usual,BY,Share|ElectricityHV|ImportsFR,share,0.0,0.0
image,SSP2-Base,Business As Usual,BY,Share|ElectricityHV|ImportsGB,share,0.0,0.0
image,SSP2-Base,Business As Usual,BY,Share|ElectricityHV|ImportsNO,share,0.0,0.0
image,SSP2-Base,Business As Usual,BY,Share|ElectricityHV|ImportsCZ,share,0.0,0.0
image,SSP2-Base,Business As Usual,BY,Share|ElectricityHV|ImportsMT,share,0.0029840479333350465,0.022581102126005975
image,SSP2-Base,Business As Usual,BY,Share|ElectricityHV|ImportsDK,share,0.0,0.0
image,SSP2-Base,Business As Usual,BY,Share|ElectricityHV|ImportsIT,share,0.0,0.0
image,SSP2-Base,Business As Usual,BY,Share|ElectricityHV|ImportsLV,share,0.0,0.0
image,SSP2-Base,Business As Usual,BY,Share|ElectricityHV|ImportsDE,share,0.0,0.0
image,SSP2-Base,Business As Usual,BY,Share|ElectricityHV|ImportsPT,share,0.0,0.0
image,SSP2-Base,Business As Usual,BY,Share|ElectricityHV|ImportsFI,share,0.0,0.0
image,SSP2-Base,Business As Usual,BY,Share|ElectricityHV|ImportsBY,share,0.0,0.0
image,SSP2-Base,Business As Usual,BY,Share|ElectricityHV|ImportsGI,share,0.04815653659873996,0.05950494843612404
image,SSP2-Base,Business As Usual,BY,Share|ElectricityHV|ImportsAL,share,0.0,0.0
image,SSP2-Base,Business As Usual,BY,Share|ElectricityHV|ImportsHU,share,0.0,0.0
image,SSP2-Base,Business As Usual,BY,Share|ElectricityHV|ImportsCH,share,0.0,0.0
image,SSP2-Base,Business As Usual,BY,Share|ElectricityMV|TransformationHVMV,share,0.15579762949870937,0.0630083104269875
image,SSP2-Base,Business As Usual,BY,Share|ElectricityMV|SolarPVRoofCommercial,share,0.3858262569955424,0.1719180712810944
image,SSP2-Base,Business As Usual,BY,Share|ElectricityMV|Waste,share,0.4583761135057483,0.765073618291918
image,SSP2-Base,Business As Usual,BY,Share|ElectricityLV|TransformationMVLV,share,0.47545846787711143,0.6249053761413892
image,SSP2-Base,Business As Usual,BY,Share|ElectricityLV|BatteryChemical,share,0.23250666470964876,0.1419870147099861
image,SSP2-Base,Business As Usual,BY,Share|ElectricityLV|SolarPVRoofResidential,share,0.2920348674132397,0.23310760914862463
image,SSP2-Base,Business As Usual,GI,Share|ElectricityHV|Coal,share,0.13234236450136175,0.09171421523569578
image,SSP2-Base,Business As Usual,GI,Share|ElectricityHV|CombinedCycle,share,0.020570803782604,0.042050456015671187
image,SSP2-Base,Business As Usual,GI,Share|ElectricityHV|GasTurbine,share,0.02480647459167135,0.022243412462712733
image,SSP2-Base,Business As Usual,GI,Share|ElectricityHV|CogenerationGas,share,0.16902756307119154,0.056508018753674435
image,SSP2-Base,Business As Usual,GI,Share|ElectricityHV|Nuclear,share,0.08877124120263229,0.07953985108574635
image,SSP2-Base,Business As Usual,GI,Share|ElectricityHV|Oil,share,0.0407564817592506,0.014220149280530607
image,SSP2-Base,Business As Usual,GI,Share|ElectricityHV|Geothermal,share,0.01423230420895418,0.040822658601418996
image,SSP2-Base,Business As Usual,GI,Share|ElectricityHV|HydroRunofRiver,share,0.025182916745543852,0.04163681511519006
image,SSP2-Base,Business As Usual,GI,Share|ElectricityHV|HydroReservoir,share,0.004546309624364781,0.10875266182610029
image,SSP2-Base,Business As Usual,GI,Share|ElectricityHV|Biomass,share,0.06793288655611966,0.021893756207844776
image,SSP2-Base,Business As Usual,GI,Share|ElectricityHV|Biogas,share,0.023476211207662127,0.010789848059068958
image,SSP2-Base,Business As Usual,GI,Share|ElectricityHV|WindOnshore,share,0.07332834940766873,0.04533769754354273
image,SSP2-Base,Business As Usual,GI,Share|ElectricityHV|WindOffshore,share,0.1083487637327457,0.06086289455507677
image,SSP2-Base,Business As Usual,GI,Share|ElectricityHV|SolarThermal,share,0.07437446704605465,0.03760428040798643
image,SSP2-Base,Business As Usual,GI,Share|ElectricityHV|SolarPVOpen,share,0.035360538688875634,0.11496599187756794
image,SSP2-Base,Business As Usual,GI,Share|ElectricityHV|Hydrogen,share,0.019204355723337674,0.021815493337511597
image,SSP2-Base,Business As Usual,GI,Share|ElectricityHV|BatteryHydro,share,0.011379529064819541,0.03854168694553835
image,SSP2-Base,Business As Usual,GI,Share|ElectricityHV|ImportsES,share,0.0,0.0
image,SSP2-Base,Business As Usual,GI,Share|ElectricityHV|ImportsBG,share,0.0,0.0
image,SSP2-Base,Business As Usual,GI,Share|ElectricityHV|ImportsSE,share,0.0,0.0
image,SSP2-Base,Business As Usual,GI,Share|ElectricityHV|ImportsAT,share,0.0,0.0
image,SSP2-Base,Business As Usual,GI,Share|ElectricityHV|ImportsMK,share,0.0,0.0
image,SSP2-Base,Business As Usual,GI,Share|ElectricityHV|ImportsMD,share,0.0,0.0
image,SSP2-Base,Business As Usual,GI,Share|ElectricityHV|ImportsHR,share,0.0,0.0
image,SSP2-Base,Business As Usual,GI,Share|ElectricityHV|ImportsXK,share,0.0,0.0
image,SSP2-Base,Business As Usual,GI,Share|ElectricityHV|ImportsLU,share,0.0,0.0
image,SSP2-Base,Business As Usual,GI,Share|ElectricityHV|ImportsGR,share,0.0,0.0
image,SSP2-Base,Business As Usual,GI,Share|ElectricityHV|ImportsIS,share,0.0,0.0
image,SSP2-Base,Business As Usual,GI,Share|ElectricityHV|ImportsBA,share,0.0,0.0
image,SSP2-Base,Business As Usual,GI,Share|ElectricityHV|ImportsEE,share,0.0,0.0
image,SSP2-Base,Business As Usual,GI,Share|ElectricityHV|ImportsSK,share,0.0,0.0
image,SSP2-Base,Business As Usual,GI,Share|ElectricityHV|ImportsME,share,0.0,0.0
image,SSP2-Base,Business As Usual,GI,Share|ElectricityHV|ImportsLT,share,0.0,0.0
image,SSP2-Base,Business As Usual,GI,Share|ElectricityHV|ImportsSI,share,0.0,0.0
image,SSP2-Base,Business As Usual,GI,Share|ElectricityHV|ImportsIE,share,0.0,0.0
image,SSP2-Base,Business As Usual,GI,Share|ElectricityHV|ImportsBE,share,0.0,0.0
image,SSP2-Base,Business As Usual,GI,Share|ElectricityHV|ImportsRS,share,0.0,0.0
image,SSP2-Base,Business As Usual,GI,Share|ElectricityHV|ImportsRO,share,0.009283948744306941,0.022752400411514634
image,SSP2-Base,Business As Usual,GI,Share|ElectricityHV|ImportsNL,share,0.0,0.0
image,SSP2-Base,Business As Usual,GI,Share|ElectricityHV|ImportsUA,share,0.0,0.0
image,SSP2-Base,Business As Usual,GI,Share|ElectricityHV|ImportsPL,share,0.0,0.0
image,SSP2-Base,Business As Usual,GI,Share|ElectricityHV|ImportsFR,share,0.0,0.0
image,SSP2-Base,Business As Usual,GI,Share|ElectricityHV|ImportsGB,share,0.0,0.0
image,SSP2-Base,Business As Usual,GI,Share|ElectricityHV|ImportsNO,share,0.0,0.0
image,SSP2-Base,Business As Usual,GI,Share|ElectricityHV|ImportsCZ,share,0.0,0.0
image,SSP2-Base,Business As Usual,GI,Share|ElectricityHV|ImportsMT,share,0.0,0.0
image,SSP2-Base,Business As Usual,GI,Share|ElectricityHV|ImportsDK,share,0.0,0.0
image,SSP2-Base,Business As Usual,GI,Share|ElectricityHV|ImportsIT,share,0.024808582018200468,0.035096060139607116
image,SSP2-Base,Business As Usual,GI,Share|ElectricityHV|ImportsLV,share,0.0,0.0
image,SSP2-Base,Business As Usual,GI,Share|ElectricityHV|ImportsDE,share,0.03226590832263442,0.09285165213800027
image,SSP2-Base,Business As Usual,GI,Share|ElectricityHV|ImportsPT,share,0.0,0.0
image,SSP2-Base,Business As Usual,GI,Share|ElectricityHV|ImportsFI,share,0.0,0.0
image,SSP2-Base,Business As Usual,GI,Share|ElectricityHV|ImportsBY,share,0.0,0.0
image,SSP2-Base,Business As Usual,GI,Share|ElectricityHV|ImportsGI,share,0.0,0.0
image,SSP2-Base,Business As Usual,GI,Share|ElectricityHV|ImportsAL,share,0.0,0.0
image,SSP2-Base,Business As Usual,GI,Share|ElectricityHV|ImportsHU,share,0.0,0.0
image,SSP2-Base,Business As Usual,GI,Share|ElectricityHV|ImportsCH,share,0.0,0.0
image,SSP2-Base,Business As Usual,GI,Share|ElectricityMV|TransformationHVMV,share,0.1711161895910713,0.3073788990620691
image,SSP2-Base,Business As Usual,GI,Share|ElectricityMV|SolarPVRoofCommercial,share,0.3500018606081073,0.0804783540197564
image,SSP2-Base,Business As Usual,GI,Share|ElectricityMV|Waste,share,0.4788819498008215,0.6121427469181746
image,SSP2-Base,Business As Usual,GI,Share|ElectricityLV|TransformationMVLV,share,0.07603058821102907,0.456988627205509
image,SSP2-Base,Business As Usual,GI,Share|ElectricityLV|BatteryChemical,share,0.8448829108165872,0.4059364131225032
image,SSP2-Base,Business As Usual,GI,Share|ElectricityLV|SolarPVRoofResidential,share,0.07908650097238383,0.13707495967198777
image,SSP2-Base,Business As Usual,AL,Share|ElectricityHV|Coal,share,0.09339417892114836,0.01556341524566997
image,SSP2-Base,Business As Usual,AL,Share|ElectricityHV|CombinedCycle,share,0.07374155045173121,0.06987772144568978
image,SSP2-Base,Business As Usual,AL,Share|ElectricityHV|GasTurbine,share,0.0534593809661244,0.06977687723514932
image,SSP2-Base,Business As Usual,AL,Share|ElectricityHV|CogenerationGas,share,0.01870957792012262,0.06287568133430323
image,SSP2-Base,Business As Usual,AL,Share|ElectricityHV|Nuclear,share,0.05017612968207877,0.07069475847184405
image,SSP2-Base,Business As Usual,AL,Share|ElectricityHV|Oil,share,0.014551841683921745,0.015271226818299085
image,SSP2-Base,Business As Usual,AL,Share|ElectricityHV|Geothermal,share,0.03748760882958577,0.02716567376390263
image,SSP2-Base,Business As Usual,AL,Share|ElectricityHV|HydroRunofRiver,share,0.0324937508515432,0.14452693232865274
image,SSP2-Base,Business As Usual,AL,Share|ElectricityHV|HydroReservoir,share,0.034792389718457786,0.07030578926263571
image,SSP2-Base,Business As Usual,AL,Share|ElectricityHV|Biomass,share,0.0074797660708282475,0.018560153715414206
image,SSP2-Base,Business As Usual,AL,Share|ElectricityHV|Biogas,share,0.026270424760081658,0.014587974394310354
image,SSP2-Base,Business As Usual,AL,Share|ElectricityHV|WindOnshore,share,0.11316735889618294,0.11246462117729153
image,SSP2-Base,Business As Usual,AL,Share|ElectricityHV|WindOffshore,share,0.045114634441864115,0.01696153446538263
image,SSP2-Base,Business As Usual,AL,Share|ElectricityHV|SolarThermal,share,0.10622180952517365,0.018487399558300446
image,SSP2-Base,Business As Usual,AL,Share|ElectricityHV|SolarPVOpen,share,0.014681645336862854,0.010761396161018157
image,SSP2-Base,Business As Usual,AL,Share|ElectricityHV|Hydrogen,share,0.0247973564698591,0.08281797373619212
image,SSP2-Base,Business As Usual,AL,Share|ElectricityHV|BatteryHydro,share,0.24843806012486833,0.10270128245207537
image,SSP2-Base,Business As Usual,AL,Share|ElectricityHV|ImportsES,share,0.0,0.0
image,SSP2-Base,Business As Usual,AL,Share|ElectricityHV|ImportsBG,share,0.0,0.0
image,SSP2-Base,Business As Usual,AL,Share|ElectricityHV|ImportsSE,share,0.0,0.0
image,SSP2-Base,Business As Usual,AL,Share|ElectricityHV|ImportsAT,share,0.0,0.0
image,SSP2-Base,Business As Usual,AL,Share|ElectricityHV|ImportsMK,share,0.0,0.0
image,SSP2-Base,Business As Usual,AL,Share|ElectricityHV|ImportsMD,share,0.0,0.0
image,SSP2-Base,Business As Usual,AL,Share|ElectricityHV|ImportsHR,share,0.0,0.0
image,SSP2-Base,Business As Usual,AL,Share|ElectricityHV|ImportsXK,share,0.0,0.0
image,SSP2-Base,Business As Usual,AL,Share|ElectricityHV|ImportsLU,share,0.0,0.0
image,SSP2-Base,Business As Usual,AL,Share|ElectricityHV|ImportsGR,share,0.0,0.0
image,SSP2-Base,Business As Usual,AL,Share|ElectricityHV|ImportsIS,share,0.0,0.0
image,SSP2-Base,Business As Usual,AL,Share|ElectricityHV|ImportsBA,share,0.0,0.0
image,SSP2-Base,Business As Usual,AL,Share|ElectricityHV|ImportsEE,share,0.0,0.0
image,SSP2-Base,Business As Usual,AL,Share|ElectricityHV|ImportsSK,share,0.0,0.0
image,SSP2-Base,Business As Usual,AL,Share|ElectricityHV|ImportsME,share,0.0,0.0
image,SSP2-Base,Business As Usual,AL,Share|ElectricityHV|ImportsLT,share,0.001480473282860949,0.03640150629793434
image,SSP2-Base,Business As Usual,AL,Share|ElectricityHV|ImportsSI,share,0.0,0.0
image,SSP2-Base,Business As Usual,AL,Share|ElectricityHV|ImportsIE,share,0.0,0.0
image,SSP2-Base,Business As Usual,AL,Share|ElectricityHV|ImportsBE,share,0.0,0.0
image,SSP2-Base,Business As Usual,AL,Share|ElectricityHV|ImportsRS,share,0.0,0.0
image,SSP2-Base,Business As Usual,AL,Share|ElectricityHV|ImportsRO,share,0.0,0.0
image,SSP2-Base,Business As Usual,AL,Share|ElectricityHV|ImportsNL,share,0.0,0.0
image,SSP2-Base,Business As Usual,AL,Share|ElectricityHV|ImportsUA,share,0.0,0.0
image,SSP2-Base,Business As Usual,AL,Share|ElectricityHV|ImportsPL,share,0.0,0.0
image,SSP2-Base,Business As Usual,AL,Share|ElectricityHV|ImportsFR,share,0.0028143308753955897,0.029884250373878783
image,SSP2-Base,Business As Usual,AL,Share|ElectricityHV|ImportsGB,share,0.0,0.0
image,SSP2-Base,Business As Usual,AL,Share|ElectricityHV|ImportsNO,share,0.0,0.0
image,SSP2-Base,Business As Usual,AL,Share|ElectricityHV|ImportsCZ,share,0.0,0.0
image,SSP2-Base,Business As Usual,AL,Share|ElectricityHV|ImportsMT,share,0.0,0.0
image,SSP2-Base,Business As Usual,AL,Share|ElectricityHV|ImportsDK,share,0.0,0.0
image,SSP2-Base,Business As Usual,AL,Share|ElectricityHV|ImportsIT,share,0.0007277311913085323,0.010313831762055593
image,SSP2-Base,Business As Usual,AL,Share|ElectricityHV|ImportsLV,share,0.0,0.0
image,SSP2-Base,Business As Usual,AL,Share|ElectricityHV|ImportsDE,share,0.0,0.0
image,SSP2-Base,Business As Usual,AL,Share|ElectricityHV|ImportsPT,share,0.0,0.0
image,SSP2-Base,Business As Usual,AL,Share|ElectricityHV|ImportsFI,share,0.0,0.0
image,SSP2-Base,Business As Usual,AL,Share|ElectricityHV|ImportsBY,share,0.0,0.0
image,SSP2-Base,Business As Usual,AL,Share|ElectricityHV|ImportsGI,share,0.0,0.0
image,SSP2-Base,Business As Usual,AL,Share|ElectricityHV|ImportsAL,share,0.0,0.0
image,SSP2-Base,Business As Usual,AL,Share|ElectricityHV|ImportsHU,share,0.0,0.0
image,SSP2-Base,Business As Usual,AL,Share|ElectricityHV|ImportsCH,share,0.0,0.0
image,SSP2-Base,Business As Usual,AL,Share|ElectricityMV|TransformationHVMV,share,0.17816961279408458,0.07950021411949315
image,SSP2-Base,Business As Usual,AL,Share|ElectricityMV|SolarPVRoofCommercial,share,0.5174829635541216,0.8358030715818859
image,SSP2-Base,Business As Usual,AL,Share|ElectricityMV|Waste,share,0.30434742365179374,0.08469671429862104
image,SSP2-Base,Business As Usual,AL,Share|ElectricityLV|TransformationMVLV,share,0.3682532848647345,0.014549435848772616
image,SSP2-Base,Business As Usual,AL,Share|ElectricityLV|BatteryChemical,share,0.3444627235526072,0.9668315468920915
image,SSP2-Base,Business As Usual,AL,Share|ElectricityLV|SolarPVRoofResidential,share,0.28728399158265816,0.01861901725913588
image,SSP2-Base,Business As Usual,HU,Share|ElectricityHV|Coal,share,0.08446248107993944,0.07352383025110205
image,SSP2-Base,Business As Usual,HU,Share|ElectricityHV|CombinedCycle,share,0.03883990240453024,0.03173510386769748
image,SSP2-Base,Business As Usual,HU,Share|ElectricityHV|GasTurbine,share,0.010410027214000092,0.0004636161647950868
image,SSP2-Base,Business As Usual,HU,Share|ElectricityHV|CogenerationGas,share,0.04511643251415937,0.008511063394031503
image,SSP2-Base,Business As Usual,HU,Share|ElectricityHV|Nuclear,share,0.13143681740730914,0.04038393223599172
image,SSP2-Base,Business As Usual,HU,Share|ElectricityHV|Oil,share,0.05406495514239019,0.07976329856463389
image,SSP2-Base,Business As Usual,HU,Share|ElectricityHV|Geothermal,share,0.015997457017672998,0.023976490487075355
image,SSP2-Base,Business As Usual,HU,Share|ElectricityHV|HydroRunofRiver,share,0.011719598310818626,0.06542009255387556
image,SSP2-Base,Business As Usual,HU,Share|ElectricityHV|HydroReservoir,share,0.07541204216197979,0.02463276216504873
image,SSP2-Base,Business As Usual,HU,Share|ElectricityHV|Biomass,share,0.0007637586395331931,0.04086802543963378
image,SSP2-Base,Business As Usual,HU,Share|ElectricityHV|Biogas,share,0.1466142746588713,0.02081637337770163
image,SSP2-Base,Business As Usual,HU,Share|ElectricityHV|WindOnshore,share,0.005978068052197503,0.06989966861971227
image,SSP2-Base,Business As Usual,HU,Share|ElectricityHV|WindOffshore,share,0.048464959313196124,0.10014256511908196
image,SSP2-Base,Business As Usual,HU,Share|ElectricityHV|SolarThermal,share,0.07467903670446657,0.09387681549888438
image,SSP2-Base,Business As Usual,HU,Share|ElectricityHV|SolarPVOpen,share,0.020220465784059765,0.24309407092445012
image,SSP2-Base,Business As Usual,HU,Share|ElectricityHV|Hydrogen,share,0.12556107339135983,0.010147360485698287
image,SSP2-Base,Business As Usual,HU,Share|ElectricityHV|BatteryHydro,share,0.08778372529966967,0.03539397970830571
image,SSP2-Base,Business As Usual,HU,Share|ElectricityHV|ImportsES,share,0.0,0.0
image,SSP2-Base,Business As Usual,HU,Share|ElectricityHV|ImportsBG,share,0.0,0.0
image,SSP2-Base,Business As Usual,HU,Share|ElectricityHV|ImportsSE,share,0.0,0.0
image,SSP2-Base,Business As Usual,HU,Share|ElectricityHV|ImportsAT,share,0.0,0.0
image,SSP2-Base,Business As Usual,HU,Share|ElectricityHV|ImportsMK,share,0.0,0.0
image,SSP2-Base,Business As Usual,HU,Share|ElectricityHV|ImportsMD,share,0.0,0.0
image,SSP2-Base,Business As Usual,HU,Share|ElectricityHV|ImportsHR,share,0.0,0.0
image,SSP2-Base,Business As Usual,HU,Share|ElectricityHV|ImportsXK,share,0.0039829778942173325,0.0002980384010242911
image,SSP2-Base,Business As Usual,HU,Share|ElectricityHV|ImportsLU,share,0.0,0.0
image,SSP2-Base,Business As Usual,HU,Share|ElectricityHV|ImportsGR,share,0.0,0.0
image,SSP2-Base,Business As Usual,HU,Share|ElectricityHV|ImportsIS,share,0.0,0.0
image,SSP2-Base,Business As Usual,HU,Share|ElectricityHV|ImportsBA,share,0.0,0.0
image,SSP2-Base,Business As Usual,HU,Share|ElectricityHV|ImportsEE,share,0.0,0.0
image,SSP2-Base,Business As Usual,HU,Share|ElectricityHV|ImportsSK,share,0.0,0.0
image,SSP2-Base,Business As Usual,HU,Share|ElectricityHV|ImportsME,share,0.0,0.0
image,SSP2-Base,Business As Usual,HU,Share|ElectricityHV|ImportsLT,share,0.0,0.0
image,SSP2-Base,Business As Usual,HU,Share|ElectricityHV|ImportsSI,share,0.0,0.0
image,SSP2-Base,Business As Usual,HU,Share|ElectricityHV|ImportsIE,share,0.0,0.0
image,SSP2-Base,Business As Usual,HU,Share|ElectricityHV|ImportsBE,share,0.0,0.0
image,SSP2-Base,Business As Usual,HU,Share|ElectricityHV|ImportsRS,share,0.0,0.0
image,SSP2-Base,Business As Usual,HU,Share|ElectricityHV|ImportsRO,share,0.0,0.0
image,SSP2-Base,Business As Usual,HU,Share|ElectricityHV|ImportsNL,share,0.0,0.0
image,SSP2-Base,Business As Usual,HU,Share|ElectricityHV|ImportsUA,share,0.0,0.0
image,SSP2-Base,Business As Usual,HU,Share|ElectricityHV|ImportsPL,share,0.00022029051485583488,0.025529797986847617
image,SSP2-Base,Business As Usual,HU,Share|ElectricityHV|ImportsFR,share,0.0,0.0
image,SSP2-Base,Business As Usual,HU,Share|ElectricityHV|ImportsGB,share,0.0,0.0
image,SSP2-Base,Business As Usual,HU,Share|ElectricityHV|ImportsNO,share,0.0,0.0
image,SSP2-Base,Business As Usual,HU,Share|ElectricityHV|ImportsCZ,share,0.0,0.0
image,SSP2-Base,Business As Usual,HU,Share|ElectricityHV|ImportsMT,share,0.0,0.0
image,SSP2-Base,Business As Usual,HU,Share|ElectricityHV|ImportsDK,share,0.0,0.0
image,SSP2-Base,Business As Usual,HU,Share|ElectricityHV|ImportsIT,share,0.0,0.0
image,SSP2-Base,Business As Usual,HU,Share|ElectricityHV|ImportsLV,share,0.0,0.0
image,SSP2-Base,Business As Usual,HU,Share|ElectricityHV|ImportsDE,share,0.0,0.0
image,SSP2-Base,Business As Usual,HU,Share|ElectricityHV|ImportsPT,share,0.0,0.0
image,SSP2-Base,Business As Usual,HU,Share|ElectricityHV|ImportsFI,share,0.0,0.0
image,SSP2-Base,Business As Usual,HU,Share|ElectricityHV|ImportsBY,share,0.0,0.0
image,SSP2-Base,Business As Usual,HU,Share|ElectricityHV|ImportsGI,share,0.018271656494772723,0.01152311475440876
image,SSP2-Base,Business As Usual,HU,Share|ElectricityHV|ImportsAL,share,0.0,0.0
image,SSP2-Base,Business As Usual,HU,Share|ElectricityHV|ImportsHU,share,0.0,0.0
image,SSP2-Base,Business As Usual,HU,Share|ElectricityHV|ImportsCH,share,0.0,0.0
image,SSP2-Base,Business As Usual,HU,Share|ElectricityMV|TransformationHVMV,share,0.14141424674950903,0.5604836357810805
image,SSP2-Base,Business As Usual,HU,Share|ElectricityMV|SolarPVRoofCommercial,share,0.7623537698569871,0.24912019527501664
image,SSP2-Base,Business As Usual,HU,Share|ElectricityMV|Waste,share,0.0962319833935039,0.19039616894390293
image,SSP2-Base,Business As Usual,HU,Share|ElectricityLV|TransformationMVLV,share,0.6522384547786383,0.4156258520724702
image,SSP2-Base,Business As Usual,HU,Share|ElectricityLV|BatteryChemical,share,0.1644862709394827,0.4130819507955936
image,SSP2-Base,Business As Usual,HU,Share|ElectricityLV|SolarPVRoofResidential,share,0.18327527428187887,0.17129219713193633
image,SSP2-Base,Business As Usual,CH,Share|ElectricityHV|Coal,share,0.059053778095493094,0.047668620774925126
image,SSP2-Base,Business As Usual,CH,Share|ElectricityHV|CombinedCycle,share,0.02532138945714745,0.03279153343978407
image,SSP2-Base,Business As Usual,CH,Share|ElectricityHV|GasTurbine,share,0.019216615506435934,0.18059671486300483
image,SSP2-Base,Business As Usual,CH,Share|ElectricityHV|CogenerationGas,share,0.015939757848780902,0.026216808655396998
image,SSP2-Base,Business As Usual,CH,Share|ElectricityHV|Nuclear,share,0.12407555204174174,0.017942524070975362
image,SSP2-Base,Business As Usual,CH,Share|ElectricityHV|Oil,share,0.007088036862963436,0.04452243534180529
image,SSP2-Base,Business As Usual,CH,Share|ElectricityHV|Geothermal,share,0.06515601982531598,0.057493040215323275
image,SSP2-Base,Business As Usual,CH,Share|ElectricityHV|HydroRunofRiver,share,0.06510241119299237,0.06193303642707568
image,SSP2-Base,Business As Usual,CH,Share|ElectricityHV|HydroReservoir,share,0.09070288982977955,0.06134414431097702
image,SSP2-Base,Business As Usual,CH,Share|ElectricityHV|Biomass,share,0.028323111754132425,0.04612338745876888
image,SSP2-Base,Business As Usual,CH,Share|ElectricityHV|Biogas,share,0.14920231469795886,0.04269329955517762
image,SSP2-Base,Business As Usual,CH,Share|ElectricityHV|WindOnshore,share,0.09314626289545513,0.07986533276020476
image,SSP2-Base,Business As Usual,CH,Share|ElectricityHV|WindOffshore,share,0.0272099762056367,0.012698981182453077
image,SSP2-Base,Business As Usual,CH,Share|ElectricityHV|SolarThermal,share,0.01807222002941467,0.018112115357163477
image,SSP2-Base,Business As Usual,CH,Share|ElectricityHV|SolarPVOpen,share,0.03797271773687932,0.004412392408013162
image,SSP2-Base,Business As Usual,CH,Share|ElectricityHV|Hydrogen,share,0.02614442133456353,0.012999898205429537
image,SSP2-Base,Business As Usual,CH,Share|ElectricityHV|BatteryHydro,share,0.014400311814357065,0.11427490555203818
image,SSP2-Base,Business As Usual,CH,Share|ElectricityHV|ImportsES,share,0.0,0.0
image,SSP2-Base,Business As Usual,CH,Share|ElectricityHV|ImportsBG,share,0.0,0.0
image,SSP2-Base,Business As Usual,CH,Share|ElectricityHV|ImportsSE,share,0.0,0.0
image,SSP2-Base,Business As Usual,CH,Share|ElectricityHV|ImportsAT,share,0.0,0.0
image,SSP2-Base,Business As Usual,CH,Share|ElectricityHV|ImportsMK,share,0.0,0.0
image,SSP2-Base,Business As Usual,CH,Share|ElectricityHV|ImportsMD,share,0.0,0.0
image,SSP2-Base,Business As Usual,CH,Share|ElectricityHV|ImportsHR,share,0.0,0.0
image,SSP2-Base,Business As Usual,CH,Share|ElectricityHV|ImportsXK,share,0.0,0.0
image,SSP2-Base,Business As Usual,CH,Share|ElectricityHV|ImportsLU,share,0.0,0.0
image,SSP2-Base,Business As Usual,CH,Share|ElectricityHV|ImportsGR,share,0.0,0.0
image,SSP2-Base,Business As Usual,CH,Share|ElectricityHV|ImportsIS,share,0.0,0.0
image,SSP2-Base,Business As Usual,CH,Share|ElectricityHV|ImportsBA,share,0.0,0.0
image,SSP2-Base,Business As Usual,CH,Share|ElectricityHV|ImportsEE,share,0.01165492315360497,0.06111085045359082
image,SSP2-Base,Business As Usual,CH,Share|ElectricityHV|ImportsSK,share,0.0,0.0
image,SSP2-Base,Business As Usual,CH,Share|ElectricityHV|ImportsME,share,0.0,0.0
image,SSP2-Base,Business As Usual,CH,Share|ElectricityHV|ImportsLT,share,0.0,0.0
image,SSP2-Base,Business As Usual,CH,Share|ElectricityHV|ImportsSI,share,0.0,0.0
image,SSP2-Base,Business As Usual,CH,Share|ElectricityHV|ImportsIE,share,0.0,0.0
image,SSP2-Base,Business As Usual,CH,Share|ElectricityHV|ImportsBE,share,0.0,0.0
image,SSP2-Base,Business As Usual,CH,Share|ElectricityHV|ImportsRS,share,0.0,0.0
image,SSP2-Base,Business As Usual,CH,Share|ElectricityHV|ImportsRO,share,0.0,0.0
image,SSP2-Base,Business As Usual,CH,Share|ElectricityHV|ImportsNL,share,0.0,0.0
image,SSP2-Base,Business As Usual,CH,Share|ElectricityHV|ImportsUA,share,0.0,0.0
image,SSP2-Base,Business As Usual,CH,Share|ElectricityHV|ImportsPL,share,0.0,0.0
image,SSP2-Base,Business As Usual,CH,Share|ElectricityHV|ImportsFR,share,0.0,0.0
image,SSP2-Base,Business As Usual,CH,Share|ElectricityHV|ImportsGB,share,0.07458447503093033,0.016378025566197447
image,SSP2-Base,Business As Usual,CH,Share|ElectricityHV|ImportsNO,share,0.04763281468641679,0.06082195340169547
image,SSP2-Base,Business As Usual,CH,Share|ElectricityHV|ImportsCZ,share,0.0,0.0
image,SSP2-Base,Business As Usual,CH,Share|ElectricityHV|ImportsMT,share,0.0,0.0
image,SSP2-Base,Business As Usual,CH,Share|ElectricityHV|ImportsDK,share,0.0,0.0
image,SSP2-Base,Business As Usual,CH,Share|ElectricityHV|ImportsIT,share,0.0,0.0
image,SSP2-Base,Business As Usual,CH,Share|ElectricityHV|ImportsLV,share,0.0,0.0
image,SSP2-Base,Business As Usual,CH,Share|ElectricityHV|ImportsDE,share,0.0,0.0
image,SSP2-Base,Business As Usual,CH,Share|ElectricityHV|ImportsPT,share,0.0,0.0
image,SSP2-Base,Business As Usual,CH,Share|ElectricityHV|ImportsFI,share,0.0,0.0
image,SSP2-Base,Business As Usual,CH,Share|ElectricityHV|ImportsBY,share,0.0,0.0
image,SSP2-Base,Business As Usual,CH,Share|ElectricityHV|ImportsGI,share,0.0,0.0
image,SSP2-Base,Business As Usual,CH,Share|ElectricityHV|ImportsAL,share,0.0,0.0
image,SSP2-Base,Business As Usual,CH,Share|ElectricityHV|ImportsHU,share,0.0,0.0
image,SSP2-Base,Business As Usual,CH,Share|ElectricityHV|ImportsCH,share,0.0,0.0
image,SSP2-Base,Business As Usual,CH,Share|ElectricityMV|TransformationHVMV,share,0.1835726005891265,0.43343524281833284
image,SSP2-Base,Business As Usual,CH,Share|ElectricityMV|SolarPVRoofCommercial,share,0.44759313921831756,0.29959725772600804
image,SSP2-Base,Business As Usual,CH,Share|ElectricityMV|Waste,share,0.368834260192556,0.2669674994556592
image,SSP2-Base,Business As Usual,CH,Share|ElectricityLV|TransformationMVLV,share,0.026444950027928987,0.137111118020545
image,SSP2-Base,Business As Usual,CH,Share|ElectricityLV|BatteryChemical,share,0.610305011128278,0.5512154385203138
image,SSP2-Base,Business As Usual,CH,Share|ElectricityLV|SolarPVRoofResidential,share,0.36325003884379314,0.31167344345914116
