model,pathway,scenario,region,variables,unit,2020
image,SSP2-Base,Business As Usual,Europe without Switzerland,Share|Biomass|Residues,share,0.15
image,SSP2-Base,Business As Usual,Europe without Switzerland,Share|Biomass|Wood,share,0.85
image,SSP2-Base,Business As Usual,RER,Share|H2|WoodCCS,share,0.0
image,SSP2-Base,Business As Usual,RER,Share|H2|WoodNoCCS,share,0.0
image,SSP2-Base,Business As Usual,RER,Share|H2|SteamReforming,share,0.98
image,SSP2-Base,Business As Usual,RER,Share|H2|AutothermalReforming,share,0.0
image,SSP2-Base,Business As Usual,RER,Share|H2|CoalCCS,share,0.0
image,SSP2-Base,Business As Usual,RER,Share|H2|CoalNoCCS,share,0.01
image,SSP2-Base,Business As Usual,RER,Share|H2|Electrolysis,share,0.01
image,SSP2-Base,Business As Usual,RER,Share|Methanol|H2,share,0.0
image,SSP2-Base,Business As Usual,RER,Share|Methanol|Biomass,share,0.0
image,SSP2-Base,Business As Usual,RER,Share|Methanol|NatGas,share,1.0
image,SSP2-Base,Business As Usual,RER,Share|Kerosene|H2,share,0.0
image,SSP2-Base,Business As Usual,RER,Share|Kerosene|Methanol,share,0.0
image,SSP2-Base,Business As Usual,RER,Share|Kerosene|Biomass,share,0.0
image,SSP2-Base,Business As Usual,RER,Share|Kerosene|NatGas,share,0.0
image,SSP2-Base,Business As Usual,RER,Share|Kerosene|Oil,share,1.0
image,SSP2-Base,Business As Usual,RER,Share|Diesel|H2,share,0.0
image,SSP2-Base,Business As Usual,RER,Share|Diesel|Methanol,share,0.0
image,SSP2-Base,Business As Usual,RER,Share|Diesel|Biomass,share,0.0
image,SSP2-Base,Business As Usual,RER,Share|Diesel|NatGas,share,0.0
image,SSP2-Base,Business As Usual,RER,Share|Diesel|Oil,share,1.0
image,SSP2-Base,Business As Usual,RER,Share|LiquefiedPetroleumGas|H2,share,0.0
image,SSP2-Base,Business As Usual,RER,Share|LiquefiedPetroleumGas|Methanol,share,0.0
image,SSP2-Base,Business As Usual,RER,Share|LiquefiedPetroleumGas|NatGas,share,0.0
image,SSP2-Base,Business As Usual,RER,Share|LiquefiedPetroleumGas|Oil,share,1.0
image,SSP2-Base,Business As Usual,CH,Share|Biogas|Biowaste,share,0.11
image,SSP2-Base,Business As Usual,CH,Share|Biogas|Sewage,share,0.05
image,SSP2-Base,Business As Usual,CH,Share|Biogas|Manure,share,0.84
image,SSP2-Base,Business As Usual,CH,Share|Biogas|Grass,share,0.0
image,SSP2-Base,Business As Usual,RER,Share|CO2|DACSolvent,share,1.0
image,SSP2-Base,Business As Usual,RER,Share|CO2|DACSorbent,share,0.0
image,SSP2-Base,Business As Usual,RER,Share|CO2|CementDirect,share,0.0
image,SSP2-Base,Business As Usual,RER,Share|CO2|CementOxyfuel,share,0.0
image,SSP2-Base,Business As Usual,RER,Share|CO2|CementMonoethanolamine,share,0.0
image,SSP2-Base,Business As Usual,RER,Share|LubricatingOil|H2,share,0.0
image,SSP2-Base,Business As Usual,RER,Share|LubricatingOil|NatGas,share,0.0
image,SSP2-Base,Business As Usual,RER,Share|LubricatingOil|Oil,share,1.0
image,SSP2-Base,Business As Usual,ES,Share|ElectricityHV|Coal,share,
image,SSP2-Base,Business As Usual,ES,Share|ElectricityHV|CombinedCycle,share,
image,SSP2-Base,Business As Usual,ES,Share|ElectricityHV|GasTurbine,share,
image,SSP2-Base,Business As Usual,ES,Share|ElectricityHV|CogenerationGas,share,
image,SSP2-Base,Business As Usual,ES,Share|ElectricityHV|Nuclear,share,
image,SSP2-Base,Business As Usual,ES,Share|ElectricityHV|Oil,share,
image,SSP2-Base,Business As Usual,ES,Share|ElectricityHV|Geothermal,share,
image,SSP2-Base,Business As Usual,ES,Share|ElectricityHV|HydroRunofRiver,share,
image,SSP2-Base,Business As Usual,ES,Share|ElectricityHV|HydroReservoir,share,
image,SSP2-Base,Business As Usual,ES,Share|ElectricityHV|Biomass,share,
image,SSP2-Base,Business As Usual,ES,Share|ElectricityHV|Biogas,share,
image,SSP2-Base,Business As Usual,ES,Share|ElectricityHV|WindOnshore,share,
image,SSP2-Base,Business As Usual,ES,Share|ElectricityHV|WindOffshore,share,
image,SSP2-Base,Business As Usual,ES,Share|ElectricityHV|SolarThermal,share,
image,SSP2-Base,Business As Usual,ES,Share|ElectricityHV|SolarPVOpen,share,
image,SSP2-Base,Business As Usual,ES,Share|ElectricityHV|Hydrogen,share,
image,SSP2-Base,Business As Usual,ES,Share|ElectricityHV|BatteryHydro,share,
image,SSP2-Base,Business As Usual,ES,Share|ElectricityHV|ImportsES,share,
image,SSP2-Base,Business As Usual,ES,Share|ElectricityHV|ImportsBG,share,
image,SSP2-Base,Business As Usual,ES,Share|ElectricityHV|ImportsSE,share,
image,SSP2-Base,Business As Usual,ES,Share|ElectricityHV|ImportsAT,share,
image,SSP2-Base,Business As Usual,ES,Share|ElectricityHV|ImportsMK,share,
image,SSP2-Base,Business As Usual,ES,Share|ElectricityHV|ImportsMD,share,
image,SSP2-Base,Business As Usual,ES,Share|ElectricityHV|ImportsHR,share,
image,SSP2-Base,Business As Usual,ES,Share|ElectricityHV|ImportsXK,share,
image,SSP2-Base,Business As Usual,ES,Share|ElectricityHV|ImportsLU,share,
image,SSP2-Base,Business As Usual,ES,Share|ElectricityHV|ImportsGR,share,
image,SSP2-Base,Business As Usual,ES,Share|ElectricityHV|ImportsIS,share,
image,SSP2-Base,Business As Usual,ES,Share|ElectricityHV|ImportsBA,share,
image,SSP2-Base,Business As Usual,ES,Share|ElectricityHV|ImportsEE,share,
image,SSP2-Base,Business As Usual,ES,Share|ElectricityHV|ImportsSK,share,
image,SSP2-Base,Business As Usual,ES,Share|ElectricityHV|ImportsME,share,
image,SSP2-Base,Business As Usual,ES,Share|ElectricityHV|ImportsLT,share,
image,SSP2-Base,Business As Usual,ES,Share|ElectricityHV|ImportsSI,share,
image,SSP2-Base,Business As Usual,ES,Share|ElectricityHV|ImportsIE,share,
image,SSP2-Base,Business As Usual,ES,Share|ElectricityHV|ImportsBE,share,
image,SSP2-Base,Business As Usual,ES,Share|ElectricityHV|ImportsRS,share,
image,SSP2-Base,Business As Usual,ES,Share|ElectricityHV|ImportsRO,share,
image,SSP2-Base,Business As Usual,ES,Share|ElectricityHV|ImportsNL,share,
image,SSP2-Base,Business As Usual,ES,Share|ElectricityHV|ImportsUA,share,
image,SSP2-Base,Business As Usual,ES,Share|ElectricityHV|ImportsPL,share,
image,SSP2-Base,Business As Usual,ES,Share|ElectricityHV|ImportsFR,share,
image,SSP2-Base,Business As Usual,ES,Share|ElectricityHV|ImportsGB,share,
image,SSP2-Base,Business As Usual,ES,Share|ElectricityHV|ImportsNO,share,
image,SSP2-Base,Business As Usual,ES,Share|ElectricityHV|ImportsCZ,share,
image,SSP2-Base,Business As Usual,ES,Share|ElectricityHV|ImportsMT,share,
image,SSP2-Base,Business As Usual,ES,Share|ElectricityHV|ImportsDK,share,
image,SSP2-Base,Business As Usual,ES,Share|ElectricityHV|ImportsIT,share,
image,SSP2-Base,Business As Usual,ES,Share|ElectricityHV|ImportsLV,share,
image,SSP2-Base,Business As Usual,ES,Share|ElectricityHV|ImportsDE,share,
image,SSP2-Base,Business As Usual,ES,Share|ElectricityHV|ImportsPT,share,
image,SSP2-Base,Business As Usual,ES,Share|ElectricityHV|ImportsFI,share,
image,SSP2-Base,Business As Usual,ES,Share|ElectricityHV|ImportsBY,share,
image,SSP2-Base,Business As Usual,ES,Share|ElectricityHV|ImportsGI,share,
image,SSP2-Base,Business As Usual,ES,Share|ElectricityHV|ImportsAL,share,
image,SSP2-Base,Business As Usual,ES,Share|ElectricityHV|ImportsHU,share,
image,SSP2-Base,Business As Usual,ES,Share|ElectricityHV|ImportsCH,share,
image,SSP2-Base,Business As Usual,ES,Share|ElectricityMV|TransformationHVMV,share,
image,SSP2-Base,Business As Usual,ES,Share|ElectricityMV|SolarPVRoofCommercial,share,
image,SSP2-Base,Business As Usual,ES,Share|ElectricityMV|Waste,share,
image,SSP2-Base,Business As Usual,ES,Share|ElectricityLV|TransformationMVLV,share,
image,SSP2-Base,Business As Usual,ES,Share|ElectricityLV|BatteryChemical,share,
image,SSP2-Base,Business As Usual,ES,Share|ElectricityLV|SolarPVRoofResidential,share,
image,SSP2-Base,Business As Usual,BG,Share|ElectricityHV|Coal,share,
image,SSP2-Base,Business As Usual,BG,Share|ElectricityHV|CombinedCycle,share,
image,SSP2-Base,Business As Usual,BG,Share|ElectricityHV|GasTurbine,share,
image,SSP2-Base,Business As Usual,BG,Share|ElectricityHV|CogenerationGas,share,
image,SSP2-Base,Business As Usual,BG,Share|ElectricityHV|Nuclear,share,
image,SSP2-Base,Business As Usual,BG,Share|ElectricityHV|Oil,share,
image,SSP2-Base,Business As Usual,BG,Share|ElectricityHV|Geothermal,share,
image,SSP2-Base,Business As Usual,BG,Share|ElectricityHV|HydroRunofRiver,share,
image,SSP2-Base,Business As Usual,BG,Share|ElectricityHV|HydroReservoir,share,
image,SSP2-Base,Business As Usual,BG,Share|ElectricityHV|Biomass,share,
image,SSP2-Base,Business As Usual,BG,Share|ElectricityHV|Biogas,share,
image,SSP2-Base,Business As Usual,BG,Share|ElectricityHV|WindOnshore,share,
image,SSP2-Base,Business As Usual,BG,Share|ElectricityHV|WindOffshore,share,
image,SSP2-Base,Business As Usual,BG,Share|ElectricityHV|SolarThermal,share,
image,SSP2-Base,Business As Usual,BG,Share|ElectricityHV|SolarPVOpen,share,
image,SSP2-Base,Business As Usual,BG,Share|ElectricityHV|Hydrogen,share,
image,SSP2-Base,Business As Usual,BG,Share|ElectricityHV|BatteryHydro,share,
image,SSP2-Base,Business As Usual,BG,Share|ElectricityHV|ImportsES,share,
image,SSP2-Base,Business As Usual,BG,Share|ElectricityHV|ImportsBG,share,
image,SSP2-Base,Business As Usual,BG,Share|ElectricityHV|ImportsSE,share,
image,SSP2-Base,Business As Usual,BG,Share|ElectricityHV|ImportsAT,share,
image,SSP2-Base,Business As Usual,BG,Share|ElectricityHV|ImportsMK,share,
image,SSP2-Base,Business As Usual,BG,Share|ElectricityHV|ImportsMD,share,
image,SSP2-Base,Business As Usual,BG,Share|ElectricityHV|ImportsHR,share,
image,SSP2-Base,Business As Usual,BG,Share|ElectricityHV|ImportsXK,share,
image,SSP2-Base,Business As Usual,BG,Share|ElectricityHV|ImportsLU,share,
image,SSP2-Base,Business As Usual,BG,Share|ElectricityHV|ImportsGR,share,
image,SSP2-Base,Business As Usual,BG,Share|ElectricityHV|ImportsIS,share,
image,SSP2-Base,Business As Usual,BG,Share|ElectricityHV|ImportsBA,share,
image,SSP2-Base,Business As Usual,BG,Share|ElectricityHV|ImportsEE,share,
image,SSP2-Base,Business As Usual,BG,Share|ElectricityHV|ImportsSK,share,
image,SSP2-Base,Business As Usual,BG,Share|ElectricityHV|ImportsME,share,
image,SSP2-Base,Business As Usual,BG,Share|ElectricityHV|ImportsLT,share,
image,SSP2-Base,Business As Usual,BG,Share|ElectricityHV|ImportsSI,share,
image,SSP2-Base,Business As Usual,BG,Share|ElectricityHV|ImportsIE,share,
image,SSP2-Base,Business As Usual,BG,Share|ElectricityHV|ImportsBE,share,
image,SSP2-Base,Business As Usual,BG,Share|ElectricityHV|ImportsRS,share,
image,SSP2-Base,Business As Usual,BG,Share|ElectricityHV|ImportsRO,share,
image,SSP2-Base,Business As Usual,BG,Share|ElectricityHV|ImportsNL,share,
image,SSP2-Base,Business As Usual,BG,Share|ElectricityHV|ImportsUA,share,
image,SSP2-Base,Business As Usual,BG,Share|ElectricityHV|ImportsPL,share,
image,SSP2-Base,Business As Usual,BG,Share|ElectricityHV|ImportsFR,share,
image,SSP2-Base,Business As Usual,BG,Share|ElectricityHV|ImportsGB,share,
image,SSP2-Base,Business As Usual,BG,Share|ElectricityHV|ImportsNO,share,
image,SSP2-Base,Business As Usual,BG,Share|ElectricityHV|ImportsCZ,share,
image,SSP2-Base,Business As Usual,BG,Share|ElectricityHV|ImportsMT,share,
image,SSP2-Base,Business As Usual,BG,Share|ElectricityHV|ImportsDK,share,
image,SSP2-Base,Business As Usual,BG,Share|ElectricityHV|ImportsIT,share,
image,SSP2-Base,Business As Usual,BG,Share|ElectricityHV|ImportsLV,share,
image,SSP2-Base,Business As Usual,BG,Share|ElectricityHV|ImportsDE,share,
image,SSP2-Base,Business As Usual,BG,Share|ElectricityHV|ImportsPT,share,
image,SSP2-Base,Business As Usual,BG,Share|ElectricityHV|ImportsFI,share,
image,SSP2-Base,Business As Usual,BG,Share|ElectricityHV|ImportsBY,share,
image,SSP2-Base,Business As Usual,BG,Share|ElectricityHV|ImportsGI,share,
image,SSP2-Base,Business As Usual,BG,Share|ElectricityHV|ImportsAL,share,
image,SSP2-Base,Business As Usual,BG,Share|ElectricityHV|ImportsHU,share,
image,SSP2-Base,Business As Usual,BG,Share|ElectricityHV|ImportsCH,share,
image,SSP2-Base,Business As Usual,BG,Share|ElectricityMV|TransformationHVMV,share,
image,SSP2-Base,Business As Usual,BG,Share|ElectricityMV|SolarPVRoofCommercial,share,
image,SSP2-Base,Business As Usual,BG,Share|ElectricityMV|Waste,share,
image,SSP2-Base,Business As Usual,BG,Share|ElectricityLV|TransformationMVLV,share,
image,SSP2-Base,Business As Usual,BG,Share|ElectricityLV|BatteryChemical,share,
image,SSP2-Base,Business As Usual,BG,Share|ElectricityLV|SolarPVRoofResidential,share,
image,SSP2-Base,Business As Usual,SE,Share|ElectricityHV|Coal,share,
image,SSP2-Base,Business As Usual,SE,Share|ElectricityHV|CombinedCycle,share,
image,SSP2-Base,Business As Usual,SE,Share|ElectricityHV|GasTurbine,share,
image,SSP2-Base,Business As Usual,SE,Share|ElectricityHV|CogenerationGas,share,
image,SSP2-Base,Business As Usual,SE,Share|ElectricityHV|Nuclear,share,
image,SSP2-Base,Business As Usual,SE,Share|ElectricityHV|Oil,share,
image,SSP2-Base,Business As Usual,SE,Share|ElectricityHV|Geothermal,share,
image,SSP2-Base,Business As Usual,SE,Share|ElectricityHV|HydroRunofRiver,share,
image,SSP2-Base,Business As Usual,SE,Share|ElectricityHV|HydroReservoir,share,
image,SSP2-Base,Business As Usual,SE,Share|ElectricityHV|Biomass,share,
image,SSP2-Base,Business As Usual,SE,Share|ElectricityHV|Biogas,share,
image,SSP2-Base,Business As Usual,SE,Share|ElectricityHV|WindOnshore,share,
image,SSP2-Base,Business As Usual,SE,Share|ElectricityHV|WindOffshore,share,
image,SSP2-Base,Business As Usual,SE,Share|ElectricityHV|SolarThermal,share,
image,SSP2-Base,Business As Usual,SE,Share|ElectricityHV|SolarPVOpen,share,
image,SSP2-Base,Business As Usual,SE,Share|ElectricityHV|Hydrogen,share,
image,SSP2-Base,Business As Usual,SE,Share|ElectricityHV|BatteryHydro,share,
image,SSP2-Base,Business As Usual,SE,Share|ElectricityHV|ImportsES,share,
image,SSP2-Base,Business As Usual,SE,Share|ElectricityHV|ImportsBG,share,
image,SSP2-Base,Business As Usual,SE,Share|ElectricityHV|ImportsSE,share,
image,SSP2-Base,Business As Usual,SE,Share|ElectricityHV|ImportsAT,share,
image,SSP2-Base,Business As Usual,SE,Share|ElectricityHV|ImportsMK,share,
image,SSP2-Base,Business As Usual,SE,Share|ElectricityHV|ImportsMD,share,
image,SSP2-Base,Business As Usual,SE,Share|ElectricityHV|ImportsHR,share,
image,SSP2-Base,Business As Usual,SE,Share|ElectricityHV|ImportsXK,share,
image,SSP2-Base,Business As Usual,SE,Share|ElectricityHV|ImportsLU,share,
image,SSP2-Base,Business As Usual,SE,Share|ElectricityHV|ImportsGR,share,
image,SSP2-Base,Business As Usual,SE,Share|ElectricityHV|ImportsIS,share,
image,SSP2-Base,Business As Usual,SE,Share|ElectricityHV|ImportsBA,share,
image,SSP2-Base,Business As Usual,SE,Share|ElectricityHV|ImportsEE,share,
image,SSP2-Base,Business As Usual,SE,Share|ElectricityHV|ImportsSK,share,
image,SSP2-Base,Business As Usual,SE,Share|ElectricityHV|ImportsME,share,
image,SSP2-Base,Business As Usual,SE,Share|ElectricityHV|ImportsLT,share,
image,SSP2-Base,Business As Usual,SE,Share|ElectricityHV|ImportsSI,share,
image,SSP2-Base,Business As Usual,SE,Share|ElectricityHV|ImportsIE,share,
image,SSP2-Base,Business As Usual,SE,Share|ElectricityHV|ImportsBE,share,
image,SSP2-Base,Business As Usual,SE,Share|ElectricityHV|ImportsRS,share,
image,SSP2-Base,Business As Usual,SE,Share|ElectricityHV|ImportsRO,share,
image,SSP2-Base,Business As Usual,SE,Share|ElectricityHV|ImportsNL,share,
image,SSP2-Base,Business As Usual,SE,Share|ElectricityHV|ImportsUA,share,
image,SSP2-Base,Business As Usual,SE,Share|ElectricityHV|ImportsPL,share,
image,SSP2-Base,Business As Usual,SE,Share|ElectricityHV|ImportsFR,share,
image,SSP2-Base,Business As Usual,SE,Share|ElectricityHV|ImportsGB,share,
image,SSP2-Base,Business As Usual,SE,Share|ElectricityHV|ImportsNO,share,
image,SSP2-Base,Business As Usual,SE,Share|ElectricityHV|ImportsCZ,share,
image,SSP2-Base,Business As Usual,SE,Share|ElectricityHV|ImportsMT,share,
image,SSP2-Base,Business As Usual,SE,Share|ElectricityHV|ImportsDK,share,
image,SSP2-Base,Business As Usual,SE,Share|ElectricityHV|ImportsIT,share,
image,SSP2-Base,Business As Usual,SE,Share|ElectricityHV|ImportsLV,share,
image,SSP2-Base,Business As Usual,SE,Share|ElectricityHV|ImportsDE,share,
image,SSP2-Base,Business As Usual,SE,Share|ElectricityHV|ImportsPT,share,
image,SSP2-Base,Business As Usual,SE,Share|ElectricityHV|ImportsFI,share,
image,SSP2-Base,Business As Usual,SE,Share|ElectricityHV|ImportsBY,share,
image,SSP2-Base,Business As Usual,SE,Share|ElectricityHV|ImportsGI,share,
image,SSP2-Base,Business As Usual,SE,Share|ElectricityHV|ImportsAL,share,
image,SSP2-Base,Business As Usual,SE,Share|ElectricityHV|ImportsHU,share,
image,SSP2-Base,Business As Usual,SE,Share|ElectricityHV|ImportsCH,share,
image,SSP2-Base,Business As Usual,SE,Share|ElectricityMV|TransformationHVMV,share,
image,SSP2-Base,Business As Usual,SE,Share|ElectricityMV|SolarPVRoofCommercial,share,
image,SSP2-Base,Business As Usual,SE,Share|ElectricityMV|Waste,share,
image,SSP2-Base,Business As Usual,SE,Share|ElectricityLV|TransformationMVLV,share,
image,SSP2-Base,Business As Usual,SE,Share|ElectricityLV|BatteryChemical,share,
image,SSP2-Base,Business As Usual,SE,Share|ElectricityLV|SolarPVRoofResidential,share,
image,SSP2-Base,Business As Usual,AT,Share|ElectricityHV|Coal,share,
image,SSP2-Base,Business As Usual,AT,Share|ElectricityHV|CombinedCycle,share,
image,SSP2-Base,Business As Usual,AT,Share|ElectricityHV|GasTurbine,share,
image,SSP2-Base,Business As Usual,AT,Share|ElectricityHV|CogenerationGas,share,
image,SSP2-Base,Business As Usual,AT,Share|ElectricityHV|Nuclear,share,
image,SSP2-Base,Business As Usual,AT,Share|ElectricityHV|Oil,share,
image,SSP2-Base,Business As Usual,AT,Share|ElectricityHV|Geothermal,share,
image,SSP2-Base,Business As Usual,AT,Share|ElectricityHV|HydroRunofRiver,share,
image,SSP2-Base,Business As Usual,AT,Share|ElectricityHV|HydroReservoir,share,
image,SSP2-Base,Business As Usual,AT,Share|ElectricityHV|Biomass,share,
image,SSP2-Base,Business As Usual,AT,Share|ElectricityHV|Biogas,share,
image,SSP2-Base,Business As Usual,AT,Share|ElectricityHV|WindOnshore,share,
image,SSP2-Base,Business As Usual,AT,Share|ElectricityHV|WindOffshore,share,
image,SSP2-Base,Business As Usual,AT,Share|ElectricityHV|SolarThermal,share,
image,SSP2-Base,Business As Usual,AT,Share|ElectricityHV|SolarPVOpen,share,
image,SSP2-Base,Business As Usual,AT,Share|ElectricityHV|Hydrogen,share,
image,SSP2-Base,Business As Usual,AT,Share|ElectricityHV|BatteryHydro,share,
image,SSP2-Base,Business As Usual,AT,Share|ElectricityHV|ImportsES,share,
image,SSP2-Base,Business As Usual,AT,Share|ElectricityHV|ImportsBG,share,
image,SSP2-Base,Business As Usual,AT,Share|ElectricityHV|ImportsSE,share,
image,SSP2-Base,Business As Usual,AT,Share|ElectricityHV|ImportsAT,share,
image,SSP2-Base,Business As Usual,AT,Share|ElectricityHV|ImportsMK,share,
image,SSP2-Base,Business As Usual,AT,Share|ElectricityHV|ImportsMD,share,
image,SSP2-Base,Business As Usual,AT,Share|ElectricityHV|ImportsHR,share,
image,SSP2-Base,Business As Usual,AT,Share|ElectricityHV|ImportsXK,share,
image,SSP2-Base,Business As Usual,AT,Share|ElectricityHV|ImportsLU,share,
image,SSP2-Base,Business As Usual,AT,Share|ElectricityHV|ImportsGR,share,
image,SSP2-Base,Business As Usual,AT,Share|ElectricityHV|ImportsIS,share,
image,SSP2-Base,Business As Usual,AT,Share|ElectricityHV|ImportsBA,share,
image,SSP2-Base,Business As Usual,AT,Share|ElectricityHV|ImportsEE,share,
image,SSP2-Base,Business As Usual,AT,Share|ElectricityHV|ImportsSK,share,
image,SSP2-Base,Business As Usual,AT,Share|ElectricityHV|ImportsME,share,
image,SSP2-Base,Business As Usual,AT,Share|ElectricityHV|ImportsLT,share,
image,SSP2-Base,Business As Usual,AT,Share|ElectricityHV|ImportsSI,share,
image,SSP2-Base,Business As Usual,AT,Share|ElectricityHV|ImportsIE,share,
image,SSP2-Base,Business As Usual,AT,Share|ElectricityHV|ImportsBE,share,
image,SSP2-Base,Business As Usual,AT,Share|ElectricityHV|ImportsRS,share,
image,SSP2-Base,Business As Usual,AT,Share|ElectricityHV|ImportsRO,share,
image,SSP2-Base,Business As Usual,AT,Share|ElectricityHV|ImportsNL,share,
image,SSP2-Base,Business As Usual,AT,Share|ElectricityHV|ImportsUA,share,
image,SSP2-Base,Business As Usual,AT,Share|ElectricityHV|ImportsPL,share,
image,SSP2-Base,Business As Usual,AT,Share|ElectricityHV|ImportsFR,share,
image,SSP2-Base,Business As Usual,AT,Share|ElectricityHV|ImportsGB,share,
image,SSP2-Base,Business As Usual,AT,Share|ElectricityHV|ImportsNO,share,
image,SSP2-Base,Business As Usual,AT,Share|ElectricityHV|ImportsCZ,share,
image,SSP2-Base,Business As Usual,AT,Share|ElectricityHV|ImportsMT,share,
image,SSP2-Base,Business As Usual,AT,Share|ElectricityHV|ImportsDK,share,
image,SSP2-Base,Business As Usual,AT,Share|ElectricityHV|ImportsIT,share,
image,SSP2-Base,Business As Usual,AT,Share|ElectricityHV|ImportsLV,share,
image,SSP2-Base,Business As Usual,AT,Share|ElectricityHV|ImportsDE,share,
image,SSP2-Base,Business As Usual,AT,Share|ElectricityHV|ImportsPT,share,
image,SSP2-Base,Business As Usual,AT,Share|ElectricityHV|ImportsFI,share,
image,SSP2-Base,Business As Usual,AT,Share|ElectricityHV|ImportsBY,share,
image,SSP2-Base,Business As Usual,AT,Share|ElectricityHV|ImportsGI,share,
image,SSP2-Base,Business As Usual,AT,Share|ElectricityHV|ImportsAL,share,
image,SSP2-Base,Business As Usual,AT,Share|ElectricityHV|ImportsHU,share,
image,SSP2-Base,Business As Usual,AT,Share|ElectricityHV|ImportsCH,share,
image,SSP2-Base,Business As Usual,AT,Share|ElectricityMV|TransformationHVMV,share,
image,SSP2-Base,Business As Usual,AT,Share|ElectricityMV|SolarPVRoofCommercial,share,
image,SSP2-Base,Business As Usual,AT,Share|ElectricityMV|Waste,share,
image,SSP2-Base,Business As Usual,AT,Share|ElectricityLV|TransformationMVLV,share,
image,SSP2-Base,Business As Usual,AT,Share|ElectricityLV|BatteryChemical,share,
image,SSP2-Base,Business As Usual,AT,Share|ElectricityLV|SolarPVRoofResidential,share,
image,SSP2-Base,Business As Usual,MK,Share|ElectricityHV|Coal,share,
image,SSP2-Base,Business As Usual,MK,Share|ElectricityHV|CombinedCycle,share,
image,SSP2-Base,Business As Usual,MK,Share|ElectricityHV|GasTurbine,share,
image,SSP2-Base,Business As Usual,MK,Share|ElectricityHV|CogenerationGas,share,
image,SSP2-Base,Business As Usual,MK,Share|ElectricityHV|Nuclear,share,
image,SSP2-Base,Business As Usual,MK,Share|ElectricityHV|Oil,share,
image,SSP2-Base,Business As Usual,MK,Share|ElectricityHV|Geothermal,share,
image,SSP2-Base,Business As Usual,MK,Share|ElectricityHV|HydroRunofRiver,share,
image,SSP2-Base,Business As Usual,MK,Share|ElectricityHV|HydroReservoir,share,
image,SSP2-Base,Business As Usual,MK,Share|ElectricityHV|Biomass,share,
image,SSP2-Base,Business As Usual,MK,Share|ElectricityHV|Biogas,share,
image,SSP2-Base,Business As Usual,MK,Share|ElectricityHV|WindOnshore,share,
image,SSP2-Base,Business As Usual,MK,Share|ElectricityHV|WindOffshore,share,
image,SSP2-Base,Business As Usual,MK,Share|ElectricityHV|SolarThermal,share,
image,SSP2-Base,Business As Usual,MK,Share|ElectricityHV|SolarPVOpen,share,
image,SSP2-Base,Business As Usual,MK,Share|ElectricityHV|Hydrogen,share,
image,SSP2-Base,Business As Usual,MK,Share|ElectricityHV|BatteryHydro,share,
image,SSP2-Base,Business As Usual,MK,Share|ElectricityHV|ImportsES,share,
image,SSP2-Base,Business As Usual,MK,Share|ElectricityHV|ImportsBG,share,
image,SSP2-Base,Business As Usual,MK,Share|ElectricityHV|ImportsSE,share,
image,SSP2-Base,Business As Usual,MK,Share|ElectricityHV|ImportsAT,share,
image,SSP2-Base,Business As Usual,MK,Share|ElectricityHV|ImportsMK,share,
image,SSP2-Base,Business As Usual,MK,Share|ElectricityHV|ImportsMD,share,
image,SSP2-Base,Business As Usual,MK,Share|ElectricityHV|ImportsHR,share,
image,SSP2-Base,Business As Usual,MK,Share|ElectricityHV|ImportsXK,share,
image,SSP2-Base,Business As Usual,MK,Share|ElectricityHV|ImportsLU,share,
image,SSP2-Base,Business As Usual,MK,Share|ElectricityHV|ImportsGR,share,
image,SSP2-Base,Business As Usual,MK,Share|ElectricityHV|ImportsIS,share,
image,SSP2-Base,Business As Usual,MK,Share|ElectricityHV|ImportsBA,share,
image,SSP2-Base,Business As Usual,MK,Share|ElectricityHV|ImportsEE,share,
image,SSP2-Base,Business As Usual,MK,Share|ElectricityHV|ImportsSK,share,
image,SSP2-Base,Business As Usual,MK,Share|ElectricityHV|ImportsME,share,
image,SSP2-Base,Business As Usual,MK,Share|ElectricityHV|ImportsLT,share,
image,SSP2-Base,Business As Usual,MK,Share|ElectricityHV|ImportsSI,share,
image,SSP2-Base,Business As Usual,MK,Share|ElectricityHV|ImportsIE,share,
image,SSP2-Base,Business As Usual,MK,Share|ElectricityHV|ImportsBE,share,
image,SSP2-Base,Business As Usual,MK,Share|ElectricityHV|ImportsRS,share,
image,SSP2-Base,Business As Usual,MK,Share|ElectricityHV|ImportsRO,share,
image,SSP2-Base,Business As Usual,MK,Share|ElectricityHV|ImportsNL,share,
image,SSP2-Base,Business As Usual,MK,Share|ElectricityHV|ImportsUA,share,
image,SSP2-Base,Business As Usual,MK,Share|ElectricityHV|ImportsPL,share,
image,SSP2-Base,Business As Usual,MK,Share|ElectricityHV|ImportsFR,share,
image,SSP2-Base,Business As Usual,MK,Share|ElectricityHV|ImportsGB,share,
image,SSP2-Base,Business As Usual,MK,Share|ElectricityHV|ImportsNO,share,
image,SSP2-Base,Business As Usual,MK,Share|ElectricityHV|ImportsCZ,share,
image,SSP2-Base,Business As Usual,MK,Share|ElectricityHV|ImportsMT,share,
image,SSP2-Base,Business As Usual,MK,Share|ElectricityHV|ImportsDK,share,
image,SSP2-Base,Business As Usual,MK,Share|ElectricityHV|ImportsIT,share,
image,SSP2-Base,Business As Usual,MK,Share|ElectricityHV|ImportsLV,share,
image,SSP2-Base,Business As Usual,MK,Share|ElectricityHV|ImportsDE,share,
image,SSP2-Base,Business As Usual,MK,Share|ElectricityHV|ImportsPT,share,
image,SSP2-Base,Business As Usual,MK,Share|ElectricityHV|ImportsFI,share,
image,SSP2-Base,Business As Usual,MK,Share|ElectricityHV|ImportsBY,share,
image,SSP2-Base,Business As Usual,MK,Share|ElectricityHV|ImportsGI,share,
image,SSP2-Base,Business As Usual,MK,Share|ElectricityHV|ImportsAL,share,
image,SSP2-Base,Business As Usual,MK,Share|ElectricityHV|ImportsHU,share,
image,SSP2-Base,Business As Usual,MK,Share|ElectricityHV|ImportsCH,share,
image,SSP2-Base,Business As Usual,MK,Share|ElectricityMV|TransformationHVMV,share,
image,SSP2-Base,Business As Usual,MK,Share|ElectricityMV|SolarPVRoofCommercial,share,
image,SSP2-Base,Business As Usual,MK,Share|ElectricityMV|Waste,share,
image,SSP2-Base,Business As Usual,MK,Share|ElectricityLV|TransformationMVLV,share,
image,SSP2-Base,Business As Usual,MK,Share|ElectricityLV|BatteryChemical,share,
image,SSP2-Base,Business As Usual,MK,Share|ElectricityLV|SolarPVRoofResidential,share,
image,SSP2-Base,Business As Usual,MD,Share|ElectricityHV|Coal,share,
image,SSP2-Base,Business As Usual,MD,Share|ElectricityHV|CombinedCycle,share,
image,SSP2-Base,Business As Usual,MD,Share|ElectricityHV|GasTurbine,share,
image,SSP2-Base,Business As Usual,MD,Share|ElectricityHV|CogenerationGas,share,
image,SSP2-Base,Business As Usual,MD,Share|ElectricityHV|Nuclear,share,
image,SSP2-Base,Business As Usual,MD,Share|ElectricityHV|Oil,share,
image,SSP2-Base,Business As Usual,MD,Share|ElectricityHV|Geothermal,share,
image,SSP2-Base,Business As Usual,MD,Share|ElectricityHV|HydroRunofRiver,share,
image,SSP2-Base,Business As Usual,MD,Share|ElectricityHV|HydroReservoir,share,
image,SSP2-Base,Business As Usual,MD,Share|ElectricityHV|Biomass,share,
image,SSP2-Base,Business As Usual,MD,Share|ElectricityHV|Biogas,share,
image,SSP2-Base,Business As Usual,MD,Share|ElectricityHV|WindOnshore,share,
image,SSP2-Base,Business As Usual,MD,Share|ElectricityHV|WindOffshore,share,
image,SSP2-Base,Business As Usual,MD,Share|ElectricityHV|SolarThermal,share,
image,SSP2-Base,Business As Usual,MD,Share|ElectricityHV|SolarPVOpen,share,
image,SSP2-Base,Business As Usual,MD,Share|ElectricityHV|Hydrogen,share,
image,SSP2-Base,Business As Usual,MD,Share|ElectricityHV|BatteryHydro,share,
image,SSP2-Base,Business As Usual,MD,Share|ElectricityHV|ImportsES,share,
image,SSP2-Base,Business As Usual,MD,Share|ElectricityHV|ImportsBG,share,
image,SSP2-Base,Business As Usual,MD,Share|ElectricityHV|ImportsSE,share,
image,SSP2-Base,Business As Usual,MD,Share|ElectricityHV|ImportsAT,share,
image,SSP2-Base,Business As Usual,MD,Share|ElectricityHV|ImportsMK,share,
image,SSP2-Base,Business As Usual,MD,Share|ElectricityHV|ImportsMD,share,
image,SSP2-Base,Business As Usual,MD,Share|ElectricityHV|ImportsHR,share,
image,SSP2-Base,Business As Usual,MD,Share|ElectricityHV|ImportsXK,share,
image,SSP2-Base,Business As Usual,MD,Share|ElectricityHV|ImportsLU,share,
image,SSP2-Base,Business As Usual,MD,Share|ElectricityHV|ImportsGR,share,
image,SSP2-Base,Business As Usual,MD,Share|ElectricityHV|ImportsIS,share,
image,SSP2-Base,Business As Usual,MD,Share|ElectricityHV|ImportsBA,share,
image,SSP2-Base,Business As Usual,MD,Share|ElectricityHV|ImportsEE,share,
image,SSP2-Base,Business As Usual,MD,Share|ElectricityHV|ImportsSK,share,
image,SSP2-Base,Business As Usual,MD,Share|ElectricityHV|ImportsME,share,
image,SSP2-Base,Business As Usual,MD,Share|ElectricityHV|ImportsLT,share,
image,SSP2-Base,Business As Usual,MD,Share|ElectricityHV|ImportsSI,share,
image,SSP2-Base,Business As Usual,MD,Share|ElectricityHV|ImportsIE,share,
image,SSP2-Base,Business As Usual,MD,Share|ElectricityHV|ImportsBE,share,
image,SSP2-Base,Business As Usual,MD,Share|ElectricityHV|ImportsRS,share,
image,SSP2-Base,Business As Usual,MD,Share|ElectricityHV|ImportsRO,share,
image,SSP2-Base,Business As Usual,MD,Share|ElectricityHV|ImportsNL,share,
image,SSP2-Base,Business As Usual,MD,Share|ElectricityHV|ImportsUA,share,
image,SSP2-Base,Business As Usual,MD,Share|ElectricityHV|ImportsPL,share,
image,SSP2-Base,Business As Usual,MD,Share|ElectricityHV|ImportsFR,share,
image,SSP2-Base,Business As Usual,MD,Share|ElectricityHV|ImportsGB,share,
image,SSP2-Base,Business As Usual,MD,Share|ElectricityHV|ImportsNO,share,
image,SSP2-Base,Business As Usual,MD,Share|ElectricityHV|ImportsCZ,share,
image,SSP2-Base,Business As Usual,MD,Share|ElectricityHV|ImportsMT,share,
image,SSP2-Base,Business As Usual,MD,Share|ElectricityHV|ImportsDK,share,
image,SSP2-Base,Business As Usual,MD,Share|ElectricityHV|ImportsIT,share,
image,SSP2-Base,Business As Usual,MD,Share|ElectricityHV|ImportsLV,share,
image,SSP2-Base,Business As Usual,MD,Share|ElectricityHV|ImportsDE,share,
image,SSP2-Base,Business As Usual,MD,Share|ElectricityHV|ImportsPT,share,
image,SSP2-Base,Business As Usual,MD,Share|ElectricityHV|ImportsFI,share,
image,SSP2-Base,Business As Usual,MD,Share|ElectricityHV|ImportsBY,share,
image,SSP2-Base,Business As Usual,MD,Share|ElectricityHV|ImportsGI,share,
image,SSP2-Base,Business As Usual,MD,Share|ElectricityHV|ImportsAL,share,
image,SSP2-Base,Business As Usual,MD,Share|ElectricityHV|ImportsHU,share,
image,SSP2-Base,Business As Usual,MD,Share|ElectricityHV|ImportsCH,share,
image,SSP2-Base,Business As Usual,MD,Share|ElectricityMV|TransformationHVMV,share,
image,SSP2-Base,Business As Usual,MD,Share|ElectricityMV|SolarPVRoofCommercial,share,
image,SSP2-Base,Business As Usual,MD,Share|ElectricityMV|Waste,share,
image,SSP2-Base,Business As Usual,MD,Share|ElectricityLV|TransformationMVLV,share,
image,SSP2-Base,Business As Usual,MD,Share|ElectricityLV|BatteryChemical,share,
image,SSP2-Base,Business As Usual,MD,Share|ElectricityLV|SolarPVRoofResidential,share,
image,SSP2-Base,Business As Usual,HR,Share|ElectricityHV|Coal,share,
image,SSP2-Base,Business As Usual,HR,Share|ElectricityHV|CombinedCycle,share,
image,SSP2-Base,Business As Usual,HR,Share|ElectricityHV|GasTurbine,share,
image,SSP2-Base,Business As Usual,HR,Share|ElectricityHV|CogenerationGas,share,
image,SSP2-Base,Business As Usual,HR,Share|ElectricityHV|Nuclear,share,
image,SSP2-Base,Business As Usual,HR,Share|ElectricityHV|Oil,share,
image,SSP2-Base,Business As Usual,HR,Share|ElectricityHV|Geothermal,share,
image,SSP2-Base,Business As Usual,HR,Share|ElectricityHV|HydroRunofRiver,share,
image,SSP2-Base,Business As Usual,HR,Share|ElectricityHV|HydroReservoir,share,
image,SSP2-Base,Business As Usual,HR,Share|ElectricityHV|Biomass,share,
image,SSP2-Base,Business As Usual,HR,Share|ElectricityHV|Biogas,share,
image,SSP2-Base,Business As Usual,HR,Share|ElectricityHV|WindOnshore,share,
image,SSP2-Base,Business As Usual,HR,Share|ElectricityHV|WindOffshore,share,
image,SSP2-Base,Business As Usual,HR,Share|ElectricityHV|SolarThermal,share,
image,SSP2-Base,Business As Usual,HR,Share|ElectricityHV|SolarPVOpen,share,
image,SSP2-Base,Business As Usual,HR,Share|ElectricityHV|Hydrogen,share,
image,SSP2-Base,Business As Usual,HR,Share|ElectricityHV|BatteryHydro,share,
image,SSP2-Base,Business As Usual,HR,Share|ElectricityHV|ImportsES,share,
image,SSP2-Base,Business As Usual,HR,Share|ElectricityHV|ImportsBG,share,
image,SSP2-Base,Business As Usual,HR,Share|ElectricityHV|ImportsSE,share,
image,SSP2-Base,Business As Usual,HR,Share|ElectricityHV|ImportsAT,share,
image,SSP2-Base,Business As Usual,HR,Share|ElectricityHV|ImportsMK,share,
image,SSP2-Base,Business As Usual,HR,Share|ElectricityHV|ImportsMD,share,
image,SSP2-Base,Business As Usual,HR,Share|ElectricityHV|ImportsHR,share,
image,SSP2-Base,Business As Usual,HR,Share|ElectricityHV|ImportsXK,share,
image,SSP2-Base,Business As Usual,HR,Share|ElectricityHV|ImportsLU,share,
image,SSP2-Base,Business As Usual,HR,Share|ElectricityHV|ImportsGR,share,
image,SSP2-Base,Business As Usual,HR,Share|ElectricityHV|ImportsIS,share,
image,SSP2-Base,Business As Usual,HR,Share|ElectricityHV|ImportsBA,share,
image,SSP2-Base,Business As Usual,HR,Share|ElectricityHV|ImportsEE,share,
image,SSP2-Base,Business As Usual,HR,Share|ElectricityHV|ImportsSK,share,
image,SSP2-Base,Business As Usual,HR,Share|ElectricityHV|ImportsME,share,
image,SSP2-Base,Business As Usual,HR,Share|ElectricityHV|ImportsLT,share,
image,SSP2-Base,Business As Usual,HR,Share|ElectricityHV|ImportsSI,share,
image,SSP2-Base,Business As Usual,HR,Share|ElectricityHV|ImportsIE,share,
image,SSP2-Base,Business As Usual,HR,Share|ElectricityHV|ImportsBE,share,
image,SSP2-Base,Business As Usual,HR,Share|ElectricityHV|ImportsRS,share,
image,SSP2-Base,Business As Usual,HR,Share|ElectricityHV|ImportsRO,share,
image,SSP2-Base,Business As Usual,HR,Share|ElectricityHV|ImportsNL,share,
image,SSP2-Base,Business As Usual,HR,Share|ElectricityHV|ImportsUA,share,
image,SSP2-Base,Business As Usual,HR,Share|ElectricityHV|ImportsPL,share,
image,SSP2-Base,Business As Usual,HR,Share|ElectricityHV|ImportsFR,share,
image,SSP2-Base,Business As Usual,HR,Share|ElectricityHV|ImportsGB,share,
image,SSP2-Base,Business As Usual,HR,Share|ElectricityHV|ImportsNO,share,
image,SSP2-Base,Business As Usual,HR,Share|ElectricityHV|ImportsCZ,share,
image,SSP2-Base,Business As Usual,HR,Share|ElectricityHV|ImportsMT,share,
image,SSP2-Base,Business As Usual,HR,Share|ElectricityHV|ImportsDK,share,
image,SSP2-Base,Business As Usual,HR,Share|ElectricityHV|ImportsIT,share,
image,SSP2-Base,Business As Usual,HR,Share|ElectricityHV|ImportsLV,share,
image,SSP2-Base,Business As Usual,HR,Share|ElectricityHV|ImportsDE,share,
image,SSP2-Base,Business As Usual,HR,Share|ElectricityHV|ImportsPT,share,
image,SSP2-Base,Business As Usual,HR,Share|ElectricityHV|ImportsFI,share,
image,SSP2-Base,Business As Usual,HR,Share|ElectricityHV|ImportsBY,share,
image,SSP2-Base,Business As Usual,HR,Share|ElectricityHV|ImportsGI,share,
image,SSP2-Base,Business As Usual,HR,Share|ElectricityHV|ImportsAL,share,
image,SSP2-Base,Business As Usual,HR,Share|ElectricityHV|ImportsHU,share,
image,SSP2-Base,Business As Usual,HR,Share|ElectricityHV|ImportsCH,share,
image,SSP2-Base,Business As Usual,HR,Share|ElectricityMV|TransformationHVMV,share,
image,SSP2-Base,Business As Usual,HR,Share|ElectricityMV|SolarPVRoofCommercial,share,
image,SSP2-Base,Business As Usual,HR,Share|ElectricityMV|Waste,share,
image,SSP2-Base,Business As Usual,HR,Share|ElectricityLV|TransformationMVLV,share,
image,SSP2-Base,Business As Usual,HR,Share|ElectricityLV|BatteryChemical,share,
image,SSP2-Base,Business As Usual,HR,Share|ElectricityLV|SolarPVRoofResidential,share,
image,SSP2-Base,Business As Usual,XK,Share|ElectricityHV|Coal,share,
image,SSP2-Base,Business As Usual,XK,Share|ElectricityHV|CombinedCycle,share,
image,SSP2-Base,Business As Usual,XK,Share|ElectricityHV|GasTurbine,share,
image,SSP2-Base,Business As Usual,XK,Share|ElectricityHV|CogenerationGas,share,
image,SSP2-Base,Business As Usual,XK,Share|ElectricityHV|Nuclear,share,
image,SSP2-Base,Business As Usual,XK,Share|ElectricityHV|Oil,share,
image,SSP2-Base,Business As Usual,XK,Share|ElectricityHV|Geothermal,share,
image,SSP2-Base,Business As Usual,XK,Share|ElectricityHV|HydroRunofRiver,share,
image,SSP2-Base,Business As Usual,XK,Share|ElectricityHV|HydroReservoir,share,
image,SSP2-Base,Business As Usual,XK,Share|ElectricityHV|Biomass,share,
image,SSP2-Base,Business As Usual,XK,Share|ElectricityHV|Biogas,share,
image,SSP2-Base,Business As Usual,XK,Share|ElectricityHV|WindOnshore,share,
image,SSP2-Base,Business As Usual,XK,Share|ElectricityHV|WindOffshore,share,
image,SSP2-Base,Business As Usual,XK,Share|ElectricityHV|SolarThermal,share,
image,SSP2-Base,Business As Usual,XK,Share|ElectricityHV|SolarPVOpen,share,
image,SSP2-Base,Business As Usual,XK,Share|ElectricityHV|Hydrogen,share,
image,SSP2-Base,Business As Usual,XK,Share|ElectricityHV|BatteryHydro,share,
image,SSP2-Base,Business As Usual,XK,Share|ElectricityHV|ImportsES,share,
image,SSP2-Base,Business As Usual,XK,Share|ElectricityHV|ImportsBG,share,
image,SSP2-Base,Business As Usual,XK,Share|ElectricityHV|ImportsSE,share,
image,SSP2-Base,Business As Usual,XK,Share|ElectricityHV|ImportsAT,share,
image,SSP2-Base,Business As Usual,XK,Share|ElectricityHV|ImportsMK,share,
image,SSP2-Base,Business As Usual,XK,Share|ElectricityHV|ImportsMD,share,
image,SSP2-Base,Business As Usual,XK,Share|ElectricityHV|ImportsHR,share,
image,SSP2-Base,Business As Usual,XK,Share|ElectricityHV|ImportsXK,share,
image,SSP2-Base,Business As Usual,XK,Share|ElectricityHV|ImportsLU,share,
image,SSP2-Base,Business As Usual,XK,Share|ElectricityHV|ImportsGR,share,
image,SSP2-Base,Business As Usual,XK,Share|ElectricityHV|ImportsIS,share,
image,SSP2-Base,Business As Usual,XK,Share|ElectricityHV|ImportsBA,share,
image,SSP2-Base,Business As Usual,XK,Share|ElectricityHV|ImportsEE,share,
image,SSP2-Base,Business As Usual,XK,Share|ElectricityHV|ImportsSK,share,
image,SSP2-Base,Business As Usual,XK,Share|ElectricityHV|ImportsME,share,
image,SSP2-Base,Business As Usual,XK,Share|ElectricityHV|ImportsLT,share,
image,SSP2-Base,Business As Usual,XK,Share|ElectricityHV|ImportsSI,share,
image,SSP2-Base,Business As Usual,XK,Share|ElectricityHV|ImportsIE,share,
image,SSP2-Base,Business As Usual,XK,Share|ElectricityHV|ImportsBE,share,
image,SSP2-Base,Business As Usual,XK,Share|ElectricityHV|ImportsRS,share,
image,SSP2-Base,Business As Usual,XK,Share|ElectricityHV|ImportsRO,share,
image,SSP2-Base,Business As Usual,XK,Share|ElectricityHV|ImportsNL,share,
image,SSP2-Base,Business As Usual,XK,Share|ElectricityHV|ImportsUA,share,
image,SSP2-Base,Business As Usual,XK,Share|ElectricityHV|ImportsPL,share,
image,SSP2-Base,Business As Usual,XK,Share|ElectricityHV|ImportsFR,share,
image,SSP2-Base,Business As Usual,XK,Share|ElectricityHV|ImportsGB,share,
image,SSP2-Base,Business As Usual,XK,Share|ElectricityHV|ImportsNO,share,
image,SSP2-Base,Business As Usual,XK,Share|ElectricityHV|ImportsCZ,share,
image,SSP2-Base,Business As Usual,XK,Share|ElectricityHV|ImportsMT,share,
image,SSP2-Base,Business As Usual,XK,Share|ElectricityHV|ImportsDK,share,
image,SSP2-Base,Business As Usual,XK,Share|ElectricityHV|ImportsIT,share,
image,SSP2-Base,Business As Usual,XK,Share|ElectricityHV|ImportsLV,share,
image,SSP2-Base,Business As Usual,XK,Share|ElectricityHV|ImportsDE,share,
image,SSP2-Base,Business As Usual,XK,Share|ElectricityHV|ImportsPT,share,
image,SSP2-Base,Business As Usual,XK,Share|ElectricityHV|ImportsFI,share,
image,SSP2-Base,Business As Usual,XK,Share|ElectricityHV|ImportsBY,share,
image,SSP2-Base,Business As Usual,XK,Share|ElectricityHV|ImportsGI,share,
image,SSP2-Base,Business As Usual,XK,Share|ElectricityHV|ImportsAL,share,
image,SSP2-Base,Business As Usual,XK,Share|ElectricityHV|ImportsHU,share,
image,SSP2-Base,Business As Usual,XK,Share|ElectricityHV|ImportsCH,share,
image,SSP2-Base,Business As Usual,XK,Share|ElectricityMV|TransformationHVMV,share,
image,SSP2-Base,Business As Usual,XK,Share|ElectricityMV|SolarPVRoofCommercial,share,
image,SSP2-Base,Business As Usual,XK,Share|ElectricityMV|Waste,share,
image,SSP2-Base,Business As Usual,XK,Share|ElectricityLV|TransformationMVLV,share,
image,SSP2-Base,Business As Usual,XK,Share|ElectricityLV|BatteryChemical,share,
image,SSP2-Base,Business As Usual,XK,Share|ElectricityLV|SolarPVRoofResidential,share,
image,SSP2-Base,Business As Usual,LU,Share|ElectricityHV|Coal,share,
image,SSP2-Base,Business As Usual,LU,Share|ElectricityHV|CombinedCycle,share,
image,SSP2-Base,Business As Usual,LU,Share|ElectricityHV|GasTurbine,share,
image,SSP2-Base,Business As Usual,LU,Share|ElectricityHV|CogenerationGas,share,
image,SSP2-Base,Business As Usual,LU,Share|ElectricityHV|Nuclear,share,
image,SSP2-Base,Business As Usual,LU,Share|ElectricityHV|Oil,share,
image,SSP2-Base,Business As Usual,LU,Share|ElectricityHV|Geothermal,share,
image,SSP2-Base,Business As Usual,LU,Share|ElectricityHV|HydroRunofRiver,share,
image,SSP2-Base,Business As Usual,LU,Share|ElectricityHV|HydroReservoir,share,
image,SSP2-Base,Business As Usual,LU,Share|ElectricityHV|Biomass,share,
image,SSP2-Base,Business As Usual,LU,Share|ElectricityHV|Biogas,share,
image,SSP2-Base,Business As Usual,LU,Share|ElectricityHV|WindOnshore,share,
image,SSP2-Base,Business As Usual,LU,Share|ElectricityHV|WindOffshore,share,
image,SSP2-Base,Business As Usual,LU,Share|ElectricityHV|SolarThermal,share,
image,SSP2-Base,Business As Usual,LU,Share|ElectricityHV|SolarPVOpen,share,
image,SSP2-Base,Business As Usual,LU,Share|ElectricityHV|Hydrogen,share,
image,SSP2-Base,Business As Usual,LU,Share|ElectricityHV|BatteryHydro,share,
image,SSP2-Base,Business As Usual,LU,Share|ElectricityHV|ImportsES,share,
image,SSP2-Base,Business As Usual,LU,Share|ElectricityHV|ImportsBG,share,
image,SSP2-Base,Business As Usual,LU,Share|ElectricityHV|ImportsSE,share,
image,SSP2-Base,Business As Usual,LU,Share|ElectricityHV|ImportsAT,share,
image,SSP2-Base,Business As Usual,LU,Share|ElectricityHV|ImportsMK,share,
image,SSP2-Base,Business As Usual,LU,Share|ElectricityHV|ImportsMD,share,
image,SSP2-Base,Business As Usual,LU,Share|ElectricityHV|ImportsHR,share,
image,SSP2-Base,Business As Usual,LU,Share|ElectricityHV|ImportsXK,share,
image,SSP2-Base,Business As Usual,LU,Share|ElectricityHV|ImportsLU,share,
image,SSP2-Base,Business As Usual,LU,Share|ElectricityHV|ImportsGR,share,
image,SSP2-Base,Business As Usual,LU,Share|ElectricityHV|ImportsIS,share,
image,SSP2-Base,Business As Usual,LU,Share|ElectricityHV|ImportsBA,share,
image,SSP2-Base,Business As Usual,LU,Share|ElectricityHV|ImportsEE,share,
image,SSP2-Base,Business As Usual,LU,Share|ElectricityHV|ImportsSK,share,
image,SSP2-Base,Business As Usual,LU,Share|ElectricityHV|ImportsME,share,
image,SSP2-Base,Business As Usual,LU,Share|ElectricityHV|ImportsLT,share,
image,SSP2-Base,Business As Usual,LU,Share|ElectricityHV|ImportsSI,share,
image,SSP2-Base,Business As Usual,LU,Share|ElectricityHV|ImportsIE,share,
image,SSP2-Base,Business As Usual,LU,Share|ElectricityHV|ImportsBE,share,
image,SSP2-Base,Business As Usual,LU,Share|ElectricityHV|ImportsRS,share,
image,SSP2-Base,Business As Usual,LU,Share|ElectricityHV|ImportsRO,share,
image,SSP2-Base,Business As Usual,LU,Share|ElectricityHV|ImportsNL,share,
image,SSP2-Base,Business As Usual,LU,Share|ElectricityHV|ImportsUA,share,
image,SSP2-Base,Business As Usual,LU,Share|ElectricityHV|ImportsPL,share,
image,SSP2-Base,Business As Usual,LU,Share|ElectricityHV|ImportsFR,share,
image,SSP2-Base,Business As Usual,LU,Share|ElectricityHV|ImportsGB,share,
image,SSP2-Base,Business As Usual,LU,Share|ElectricityHV|ImportsNO,share,
image,SSP2-Base,Business As Usual,LU,Share|ElectricityHV|ImportsCZ,share,
image,SSP2-Base,Business As Usual,LU,Share|ElectricityHV|ImportsMT,share,
image,SSP2-Base,Business As Usual,LU,Share|ElectricityHV|ImportsDK,share,
image,SSP2-Base,Business As Usual,LU,Share|ElectricityHV|ImportsIT,share,
image,SSP2-Base,Business As Usual,LU,Share|ElectricityHV|ImportsLV,share,
image,SSP2-Base,Business As Usual,LU,Share|ElectricityHV|ImportsDE,share,
image,SSP2-Base,Business As Usual,LU,Share|ElectricityHV|ImportsPT,share,
image,SSP2-Base,Business As Usual,LU,Share|ElectricityHV|ImportsFI,share,
image,SSP2-Base,Business As Usual,LU,Share|ElectricityHV|ImportsBY,share,
image,SSP2-Base,Business As Usual,LU,Share|ElectricityHV|ImportsGI,share,
image,SSP2-Base,Business As Usual,LU,Share|ElectricityHV|ImportsAL,share,
image,SSP2-Base,Business As Usual,LU,Share|ElectricityHV|ImportsHU,share,
image,SSP2-Base,Business As Usual,LU,Share|ElectricityHV|ImportsCH,share,
image,SSP2-Base,Business As Usual,LU,Share|ElectricityMV|TransformationHVMV,share,
image,SSP2-Base,Business As Usual,LU,Share|ElectricityMV|SolarPVRoofCommercial,share,
image,SSP2-Base,Business As Usual,LU,Share|ElectricityMV|Waste,share,
image,SSP2-Base,Business As Usual,LU,Share|ElectricityLV|TransformationMVLV,share,
image,SSP2-Base,Business As Usual,LU,Share|ElectricityLV|BatteryChemical,share,
image,SSP2-Base,Business As Usual,LU,Share|ElectricityLV|SolarPVRoofResidential,share,
image,SSP2-Base,Business As Usual,GR,Share|ElectricityHV|Coal,share,
image,SSP2-Base,Business As Usual,GR,Share|ElectricityHV|CombinedCycle,share,
image,SSP2-Base,Business As Usual,GR,Share|ElectricityHV|GasTurbine,share,
image,SSP2-Base,Business As Usual,GR,Share|ElectricityHV|CogenerationGas,share,
image,SSP2-Base,Business As Usual,GR,Share|ElectricityHV|Nuclear,share,
image,SSP2-Base,Business As Usual,GR,Share|ElectricityHV|Oil,share,
image,SSP2-Base,Business As Usual,GR,Share|ElectricityHV|Geothermal,share,
image,SSP2-Base,Business As Usual,GR,Share|ElectricityHV|HydroRunofRiver,share,
image,SSP2-Base,Business As Usual,GR,Share|ElectricityHV|HydroReservoir,share,
image,SSP2-Base,Business As Usual,GR,Share|ElectricityHV|Biomass,share,
image,SSP2-Base,Business As Usual,GR,Share|ElectricityHV|Biogas,share,
image,SSP2-Base,Business As Usual,GR,Share|ElectricityHV|WindOnshore,share,
image,SSP2-Base,Business As Usual,GR,Share|ElectricityHV|WindOffshore,share,
image,SSP2-Base,Business As Usual,GR,Share|ElectricityHV|SolarThermal,share,
image,SSP2-Base,Business As Usual,GR,Share|ElectricityHV|SolarPVOpen,share,
image,SSP2-Base,Business As Usual,GR,Share|ElectricityHV|Hydrogen,share,
image,SSP2-Base,Business As Usual,GR,Share|ElectricityHV|BatteryHydro,share,
image,SSP2-Base,Business As Usual,GR,Share|ElectricityHV|ImportsES,share,
image,SSP2-Base,Business As Usual,GR,Share|ElectricityHV|ImportsBG,share,
image,SSP2-Base,Business As Usual,GR,Share|ElectricityHV|ImportsSE,share,
image,SSP2-Base,Business As Usual,GR,Share|ElectricityHV|ImportsAT,share,
image,SSP2-Base,Business As Usual,GR,Share|ElectricityHV|ImportsMK,share,
image,SSP2-Base,Business As Usual,GR,Share|ElectricityHV|ImportsMD,share,
image,SSP2-Base,Business As Usual,GR,Share|ElectricityHV|ImportsHR,share,
image,SSP2-Base,Business As Usual,GR,Share|ElectricityHV|ImportsXK,share,
image,SSP2-Base,Business As Usual,GR,Share|ElectricityHV|ImportsLU,share,
image,SSP2-Base,Business As Usual,GR,Share|ElectricityHV|ImportsGR,share,
image,SSP2-Base,Business As Usual,GR,Share|ElectricityHV|ImportsIS,share,
image,SSP2-Base,Business As Usual,GR,Share|ElectricityHV|ImportsBA,share,
image,SSP2-Base,Business As Usual,GR,Share|ElectricityHV|ImportsEE,share,
image,SSP2-Base,Business As Usual,GR,Share|ElectricityHV|ImportsSK,share,
image,SSP2-Base,Business As Usual,GR,Share|ElectricityHV|ImportsME,share,
image,SSP2-Base,Business As Usual,GR,Share|ElectricityHV|ImportsLT,share,
image,SSP2-Base,Business As Usual,GR,Share|ElectricityHV|ImportsSI,share,
image,SSP2-Base,Business As Usual,GR,Share|ElectricityHV|ImportsIE,share,
image,SSP2-Base,Business As Usual,GR,Share|ElectricityHV|ImportsBE,share,
image,SSP2-Base,Business As Usual,GR,Share|ElectricityHV|ImportsRS,share,
image,SSP2-Base,Business As Usual,GR,Share|ElectricityHV|ImportsRO,share,
image,SSP2-Base,Business As Usual,GR,Share|ElectricityHV|ImportsNL,share,
image,SSP2-Base,Business As Usual,GR,Share|ElectricityHV|ImportsUA,share,
image,SSP2-Base,Business As Usual,GR,Share|ElectricityHV|ImportsPL,share,
image,SSP2-Base,Business As Usual,GR,Share|ElectricityHV|ImportsFR,share,
image,SSP2-Base,Business As Usual,GR,Share|ElectricityHV|ImportsGB,share,
image,SSP2-Base,Business As Usual,GR,Share|ElectricityHV|ImportsNO,share,
image,SSP2-Base,Business As Usual,GR,Share|ElectricityHV|ImportsCZ,share,
image,SSP2-Base,Business As Usual,GR,Share|ElectricityHV|ImportsMT,share,
image,SSP2-Base,Business As Usual,GR,Share|ElectricityHV|ImportsDK,share,
image,SSP2-Base,Business As Usual,GR,Share|ElectricityHV|ImportsIT,share,
image,SSP2-Base,Business As Usual,GR,Share|ElectricityHV|ImportsLV,share,
image,SSP2-Base,Business As Usual,GR,Share|ElectricityHV|ImportsDE,share,
image,SSP2-Base,Business As Usual,GR,Share|ElectricityHV|ImportsPT,share,
image,SSP2-Base,Business As Usual,GR,Share|ElectricityHV|ImportsFI,share,
image,SSP2-Base,Business As Usual,GR,Share|ElectricityHV|ImportsBY,share,
image,SSP2-Base,Business As Usual,GR,Share|ElectricityHV|ImportsGI,share,
image,SSP2-Base,Business As Usual,GR,Share|ElectricityHV|ImportsAL,share,
image,SSP2-Base,Business As Usual,GR,Share|ElectricityHV|ImportsHU,share,
image,SSP2-Base,Business As Usual,GR,Share|ElectricityHV|ImportsCH,share,
image,SSP2-Base,Business As Usual,GR,Share|ElectricityMV|TransformationHVMV,share,
image,SSP2-Base,Business As Usual,GR,Share|ElectricityMV|SolarPVRoofCommercial,share,
image,SSP2-Base,Business As Usual,GR,Share|ElectricityMV|Waste,share,
image,SSP2-Base,Business As Usual,GR,Share|ElectricityLV|TransformationMVLV,share,
image,SSP2-Base,Business As Usual,GR,Share|ElectricityLV|BatteryChemical,share,
image,SSP2-Base,Business As Usual,GR,Share|ElectricityLV|SolarPVRoofResidential,share,
image,SSP2-Base,Business As Usual,IS,Share|ElectricityHV|Coal,share,
image,SSP2-Base,Business As Usual,IS,Share|ElectricityHV|CombinedCycle,share,
image,SSP2-Base,Business As Usual,IS,Share|ElectricityHV|GasTurbine,share,
image,SSP2-Base,Business As Usual,IS,Share|ElectricityHV|CogenerationGas,share,
image,SSP2-Base,Business As Usual,IS,Share|ElectricityHV|Nuclear,share,
image,SSP2-Base,Business As Usual,IS,Share|ElectricityHV|Oil,share,
image,SSP2-Base,Business As Usual,IS,Share|ElectricityHV|Geothermal,share,
image,SSP2-Base,Business As Usual,IS,Share|ElectricityHV|HydroRunofRiver,share,
image,SSP2-Base,Business As Usual,IS,Share|ElectricityHV|HydroReservoir,share,
image,SSP2-Base,Business As Usual,IS,Share|ElectricityHV|Biomass,share,
image,SSP2-Base,Business As Usual,IS,Share|ElectricityHV|Biogas,share,
image,SSP2-Base,Business As Usual,IS,Share|ElectricityHV|WindOnshore,share,
image,SSP2-Base,Business As Usual,IS,Share|ElectricityHV|WindOffshore,share,
image,SSP2-Base,Business As Usual,IS,Share|ElectricityHV|SolarThermal,share,
image,SSP2-Base,Business As Usual,IS,Share|ElectricityHV|SolarPVOpen,share,
image,SSP2-Base,Business As Usual,IS,Share|ElectricityHV|Hydrogen,share,
image,SSP2-Base,Business As Usual,IS,Share|ElectricityHV|BatteryHydro,share,
image,SSP2-Base,Business As Usual,IS,Share|ElectricityHV|ImportsES,share,
image,SSP2-Base,Business As Usual,IS,Share|ElectricityHV|ImportsBG,share,
image,SSP2-Base,Business As Usual,IS,Share|ElectricityHV|ImportsSE,share,
image,SSP2-Base,Business As Usual,IS,Share|ElectricityHV|ImportsAT,share,
image,SSP2-Base,Business As Usual,IS,Share|ElectricityHV|ImportsMK,share,
image,SSP2-Base,Business As Usual,IS,Share|ElectricityHV|ImportsMD,share,
image,SSP2-Base,Business As Usual,IS,Share|ElectricityHV|ImportsHR,share,
image,SSP2-Base,Business As Usual,IS,Share|ElectricityHV|ImportsXK,share,
image,SSP2-Base,Business As Usual,IS,Share|ElectricityHV|ImportsLU,share,
image,SSP2-Base,Business As Usual,IS,Share|ElectricityHV|ImportsGR,share,
image,SSP2-Base,Business As Usual,IS,Share|ElectricityHV|ImportsIS,share,
image,SSP2-Base,Business As Usual,IS,Share|ElectricityHV|ImportsBA,share,
image,SSP2-Base,Business As Usual,IS,Share|ElectricityHV|ImportsEE,share,
image,SSP2-Base,Business As Usual,IS,Share|ElectricityHV|ImportsSK,share,
image,SSP2-Base,Business As Usual,IS,Share|ElectricityHV|ImportsME,share,
image,SSP2-Base,Business As Usual,IS,Share|ElectricityHV|ImportsLT,share,
image,SSP2-Base,Business As Usual,IS,Share|ElectricityHV|ImportsSI,share,
image,SSP2-Base,Business As Usual,IS,Share|ElectricityHV|ImportsIE,share,
image,SSP2-Base,Business As Usual,IS,Share|ElectricityHV|ImportsBE,share,
image,SSP2-Base,Business As Usual,IS,Share|ElectricityHV|ImportsRS,share,
image,SSP2-Base,Business As Usual,IS,Share|ElectricityHV|ImportsRO,share,
image,SSP2-Base,Business As Usual,IS,Share|ElectricityHV|ImportsNL,share,
image,SSP2-Base,Business As Usual,IS,Share|ElectricityHV|ImportsUA,share,
image,SSP2-Base,Business As Usual,IS,Share|ElectricityHV|ImportsPL,share,
image,SSP2-Base,Business As Usual,IS,Share|ElectricityHV|ImportsFR,share,
image,SSP2-Base,Business As Usual,IS,Share|ElectricityHV|ImportsGB,share,
image,SSP2-Base,Business As Usual,IS,Share|ElectricityHV|ImportsNO,share,
image,SSP2-Base,Business As Usual,IS,Share|ElectricityHV|ImportsCZ,share,
image,SSP2-Base,Business As Usual,IS,Share|ElectricityHV|ImportsMT,share,
image,SSP2-Base,Business As Usual,IS,Share|ElectricityHV|ImportsDK,share,
image,SSP2-Base,Business As Usual,IS,Share|ElectricityHV|ImportsIT,share,
image,SSP2-Base,Business As Usual,IS,Share|ElectricityHV|ImportsLV,share,
image,SSP2-Base,Business As Usual,IS,Share|ElectricityHV|ImportsDE,share,
image,SSP2-Base,Business As Usual,IS,Share|ElectricityHV|ImportsPT,share,
image,SSP2-Base,Business As Usual,IS,Share|ElectricityHV|ImportsFI,share,
image,SSP2-Base,Business As Usual,IS,Share|ElectricityHV|ImportsBY,share,
image,SSP2-Base,Business As Usual,IS,Share|ElectricityHV|ImportsGI,share,
image,SSP2-Base,Business As Usual,IS,Share|ElectricityHV|ImportsAL,share,
image,SSP2-Base,Business As Usual,IS,Share|ElectricityHV|ImportsHU,share,
image,SSP2-Base,Business As Usual,IS,Share|ElectricityHV|ImportsCH,share,
image,SSP2-Base,Business As Usual,IS,Share|ElectricityMV|TransformationHVMV,share,
image,SSP2-Base,Business As Usual,IS,Share|ElectricityMV|SolarPVRoofCommercial,share,
image,SSP2-Base,Business As Usual,IS,Share|ElectricityMV|Waste,share,
image,SSP2-Base,Business As Usual,IS,Share|ElectricityLV|TransformationMVLV,share,
image,SSP2-Base,Business As Usual,IS,Share|ElectricityLV|BatteryChemical,share,
image,SSP2-Base,Business As Usual,IS,Share|ElectricityLV|SolarPVRoofResidential,share,
image,SSP2-Base,Business As Usual,BA,Share|ElectricityHV|Coal,share,
image,SSP2-Base,Business As Usual,BA,Share|ElectricityHV|CombinedCycle,share,
image,SSP2-Base,Business As Usual,BA,Share|ElectricityHV|GasTurbine,share,
image,SSP2-Base,Business As Usual,BA,Share|ElectricityHV|CogenerationGas,share,
image,SSP2-Base,Business As Usual,BA,Share|ElectricityHV|Nuclear,share,
image,SSP2-Base,Business As Usual,BA,Share|ElectricityHV|Oil,share,
image,SSP2-Base,Business As Usual,BA,Share|ElectricityHV|Geothermal,share,
image,SSP2-Base,Business As Usual,BA,Share|ElectricityHV|HydroRunofRiver,share,
image,SSP2-Base,Business As Usual,BA,Share|ElectricityHV|HydroReservoir,share,
image,SSP2-Base,Business As Usual,BA,Share|ElectricityHV|Biomass,share,
image,SSP2-Base,Business As Usual,BA,Share|ElectricityHV|Biogas,share,
image,SSP2-Base,Business As Usual,BA,Share|ElectricityHV|WindOnshore,share,
image,SSP2-Base,Business As Usual,BA,Share|ElectricityHV|WindOffshore,share,
image,SSP2-Base,Business As Usual,BA,Share|ElectricityHV|SolarThermal,share,
image,SSP2-Base,Business As Usual,BA,Share|ElectricityHV|SolarPVOpen,share,
image,SSP2-Base,Business As Usual,BA,Share|ElectricityHV|Hydrogen,share,
image,SSP2-Base,Business As Usual,BA,Share|ElectricityHV|BatteryHydro,share,
image,SSP2-Base,Business As Usual,BA,Share|ElectricityHV|ImportsES,share,
image,SSP2-Base,Business As Usual,BA,Share|ElectricityHV|ImportsBG,share,
image,SSP2-Base,Business As Usual,BA,Share|ElectricityHV|ImportsSE,share,
image,SSP2-Base,Business As Usual,BA,Share|ElectricityHV|ImportsAT,share,
image,SSP2-Base,Business As Usual,BA,Share|ElectricityHV|ImportsMK,share,
image,SSP2-Base,Business As Usual,BA,Share|ElectricityHV|ImportsMD,share,
image,SSP2-Base,Business As Usual,BA,Share|ElectricityHV|ImportsHR,share,
image,SSP2-Base,Business As Usual,BA,Share|ElectricityHV|ImportsXK,share,
image,SSP2-Base,Business As Usual,BA,Share|ElectricityHV|ImportsLU,share,
image,SSP2-Base,Business As Usual,BA,Share|ElectricityHV|ImportsGR,share,
image,SSP2-Base,Business As Usual,BA,Share|ElectricityHV|ImportsIS,share,
image,SSP2-Base,Business As Usual,BA,Share|ElectricityHV|ImportsBA,share,
image,SSP2-Base,Business As Usual,BA,Share|ElectricityHV|ImportsEE,share,
image,SSP2-Base,Business As Usual,BA,Share|ElectricityHV|ImportsSK,share,
image,SSP2-Base,Business As Usual,BA,Share|ElectricityHV|ImportsME,share,
image,SSP2-Base,Business As Usual,BA,Share|ElectricityHV|ImportsLT,share,
image,SSP2-Base,Business As Usual,BA,Share|ElectricityHV|ImportsSI,share,
image,SSP2-Base,Business As Usual,BA,Share|ElectricityHV|ImportsIE,share,
image,SSP2-Base,Business As Usual,BA,Share|ElectricityHV|ImportsBE,share,
image,SSP2-Base,Business As Usual,BA,Share|ElectricityHV|ImportsRS,share,
image,SSP2-Base,Business As Usual,BA,Share|ElectricityHV|ImportsRO,share,
image,SSP2-Base,Business As Usual,BA,Share|ElectricityHV|ImportsNL,share,
image,SSP2-Base,Business As Usual,BA,Share|ElectricityHV|ImportsUA,share,
image,SSP2-Base,Business As Usual,BA,Share|ElectricityHV|ImportsPL,share,
image,SSP2-Base,Business As Usual,BA,Share|ElectricityHV|ImportsFR,share,
image,SSP2-Base,Business As Usual,BA,Share|ElectricityHV|ImportsGB,share,
image,SSP2-Base,Business As Usual,BA,Share|ElectricityHV|ImportsNO,share,
image,SSP2-Base,Business As Usual,BA,Share|ElectricityHV|ImportsCZ,share,
image,SSP2-Base,Business As Usual,BA,Share|ElectricityHV|ImportsMT,share,
image,SSP2-Base,Business As Usual,BA,Share|ElectricityHV|ImportsDK,share,
image,SSP2-Base,Business As Usual,BA,Share|ElectricityHV|ImportsIT,share,
image,SSP2-Base,Business As Usual,BA,Share|ElectricityHV|ImportsLV,share,
image,SSP2-Base,Business As Usual,BA,Share|ElectricityHV|ImportsDE,share,
image,SSP2-Base,Business As Usual,BA,Share|ElectricityHV|ImportsPT,share,
image,SSP2-Base,Business As Usual,BA,Share|ElectricityHV|ImportsFI,share,
image,SSP2-Base,Business As Usual,BA,Share|ElectricityHV|ImportsBY,share,
image,SSP2-Base,Business As Usual,BA,Share|ElectricityHV|ImportsGI,share,
image,SSP2-Base,Business As Usual,BA,Share|ElectricityHV|ImportsAL,share,
image,SSP2-Base,Business As Usual,BA,Share|ElectricityHV|ImportsHU,share,
image,SSP2-Base,Business As Usual,BA,Share|ElectricityHV|ImportsCH,share,
image,SSP2-Base,Business As Usual,BA,Share|ElectricityMV|TransformationHVMV,share,
image,SSP2-Base,Business As Usual,BA,Share|ElectricityMV|SolarPVRoofCommercial,share,
image,SSP2-Base,Business As Usual,BA,Share|ElectricityMV|Waste,share,
image,SSP2-Base,Business As Usual,BA,Share|ElectricityLV|TransformationMVLV,share,
image,SSP2-Base,Business As Usual,BA,Share|ElectricityLV|BatteryChemical,share,
image,SSP2-Base,Business As Usual,BA,Share|ElectricityLV|SolarPVRoofResidential,share,
image,SSP2-Base,Business As Usual,EE,Share|ElectricityHV|Coal,share,
image,SSP2-Base,Business As Usual,EE,Share|ElectricityHV|CombinedCycle,share,
image,SSP2-Base,Business As Usual,EE,Share|ElectricityHV|GasTurbine,share,
image,SSP2-Base,Business As Usual,EE,Share|ElectricityHV|CogenerationGas,share,
image,SSP2-Base,Business As Usual,EE,Share|ElectricityHV|Nuclear,share,
image,SSP2-Base,Business As Usual,EE,Share|ElectricityHV|Oil,share,
image,SSP2-Base,Business As Usual,EE,Share|ElectricityHV|Geothermal,share,
image,SSP2-Base,Business As Usual,EE,Share|ElectricityHV|HydroRunofRiver,share,
image,SSP2-Base,Business As Usual,EE,Share|ElectricityHV|HydroReservoir,share,
image,SSP2-Base,Business As Usual,EE,Share|ElectricityHV|Biomass,share,
image,SSP2-Base,Business As Usual,EE,Share|ElectricityHV|Biogas,share,
image,SSP2-Base,Business As Usual,EE,Share|ElectricityHV|WindOnshore,share,
image,SSP2-Base,Business As Usual,EE,Share|ElectricityHV|WindOffshore,share,
image,SSP2-Base,Business As Usual,EE,Share|ElectricityHV|SolarThermal,share,
image,SSP2-Base,Business As Usual,EE,Share|ElectricityHV|SolarPVOpen,share,
image,SSP2-Base,Business As Usual,EE,Share|ElectricityHV|Hydrogen,share,
image,SSP2-Base,Business As Usual,EE,Share|ElectricityHV|BatteryHydro,share,
image,SSP2-Base,Business As Usual,EE,Share|ElectricityHV|ImportsES,share,
image,SSP2-Base,Business As Usual,EE,Share|ElectricityHV|ImportsBG,share,
image,SSP2-Base,Business As Usual,EE,Share|ElectricityHV|ImportsSE,share,
image,SSP2-Base,Business As Usual,EE,Share|ElectricityHV|ImportsAT,share,
image,SSP2-Base,Business As Usual,EE,Share|ElectricityHV|ImportsMK,share,
image,SSP2-Base,Business As Usual,EE,Share|ElectricityHV|ImportsMD,share,
image,SSP2-Base,Business As Usual,EE,Share|ElectricityHV|ImportsHR,share,
image,SSP2-Base,Business As Usual,EE,Share|ElectricityHV|ImportsXK,share,
image,SSP2-Base,Business As Usual,EE,Share|ElectricityHV|ImportsLU,share,
image,SSP2-Base,Business As Usual,EE,Share|ElectricityHV|ImportsGR,share,
image,SSP2-Base,Business As Usual,EE,Share|ElectricityHV|ImportsIS,share,
image,SSP2-Base,Business As Usual,EE,Share|ElectricityHV|ImportsBA,share,
image,SSP2-Base,Business As Usual,EE,Share|ElectricityHV|ImportsEE,share,
image,SSP2-Base,Business As Usual,EE,Share|ElectricityHV|ImportsSK,share,
image,SSP2-Base,Business As Usual,EE,Share|ElectricityHV|ImportsME,share,
image,SSP2-Base,Business As Usual,EE,Share|ElectricityHV|ImportsLT,share,
image,SSP2-Base,Business As Usual,EE,Share|ElectricityHV|ImportsSI,share,
image,SSP2-Base,Business As Usual,EE,Share|ElectricityHV|ImportsIE,share,
image,SSP2-Base,Business As Usual,EE,Share|ElectricityHV|ImportsBE,share,
image,SSP2-Base,Business As Usual,EE,Share|ElectricityHV|ImportsRS,share,
image,SSP2-Base,Business As Usual,EE,Share|ElectricityHV|ImportsRO,share,
image,SSP2-Base,Business As Usual,EE,Share|ElectricityHV|ImportsNL,share,
image,SSP2-Base,Business As Usual,EE,Share|ElectricityHV|ImportsUA,share,
image,SSP2-Base,Business As Usual,EE,Share|ElectricityHV|ImportsPL,share,
image,SSP2-Base,Business As Usual,EE,Share|ElectricityHV|ImportsFR,share,
image,SSP2-Base,Business As Usual,EE,Share|ElectricityHV|ImportsGB,share,
image,SSP2-Base,Business As Usual,EE,Share|ElectricityHV|ImportsNO,share,
image,SSP2-Base,Business As Usual,EE,Share|ElectricityHV|ImportsCZ,share,
image,SSP2-Base,Business As Usual,EE,Share|ElectricityHV|ImportsMT,share,
image,SSP2-Base,Business As Usual,EE,Share|ElectricityHV|ImportsDK,share,
image,SSP2-Base,Business As Usual,EE,Share|ElectricityHV|ImportsIT,share,
image,SSP2-Base,Business As Usual,EE,Share|ElectricityHV|ImportsLV,share,
image,SSP2-Base,Business As Usual,EE,Share|ElectricityHV|ImportsDE,share,
image,SSP2-Base,Business As Usual,EE,Share|ElectricityHV|ImportsPT,share,
image,SSP2-Base,Business As Usual,EE,Share|ElectricityHV|ImportsFI,share,
image,SSP2-Base,Business As Usual,EE,Share|ElectricityHV|ImportsBY,share,
image,SSP2-Base,Business As Usual,EE,Share|ElectricityHV|ImportsGI,share,
image,SSP2-Base,Business As Usual,EE,Share|ElectricityHV|ImportsAL,share,
image,SSP2-Base,Business As Usual,EE,Share|ElectricityHV|ImportsHU,share,
image,SSP2-Base,Business As Usual,EE,Share|ElectricityHV|ImportsCH,share,
image,SSP2-Base,Business As Usual,EE,Share|ElectricityMV|TransformationHVMV,share,
image,SSP2-Base,Business As Usual,EE,Share|ElectricityMV|SolarPVRoofCommercial,share,
image,SSP2-Base,Business As Usual,EE,Share|ElectricityMV|Waste,share,
image,SSP2-Base,Business As Usual,EE,Share|ElectricityLV|TransformationMVLV,share,
image,SSP2-Base,Business As Usual,EE,Share|ElectricityLV|BatteryChemical,share,
image,SSP2-Base,Business As Usual,EE,Share|ElectricityLV|SolarPVRoofResidential,share,
image,SSP2-Base,Business As Usual,SK,Share|ElectricityHV|Coal,share,
image,SSP2-Base,Business As Usual,SK,Share|ElectricityHV|CombinedCycle,share,
image,SSP2-Base,Business As Usual,SK,Share|ElectricityHV|GasTurbine,share,
image,SSP2-Base,Business As Usual,SK,Share|ElectricityHV|CogenerationGas,share,
image,SSP2-Base,Business As Usual,SK,Share|ElectricityHV|Nuclear,share,
image,SSP2-Base,Business As Usual,SK,Share|ElectricityHV|Oil,share,
image,SSP2-Base,Business As Usual,SK,Share|ElectricityHV|Geothermal,share,
image,SSP2-Base,Business As Usual,SK,Share|ElectricityHV|HydroRunofRiver,share,
image,SSP2-Base,Business As Usual,SK,Share|ElectricityHV|HydroReservoir,share,
image,SSP2-Base,Business As Usual,SK,Share|ElectricityHV|Biomass,share,
image,SSP2-Base,Business As Usual,SK,Share|ElectricityHV|Biogas,share,
image,SSP2-Base,Business As Usual,SK,Share|ElectricityHV|WindOnshore,share,
image,SSP2-Base,Business As Usual,SK,Share|ElectricityHV|WindOffshore,share,
image,SSP2-Base,Business As Usual,SK,Share|ElectricityHV|SolarThermal,share,
image,SSP2-Base,Business As Usual,SK,Share|ElectricityHV|SolarPVOpen,share,
image,SSP2-Base,Business As Usual,SK,Share|ElectricityHV|Hydrogen,share,
image,SSP2-Base,Business As Usual,SK,Share|ElectricityHV|BatteryHydro,share,
image,SSP2-Base,Business As Usual,SK,Share|ElectricityHV|ImportsES,share,
image,SSP2-Base,Business As Usual,SK,Share|ElectricityHV|ImportsBG,share,
image,SSP2-Base,Business As Usual,SK,Share|ElectricityHV|ImportsSE,share,
image,SSP2-Base,Business As Usual,SK,Share|ElectricityHV|ImportsAT,share,
image,SSP2-Base,Business As Usual,SK,Share|ElectricityHV|ImportsMK,share,
image,SSP2-Base,Business As Usual,SK,Share|ElectricityHV|ImportsMD,share,
image,SSP2-Base,Business As Usual,SK,Share|ElectricityHV|ImportsHR,share,
image,SSP2-Base,Business As Usual,SK,Share|ElectricityHV|ImportsXK,share,
image,SSP2-Base,Business As Usual,SK,Share|ElectricityHV|ImportsLU,share,
image,SSP2-Base,Business As Usual,SK,Share|ElectricityHV|ImportsGR,share,
image,SSP2-Base,Business As Usual,SK,Share|ElectricityHV|ImportsIS,share,
image,SSP2-Base,Business As Usual,SK,Share|ElectricityHV|ImportsBA,share,
image,SSP2-Base,Business As Usual,SK,Share|ElectricityHV|ImportsEE,share,
image,SSP2-Base,Business As Usual,SK,Share|ElectricityHV|ImportsSK,share,
image,SSP2-Base,Business As Usual,SK,Share|ElectricityHV|ImportsME,share,
image,SSP2-Base,Business As Usual,SK,Share|ElectricityHV|ImportsLT,share,
image,SSP2-Base,Business As Usual,SK,Share|ElectricityHV|ImportsSI,share,
image,SSP2-Base,Business As Usual,SK,Share|ElectricityHV|ImportsIE,share,
image,SSP2-Base,Business As Usual,SK,Share|ElectricityHV|ImportsBE,share,
image,SSP2-Base,Business As Usual,SK,Share|ElectricityHV|ImportsRS,share,
image,SSP2-Base,Business As Usual,SK,Share|ElectricityHV|ImportsRO,share,
image,SSP2-Base,Business As Usual,SK,Share|ElectricityHV|ImportsNL,share,
image,SSP2-Base,Business As Usual,SK,Share|ElectricityHV|ImportsUA,share,
image,SSP2-Base,Business As Usual,SK,Share|ElectricityHV|ImportsPL,share,
image,SSP2-Base,Business As Usual,SK,Share|ElectricityHV|ImportsFR,share,
image,SSP2-Base,Business As Usual,SK,Share|ElectricityHV|ImportsGB,share,
image,SSP2-Base,Business As Usual,SK,Share|ElectricityHV|ImportsNO,share,
image,SSP2-Base,Business As Usual,SK,Share|ElectricityHV|ImportsCZ,share,
image,SSP2-Base,Business As Usual,SK,Share|ElectricityHV|ImportsMT,share,
image,SSP2-Base,Business As Usual,SK,Share|ElectricityHV|ImportsDK,share,
image,SSP2-Base,Business As Usual,SK,Share|ElectricityHV|ImportsIT,share,
image,SSP2-Base,Business As Usual,SK,Share|ElectricityHV|ImportsLV,share,
image,SSP2-Base,Business As Usual,SK,Share|ElectricityHV|ImportsDE,share,
image,SSP2-Base,Business As Usual,SK,Share|ElectricityHV|ImportsPT,share,
image,SSP2-Base,Business As Usual,SK,Share|ElectricityHV|ImportsFI,share,
image,SSP2-Base,Business As Usual,SK,Share|ElectricityHV|ImportsBY,share,
image,SSP2-Base,Business As Usual,SK,Share|ElectricityHV|ImportsGI,share,
image,SSP2-Base,Business As Usual,SK,Share|ElectricityHV|ImportsAL,share,
image,SSP2-Base,Business As Usual,SK,Share|ElectricityHV|ImportsHU,share,
image,SSP2-Base,Business As Usual,SK,Share|ElectricityHV|ImportsCH,share,
image,SSP2-Base,Business As Usual,SK,Share|ElectricityMV|TransformationHVMV,share,
image,SSP2-Base,Business As Usual,SK,Share|ElectricityMV|SolarPVRoofCommercial,share,
image,SSP2-Base,Business As Usual,SK,Share|ElectricityMV|Waste,share,
image,SSP2-Base,Business As Usual,SK,Share|ElectricityLV|TransformationMVLV,share,
image,SSP2-Base,Business As Usual,SK,Share|ElectricityLV|BatteryChemical,share,
image,SSP2-Base,Business As Usual,SK,Share|ElectricityLV|SolarPVRoofResidential,share,
image,SSP2-Base,Business As Usual,ME,Share|ElectricityHV|Coal,share,
image,SSP2-Base,Business As Usual,ME,Share|ElectricityHV|CombinedCycle,share,
image,SSP2-Base,Business As Usual,ME,Share|ElectricityHV|GasTurbine,share,
image,SSP2-Base,Business As Usual,ME,Share|ElectricityHV|CogenerationGas,share,
image,SSP2-Base,Business As Usual,ME,Share|ElectricityHV|Nuclear,share,
image,SSP2-Base,Business As Usual,ME,Share|ElectricityHV|Oil,share,
image,SSP2-Base,Business As Usual,ME,Share|ElectricityHV|Geothermal,share,
image,SSP2-Base,Business As Usual,ME,Share|ElectricityHV|HydroRunofRiver,share,
image,SSP2-Base,Business As Usual,ME,Share|ElectricityHV|HydroReservoir,share,
image,SSP2-Base,Business As Usual,ME,Share|ElectricityHV|Biomass,share,
image,SSP2-Base,Business As Usual,ME,Share|ElectricityHV|Biogas,share,
image,SSP2-Base,Business As Usual,ME,Share|ElectricityHV|WindOnshore,share,
image,SSP2-Base,Business As Usual,ME,Share|ElectricityHV|WindOffshore,share,
image,SSP2-Base,Business As Usual,ME,Share|ElectricityHV|SolarThermal,share,
image,SSP2-Base,Business As Usual,ME,Share|ElectricityHV|SolarPVOpen,share,
image,SSP2-Base,Business As Usual,ME,Share|ElectricityHV|Hydrogen,share,
image,SSP2-Base,Business As Usual,ME,Share|ElectricityHV|BatteryHydro,share,
image,SSP2-Base,Business As Usual,ME,Share|ElectricityHV|ImportsES,share,
image,SSP2-Base,Business As Usual,ME,Share|ElectricityHV|ImportsBG,share,
image,SSP2-Base,Business As Usual,ME,Share|ElectricityHV|ImportsSE,share,
image,SSP2-Base,Business As Usual,ME,Share|ElectricityHV|ImportsAT,share,
image,SSP2-Base,Business As Usual,ME,Share|ElectricityHV|ImportsMK,share,
image,SSP2-Base,Business As Usual,ME,Share|ElectricityHV|ImportsMD,share,
image,SSP2-Base,Business As Usual,ME,Share|ElectricityHV|ImportsHR,share,
image,SSP2-Base,Business As Usual,ME,Share|ElectricityHV|ImportsXK,share,
image,SSP2-Base,Business As Usual,ME,Share|ElectricityHV|ImportsLU,share,
image,SSP2-Base,Business As Usual,ME,Share|ElectricityHV|ImportsGR,share,
image,SSP2-Base,Business As Usual,ME,Share|ElectricityHV|ImportsIS,share,
image,SSP2-Base,Business As Usual,ME,Share|ElectricityHV|ImportsBA,share,
image,SSP2-Base,Business As Usual,ME,Share|ElectricityHV|ImportsEE,share,
image,SSP2-Base,Business As Usual,ME,Share|ElectricityHV|ImportsSK,share,
image,SSP2-Base,Business As Usual,ME,Share|ElectricityHV|ImportsME,share,
image,SSP2-Base,Business As Usual,ME,Share|ElectricityHV|ImportsLT,share,
image,SSP2-Base,Business As Usual,ME,Share|ElectricityHV|ImportsSI,share,
image,SSP2-Base,Business As Usual,ME,Share|ElectricityHV|ImportsIE,share,
image,SSP2-Base,Business As Usual,ME,Share|ElectricityHV|ImportsBE,share,
image,SSP2-Base,Business As Usual,ME,Share|ElectricityHV|ImportsRS,share,
image,SSP2-Base,Business As Usual,ME,Share|ElectricityHV|ImportsRO,share,
image,SSP2-Base,Business As Usual,ME,Share|ElectricityHV|ImportsNL,share,
image,SSP2-Base,Business As Usual,ME,Share|ElectricityHV|ImportsUA,share,
image,SSP2-Base,Business As Usual,ME,Share|ElectricityHV|ImportsPL,share,
image,SSP2-Base,Business As Usual,ME,Share|ElectricityHV|ImportsFR,share,
image,SSP2-Base,Business As Usual,ME,Share|ElectricityHV|ImportsGB,share,
image,SSP2-Base,Business As Usual,ME,Share|ElectricityHV|ImportsNO,share,
image,SSP2-Base,Business As Usual,ME,Share|ElectricityHV|ImportsCZ,share,
image,SSP2-Base,Business As Usual,ME,Share|ElectricityHV|ImportsMT,share,
image,SSP2-Base,Business As Usual,ME,Share|ElectricityHV|ImportsDK,share,
image,SSP2-Base,Business As Usual,ME,Share|ElectricityHV|ImportsIT,share,
image,SSP2-Base,Business As Usual,ME,Share|ElectricityHV|ImportsLV,share,
image,SSP2-Base,Business As Usual,ME,Share|ElectricityHV|ImportsDE,share,
image,SSP2-Base,Business As Usual,ME,Share|ElectricityHV|ImportsPT,share,
image,SSP2-Base,Business As Usual,ME,Share|ElectricityHV|ImportsFI,share,
image,SSP2-Base,Business As Usual,ME,Share|ElectricityHV|ImportsBY,share,
image,SSP2-Base,Business As Usual,ME,Share|ElectricityHV|ImportsGI,share,
image,SSP2-Base,Business As Usual,ME,Share|ElectricityHV|ImportsAL,share,
image,SSP2-Base,Business As Usual,ME,Share|ElectricityHV|ImportsHU,share,
image,SSP2-Base,Business As Usual,ME,Share|ElectricityHV|ImportsCH,share,
image,SSP2-Base,Business As Usual,ME,Share|ElectricityMV|TransformationHVMV,share,
image,SSP2-Base,Business As Usual,ME,Share|ElectricityMV|SolarPVRoofCommercial,share,
image,SSP2-Base,Business As Usual,ME,Share|ElectricityMV|Waste,share,
image,SSP2-Base,Business As Usual,ME,Share|ElectricityLV|TransformationMVLV,share,
image,SSP2-Base,Business As Usual,ME,Share|ElectricityLV|BatteryChemical,share,
image,SSP2-Base,Business As Usual,ME,Share|ElectricityLV|SolarPVRoofResidential,share,
image,SSP2-Base,Business As Usual,LT,Share|ElectricityHV|Coal,share,
image,SSP2-Base,Business As Usual,LT,Share|ElectricityHV|CombinedCycle,share,
image,SSP2-Base,Business As Usual,LT,Share|ElectricityHV|GasTurbine,share,
image,SSP2-Base,Business As Usual,LT,Share|ElectricityHV|CogenerationGas,share,
image,SSP2-Base,Business As Usual,LT,Share|ElectricityHV|Nuclear,share,
image,SSP2-Base,Business As Usual,LT,Share|ElectricityHV|Oil,share,
image,SSP2-Base,Business As Usual,LT,Share|ElectricityHV|Geothermal,share,
image,SSP2-Base,Business As Usual,LT,Share|ElectricityHV|HydroRunofRiver,share,
image,SSP2-Base,Business As Usual,LT,Share|ElectricityHV|HydroReservoir,share,
image,SSP2-Base,Business As Usual,LT,Share|ElectricityHV|Biomass,share,
image,SSP2-Base,Business As Usual,LT,Share|ElectricityHV|Biogas,share,
image,SSP2-Base,Business As Usual,LT,Share|ElectricityHV|WindOnshore,share,
image,SSP2-Base,Business As Usual,LT,Share|ElectricityHV|WindOffshore,share,
image,SSP2-Base,Business As Usual,LT,Share|ElectricityHV|SolarThermal,share,
image,SSP2-Base,Business As Usual,LT,Share|ElectricityHV|SolarPVOpen,share,
image,SSP2-Base,Business As Usual,LT,Share|ElectricityHV|Hydrogen,share,
image,SSP2-Base,Business As Usual,LT,Share|ElectricityHV|BatteryHydro,share,
image,SSP2-Base,Business As Usual,LT,Share|ElectricityHV|ImportsES,share,
image,SSP2-Base,Business As Usual,LT,Share|ElectricityHV|ImportsBG,share,
image,SSP2-Base,Business As Usual,LT,Share|ElectricityHV|ImportsSE,share,
image,SSP2-Base,Business As Usual,LT,Share|ElectricityHV|ImportsAT,share,
image,SSP2-Base,Business As Usual,LT,Share|ElectricityHV|ImportsMK,share,
image,SSP2-Base,Business As Usual,LT,Share|ElectricityHV|ImportsMD,share,
image,SSP2-Base,Business As Usual,LT,Share|ElectricityHV|ImportsHR,share,
image,SSP2-Base,Business As Usual,LT,Share|ElectricityHV|ImportsXK,share,
image,SSP2-Base,Business As Usual,LT,Share|ElectricityHV|ImportsLU,share,
image,SSP2-Base,Business As Usual,LT,Share|ElectricityHV|ImportsGR,share,
image,SSP2-Base,Business As Usual,LT,Share|ElectricityHV|ImportsIS,share,
image,SSP2-Base,Business As Usual,LT,Share|ElectricityHV|ImportsBA,share,
image,SSP2-Base,Business As Usual,LT,Share|ElectricityHV|ImportsEE,share,
image,SSP2-Base,Business As Usual,LT,Share|ElectricityHV|ImportsSK,share,
image,SSP2-Base,Business As Usual,LT,Share|ElectricityHV|ImportsME,share,
image,SSP2-Base,Business As Usual,LT,Share|ElectricityHV|ImportsLT,share,
image,SSP2-Base,Business As Usual,LT,Share|ElectricityHV|ImportsSI,share,
image,SSP2-Base,Business As Usual,LT,Share|ElectricityHV|ImportsIE,share,
image,SSP2-Base,Business As Usual,LT,Share|ElectricityHV|ImportsBE,share,
image,SSP2-Base,Business As Usual,LT,Share|ElectricityHV|ImportsRS,share,
image,SSP2-Base,Business As Usual,LT,Share|ElectricityHV|ImportsRO,share,
image,SSP2-Base,Business As Usual,LT,Share|ElectricityHV|ImportsNL,share,
image,SSP2-Base,Business As Usual,LT,Share|ElectricityHV|ImportsUA,share,
image,SSP2-Base,Business As Usual,LT,Share|ElectricityHV|ImportsPL,share,
image,SSP2-Base,Business As Usual,LT,Share|ElectricityHV|ImportsFR,share,
image,SSP2-Base,Business As Usual,LT,Share|ElectricityHV|ImportsGB,share,
image,SSP2-Base,Business As Usual,LT,Share|ElectricityHV|ImportsNO,share,
image,SSP2-Base,Business As Usual,LT,Share|ElectricityHV|ImportsCZ,share,
image,SSP2-Base,Business As Usual,LT,Share|ElectricityHV|ImportsMT,share,
image,SSP2-Base,Business As Usual,LT,Share|ElectricityHV|ImportsDK,share,
image,SSP2-Base,Business As Usual,LT,Share|ElectricityHV|ImportsIT,share,
image,SSP2-Base,Business As Usual,LT,Share|ElectricityHV|ImportsLV,share,
image,SSP2-Base,Business As Usual,LT,Share|ElectricityHV|ImportsDE,share,
image,SSP2-Base,Business As Usual,LT,Share|ElectricityHV|ImportsPT,share,
image,SSP2-Base,Business As Usual,LT,Share|ElectricityHV|ImportsFI,share,
image,SSP2-Base,Business As Usual,LT,Share|ElectricityHV|ImportsBY,share,
image,SSP2-Base,Business As Usual,LT,Share|ElectricityHV|ImportsGI,share,
image,SSP2-Base,Business As Usual,LT,Share|ElectricityHV|ImportsAL,share,
image,SSP2-Base,Business As Usual,LT,Share|ElectricityHV|ImportsHU,share,
image,SSP2-Base,Business As Usual,LT,Share|ElectricityHV|ImportsCH,share,
image,SSP2-Base,Business As Usual,LT,Share|ElectricityMV|TransformationHVMV,share,
image,SSP2-Base,Business As Usual,LT,Share|ElectricityMV|SolarPVRoofCommercial,share,
image,SSP2-Base,Business As Usual,LT,Share|ElectricityMV|Waste,share,
image,SSP2-Base,Business As Usual,LT,Share|ElectricityLV|TransformationMVLV,share,
image,SSP2-Base,Business As Usual,LT,Share|ElectricityLV|BatteryChemical,share,
image,SSP2-Base,Business As Usual,LT,Share|ElectricityLV|SolarPVRoofResidential,share,
image,SSP2-Base,Business As Usual,SI,Share|ElectricityHV|Coal,share,
image,SSP2-Base,Business As Usual,SI,Share|ElectricityHV|CombinedCycle,share,
image,SSP2-Base,Business As Usual,SI,Share|ElectricityHV|GasTurbine,share,
image,SSP2-Base,Business As Usual,SI,Share|ElectricityHV|CogenerationGas,share,
image,SSP2-Base,Business As Usual,SI,Share|ElectricityHV|Nuclear,share,
image,SSP2-Base,Business As Usual,SI,Share|ElectricityHV|Oil,share,
image,SSP2-Base,Business As Usual,SI,Share|ElectricityHV|Geothermal,share,
image,SSP2-Base,Business As Usual,SI,Share|ElectricityHV|HydroRunofRiver,share,
image,SSP2-Base,Business As Usual,SI,Share|ElectricityHV|HydroReservoir,share,
image,SSP2-Base,Business As Usual,SI,Share|ElectricityHV|Biomass,share,
image,SSP2-Base,Business As Usual,SI,Share|ElectricityHV|Biogas,share,
image,SSP2-Base,Business As Usual,SI,Share|ElectricityHV|WindOnshore,share,
image,SSP2-Base,Business As Usual,SI,Share|ElectricityHV|WindOffshore,share,
image,SSP2-Base,Business As Usual,SI,Share|ElectricityHV|SolarThermal,share,
image,SSP2-Base,Business As Usual,SI,Share|ElectricityHV|SolarPVOpen,share,
image,SSP2-Base,Business As Usual,SI,Share|ElectricityHV|Hydrogen,share,
image,SSP2-Base,Business As Usual,SI,Share|ElectricityHV|BatteryHydro,share,
image,SSP2-Base,Business As Usual,SI,Share|ElectricityHV|ImportsES,share,
image,SSP2-Base,Business As Usual,SI,Share|ElectricityHV|ImportsBG,share,
image,SSP2-Base,Business As Usual,SI,Share|ElectricityHV|ImportsSE,share,
image,SSP2-Base,Business As Usual,SI,Share|ElectricityHV|ImportsAT,share,
image,SSP2-Base,Business As Usual,SI,Share|ElectricityHV|ImportsMK,share,
image,SSP2-Base,Business As Usual,SI,Share|ElectricityHV|ImportsMD,share,
image,SSP2-Base,Business As Usual,SI,Share|ElectricityHV|ImportsHR,share,
image,SSP2-Base,Business As Usual,SI,Share|ElectricityHV|ImportsXK,share,
image,SSP2-Base,Business As Usual,SI,Share|ElectricityHV|ImportsLU,share,
image,SSP2-Base,Business As Usual,SI,Share|ElectricityHV|ImportsGR,share,
image,SSP2-Base,Business As Usual,SI,Share|ElectricityHV|ImportsIS,share,
image,SSP2-Base,Business As Usual,SI,Share|ElectricityHV|ImportsBA,share,
image,SSP2-Base,Business As Usual,SI,Share|ElectricityHV|ImportsEE,share,
image,SSP2-Base,Business As Usual,SI,Share|ElectricityHV|ImportsSK,share,
image,SSP2-Base,Business As Usual,SI,Share|ElectricityHV|ImportsME,share,
image,SSP2-Base,Business As Usual,SI,Share|ElectricityHV|ImportsLT,share,
image,SSP2-Base,Business As Usual,SI,Share|ElectricityHV|ImportsSI,share,
image,SSP2-Base,Business As Usual,SI,Share|ElectricityHV|ImportsIE,share,
image,SSP2-Base,Business As Usual,SI,Share|ElectricityHV|ImportsBE,share,
image,SSP2-Base,Business As Usual,SI,Share|ElectricityHV|ImportsRS,share,
image,SSP2-Base,Business As Usual,SI,Share|ElectricityHV|ImportsRO,share,
image,SSP2-Base,Business As Usual,SI,Share|ElectricityHV|ImportsNL,share,
image,SSP2-Base,Business As Usual,SI,Share|ElectricityHV|ImportsUA,share,
image,SSP2-Base,Business As Usual,SI,Share|ElectricityHV|ImportsPL,share,
image,SSP2-Base,Business As Usual,SI,Share|ElectricityHV|ImportsFR,share,
image,SSP2-Base,Business As Usual,SI,Share|ElectricityHV|ImportsGB,share,
image,SSP2-Base,Business As Usual,SI,Share|ElectricityHV|ImportsNO,share,
image,SSP2-Base,Business As Usual,SI,Share|ElectricityHV|ImportsCZ,share,
image,SSP2-Base,Business As Usual,SI,Share|ElectricityHV|ImportsMT,share,
image,SSP2-Base,Business As Usual,SI,Share|ElectricityHV|ImportsDK,share,
image,SSP2-Base,Business As Usual,SI,Share|ElectricityHV|ImportsIT,share,
image,SSP2-Base,Business As Usual,SI,Share|ElectricityHV|ImportsLV,share,
image,SSP2-Base,Business As Usual,SI,Share|ElectricityHV|ImportsDE,share,
image,SSP2-Base,Business As Usual,SI,Share|ElectricityHV|ImportsPT,share,
image,SSP2-Base,Business As Usual,SI,Share|ElectricityHV|ImportsFI,share,
image,SSP2-Base,Business As Usual,SI,Share|ElectricityHV|ImportsBY,share,
image,SSP2-Base,Business As Usual,SI,Share|ElectricityHV|ImportsGI,share,
image,SSP2-Base,Business As Usual,SI,Share|ElectricityHV|ImportsAL,share,
image,SSP2-Base,Business As Usual,SI,Share|ElectricityHV|ImportsHU,share,
image,SSP2-Base,Business As Usual,SI,Share|ElectricityHV|ImportsCH,share,
image,SSP2-Base,Business As Usual,SI,Share|ElectricityMV|TransformationHVMV,share,
image,SSP2-Base,Business As Usual,SI,Share|ElectricityMV|SolarPVRoofCommercial,share,
image,SSP2-Base,Business As Usual,SI,Share|ElectricityMV|Waste,share,
image,SSP2-Base,Business As Usual,SI,Share|ElectricityLV|TransformationMVLV,share,
image,SSP2-Base,Business As Usual,SI,Share|ElectricityLV|BatteryChemical,share,
image,SSP2-Base,Business As Usual,SI,Share|ElectricityLV|SolarPVRoofResidential,share,
image,SSP2-Base,Business As Usual,IE,Share|ElectricityHV|Coal,share,
image,SSP2-Base,Business As Usual,IE,Share|ElectricityHV|CombinedCycle,share,
image,SSP2-Base,Business As Usual,IE,Share|ElectricityHV|GasTurbine,share,
image,SSP2-Base,Business As Usual,IE,Share|ElectricityHV|CogenerationGas,share,
image,SSP2-Base,Business As Usual,IE,Share|ElectricityHV|Nuclear,share,
image,SSP2-Base,Business As Usual,IE,Share|ElectricityHV|Oil,share,
image,SSP2-Base,Business As Usual,IE,Share|ElectricityHV|Geothermal,share,
image,SSP2-Base,Business As Usual,IE,Share|ElectricityHV|HydroRunofRiver,share,
image,SSP2-Base,Business As Usual,IE,Share|ElectricityHV|HydroReservoir,share,
image,SSP2-Base,Business As Usual,IE,Share|ElectricityHV|Biomass,share,
image,SSP2-Base,Business As Usual,IE,Share|ElectricityHV|Biogas,share,
image,SSP2-Base,Business As Usual,IE,Share|ElectricityHV|WindOnshore,share,
image,SSP2-Base,Business As Usual,IE,Share|ElectricityHV|WindOffshore,share,
image,SSP2-Base,Business As Usual,IE,Share|ElectricityHV|SolarThermal,share,
image,SSP2-Base,Business As Usual,IE,Share|ElectricityHV|SolarPVOpen,share,
image,SSP2-Base,Business As Usual,IE,Share|ElectricityHV|Hydrogen,share,
image,SSP2-Base,Business As Usual,IE,Share|ElectricityHV|BatteryHydro,share,
image,SSP2-Base,Business As Usual,IE,Share|ElectricityHV|ImportsES,share,
image,SSP2-Base,Business As Usual,IE,Share|ElectricityHV|ImportsBG,share,
image,SSP2-Base,Business As Usual,IE,Share|ElectricityHV|ImportsSE,share,
image,SSP2-Base,Business As Usual,IE,Share|ElectricityHV|ImportsAT,share,
image,SSP2-Base,Business As Usual,IE,Share|ElectricityHV|ImportsMK,share,
image,SSP2-Base,Business As Usual,IE,Share|ElectricityHV|ImportsMD,share,
image,SSP2-Base,Business As Usual,IE,Share|ElectricityHV|ImportsHR,share,
image,SSP2-Base,Business As Usual,IE,Share|ElectricityHV|ImportsXK,share,
image,SSP2-Base,Business As Usual,IE,Share|ElectricityHV|ImportsLU,share,
image,SSP2-Base,Business As Usual,IE,Share|ElectricityHV|ImportsGR,share,
image,SSP2-Base,Business As Usual,IE,Share|ElectricityHV|ImportsIS,share,
image,SSP2-Base,Business As Usual,IE,Share|ElectricityHV|ImportsBA,share,
image,SSP2-Base,Business As Usual,IE,Share|ElectricityHV|ImportsEE,share,
image,SSP2-Base,Business As Usual,IE,Share|ElectricityHV|ImportsSK,share,
image,SSP2-Base,Business As Usual,IE,Share|ElectricityHV|ImportsME,share,
image,SSP2-Base,Business As Usual,IE,Share|ElectricityHV|ImportsLT,share,
image,SSP2-Base,Business As Usual,IE,Share|ElectricityHV|ImportsSI,share,
image,SSP2-Base,Business As Usual,IE,Share|ElectricityHV|ImportsIE,share,
image,SSP2-Base,Business As Usual,IE,Share|ElectricityHV|ImportsBE,share,
image,SSP2-Base,Business As Usual,IE,Share|ElectricityHV|ImportsRS,share,
image,SSP2-Base,Business As Usual,IE,Share|ElectricityHV|ImportsRO,share,
image,SSP2-Base,Business As Usual,IE,Share|ElectricityHV|ImportsNL,share,
image,SSP2-Base,Business As Usual,IE,Share|ElectricityHV|ImportsUA,share,
image,SSP2-Base,Business As Usual,IE,Share|ElectricityHV|ImportsPL,share,
image,SSP2-Base,Business As Usual,IE,Share|ElectricityHV|ImportsFR,share,
image,SSP2-Base,Business As Usual,IE,Share|ElectricityHV|ImportsGB,share,
image,SSP2-Base,Business As Usual,IE,Share|ElectricityHV|ImportsNO,share,
image,SSP2-Base,Business As Usual,IE,Share|ElectricityHV|ImportsCZ,share,
image,SSP2-Base,Business As Usual,IE,Share|ElectricityHV|ImportsMT,share,
image,SSP2-Base,Business As Usual,IE,Share|ElectricityHV|ImportsDK,share,
image,SSP2-Base,Business As Usual,IE,Share|ElectricityHV|ImportsIT,share,
image,SSP2-Base,Business As Usual,IE,Share|ElectricityHV|ImportsLV,share,
image,SSP2-Base,Business As Usual,IE,Share|ElectricityHV|ImportsDE,share,
image,SSP2-Base,Business As Usual,IE,Share|ElectricityHV|ImportsPT,share,
image,SSP2-Base,Business As Usual,IE,Share|ElectricityHV|ImportsFI,share,
image,SSP2-Base,Business As Usual,IE,Share|ElectricityHV|ImportsBY,share,
image,SSP2-Base,Business As Usual,IE,Share|ElectricityHV|ImportsGI,share,
image,SSP2-Base,Business As Usual,IE,Share|ElectricityHV|ImportsAL,share,
image,SSP2-Base,Business As Usual,IE,Share|ElectricityHV|ImportsHU,share,
image,SSP2-Base,Business As Usual,IE,Share|ElectricityHV|ImportsCH,share,
image,SSP2-Base,Business As Usual,IE,Share|ElectricityMV|TransformationHVMV,share,
image,SSP2-Base,Business As Usual,IE,Share|ElectricityMV|SolarPVRoofCommercial,share,
image,SSP2-Base,Business As Usual,IE,Share|ElectricityMV|Waste,share,
image,SSP2-Base,Business As Usual,IE,Share|ElectricityLV|TransformationMVLV,share,
image,SSP2-Base,Business As Usual,IE,Share|ElectricityLV|BatteryChemical,share,
image,SSP2-Base,Business As Usual,IE,Share|ElectricityLV|SolarPVRoofResidential,share,
image,SSP2-Base,Business As Usual,BE,Share|ElectricityHV|Coal,share,
image,SSP2-Base,Business As Usual,BE,Share|ElectricityHV|CombinedCycle,share,
image,SSP2-Base,Business As Usual,BE,Share|ElectricityHV|GasTurbine,share,
image,SSP2-Base,Business As Usual,BE,Share|ElectricityHV|CogenerationGas,share,
image,SSP2-Base,Business As Usual,BE,Share|ElectricityHV|Nuclear,share,
image,SSP2-Base,Business As Usual,BE,Share|ElectricityHV|Oil,share,
image,SSP2-Base,Business As Usual,BE,Share|ElectricityHV|Geothermal,share,
image,SSP2-Base,Business As Usual,BE,Share|ElectricityHV|HydroRunofRiver,share,
image,SSP2-Base,Business As Usual,BE,Share|ElectricityHV|HydroReservoir,share,
image,SSP2-Base,Business As Usual,BE,Share|ElectricityHV|Biomass,share,
image,SSP2-Base,Business As Usual,BE,Share|ElectricityHV|Biogas,share,
image,SSP2-Base,Business As Usual,BE,Share|ElectricityHV|WindOnshore,share,
image,SSP2-Base,Business As Usual,BE,Share|ElectricityHV|WindOffshore,share,
image,SSP2-Base,Business As Usual,BE,Share|ElectricityHV|SolarThermal,share,
image,SSP2-Base,Business As Usual,BE,Share|ElectricityHV|SolarPVOpen,share,
image,SSP2-Base,Business As Usual,BE,Share|ElectricityHV|Hydrogen,share,
image,SSP2-Base,Business As Usual,BE,Share|ElectricityHV|BatteryHydro,share,
image,SSP2-Base,Business As Usual,BE,Share|ElectricityHV|ImportsES,share,
image,SSP2-Base,Business As Usual,BE,Share|ElectricityHV|ImportsBG,share,
image,SSP2-Base,Business As Usual,BE,Share|ElectricityHV|ImportsSE,share,
image,SSP2-Base,Business As Usual,BE,Share|ElectricityHV|ImportsAT,share,
image,SSP2-Base,Business As Usual,BE,Share|ElectricityHV|ImportsMK,share,
image,SSP2-Base,Business As Usual,BE,Share|ElectricityHV|ImportsMD,share,
image,SSP2-Base,Business As Usual,BE,Share|ElectricityHV|ImportsHR,share,
image,SSP2-Base,Business As Usual,BE,Share|ElectricityHV|ImportsXK,share,
image,SSP2-Base,Business As Usual,BE,Share|ElectricityHV|ImportsLU,share,
image,SSP2-Base,Business As Usual,BE,Share|ElectricityHV|ImportsGR,share,
image,SSP2-Base,Business As Usual,BE,Share|ElectricityHV|ImportsIS,share,
image,SSP2-Base,Business As Usual,BE,Share|ElectricityHV|ImportsBA,share,
image,SSP2-Base,Business As Usual,BE,Share|ElectricityHV|ImportsEE,share,
image,SSP2-Base,Business As Usual,BE,Share|ElectricityHV|ImportsSK,share,
image,SSP2-Base,Business As Usual,BE,Share|ElectricityHV|ImportsME,share,
image,SSP2-Base,Business As Usual,BE,Share|ElectricityHV|ImportsLT,share,
image,SSP2-Base,Business As Usual,BE,Share|ElectricityHV|ImportsSI,share,
image,SSP2-Base,Business As Usual,BE,Share|ElectricityHV|ImportsIE,share,
image,SSP2-Base,Business As Usual,BE,Share|ElectricityHV|ImportsBE,share,
image,SSP2-Base,Business As Usual,BE,Share|ElectricityHV|ImportsRS,share,
image,SSP2-Base,Business As Usual,BE,Share|ElectricityHV|ImportsRO,share,
image,SSP2-Base,Business As Usual,BE,Share|ElectricityHV|ImportsNL,share,
image,SSP2-Base,Business As Usual,BE,Share|ElectricityHV|ImportsUA,share,
image,SSP2-Base,Business As Usual,BE,Share|ElectricityHV|ImportsPL,share,
image,SSP2-Base,Business As Usual,BE,Share|ElectricityHV|ImportsFR,share,
image,SSP2-Base,Business As Usual,BE,Share|ElectricityHV|ImportsGB,share,
image,SSP2-Base,Business As Usual,BE,Share|ElectricityHV|ImportsNO,share,
image,SSP2-Base,Business As Usual,BE,Share|ElectricityHV|ImportsCZ,share,
image,SSP2-Base,Business As Usual,BE,Share|ElectricityHV|ImportsMT,share,
image,SSP2-Base,Business As Usual,BE,Share|ElectricityHV|ImportsDK,share,
image,SSP2-Base,Business As Usual,BE,Share|ElectricityHV|ImportsIT,share,
image,SSP2-Base,Business As Usual,BE,Share|ElectricityHV|ImportsLV,share,
image,SSP2-Base,Business As Usual,BE,Share|ElectricityHV|ImportsDE,share,
image,SSP2-Base,Business As Usual,BE,Share|ElectricityHV|ImportsPT,share,
image,SSP2-Base,Business As Usual,BE,Share|ElectricityHV|ImportsFI,share,
image,SSP2-Base,Business As Usual,BE,Share|ElectricityHV|ImportsBY,share,
image,SSP2-Base,Business As Usual,BE,Share|ElectricityHV|ImportsGI,share,
image,SSP2-Base,Business As Usual,BE,Share|ElectricityHV|ImportsAL,share,
image,SSP2-Base,Business As Usual,BE,Share|ElectricityHV|ImportsHU,share,
image,SSP2-Base,Business As Usual,BE,Share|ElectricityHV|ImportsCH,share,
image,SSP2-Base,Business As Usual,BE,Share|ElectricityMV|TransformationHVMV,share,
image,SSP2-Base,Business As Usual,BE,Share|ElectricityMV|SolarPVRoofCommercial,share,
image,SSP2-Base,Business As Usual,BE,Share|ElectricityMV|Waste,share,
image,SSP2-Base,Business As Usual,BE,Share|ElectricityLV|TransformationMVLV,share,
image,SSP2-Base,Business As Usual,BE,Share|ElectricityLV|BatteryChemical,share,
image,SSP2-Base,Business As Usual,BE,Share|ElectricityLV|SolarPVRoofResidential,share,
image,SSP2-Base,Business As Usual,RS,Share|ElectricityHV|Coal,share,
image,SSP2-Base,Business As Usual,RS,Share|ElectricityHV|CombinedCycle,share,
image,SSP2-Base,Business As Usual,RS,Share|ElectricityHV|GasTurbine,share,
image,SSP2-Base,Business As Usual,RS,Share|ElectricityHV|CogenerationGas,share,
image,SSP2-Base,Business As Usual,RS,Share|ElectricityHV|Nuclear,share,
image,SSP2-Base,Business As Usual,RS,Share|ElectricityHV|Oil,share,
image,SSP2-Base,Business As Usual,RS,Share|ElectricityHV|Geothermal,share,
image,SSP2-Base,Business As Usual,RS,Share|ElectricityHV|HydroRunofRiver,share,
image,SSP2-Base,Business As Usual,RS,Share|ElectricityHV|HydroReservoir,share,
image,SSP2-Base,Business As Usual,RS,Share|ElectricityHV|Biomass,share,
image,SSP2-Base,Business As Usual,RS,Share|ElectricityHV|Biogas,share,
image,SSP2-Base,Business As Usual,RS,Share|ElectricityHV|WindOnshore,share,
image,SSP2-Base,Business As Usual,RS,Share|ElectricityHV|WindOffshore,share,
image,SSP2-Base,Business As Usual,RS,Share|ElectricityHV|SolarThermal,share,
image,SSP2-Base,Business As Usual,RS,Share|ElectricityHV|SolarPVOpen,share,
image,SSP2-Base,Business As Usual,RS,Share|ElectricityHV|Hydrogen,share,
image,SSP2-Base,Business As Usual,RS,Share|ElectricityHV|BatteryHydro,share,
image,SSP2-Base,Business As Usual,RS,Share|ElectricityHV|ImportsES,share,
image,SSP2-Base,Business As Usual,RS,Share|ElectricityHV|ImportsBG,share,
image,SSP2-Base,Business As Usual,RS,Share|ElectricityHV|ImportsSE,share,
image,SSP2-Base,Business As Usual,RS,Share|ElectricityHV|ImportsAT,share,
image,SSP2-Base,Business As Usual,RS,Share|ElectricityHV|ImportsMK,share,
image,SSP2-Base,Business As Usual,RS,Share|ElectricityHV|ImportsMD,share,
image,SSP2-Base,Business As Usual,RS,Share|ElectricityHV|ImportsHR,share,
image,SSP2-Base,Business As Usual,RS,Share|ElectricityHV|ImportsXK,share,
image,SSP2-Base,Business As Usual,RS,Share|ElectricityHV|ImportsLU,share,
image,SSP2-Base,Business As Usual,RS,Share|ElectricityHV|ImportsGR,share,
image,SSP2-Base,Business As Usual,RS,Share|ElectricityHV|ImportsIS,share,
image,SSP2-Base,Business As Usual,RS,Share|ElectricityHV|ImportsBA,share,
image,SSP2-Base,Business As Usual,RS,Share|ElectricityHV|ImportsEE,share,
image,SSP2-Base,Business As Usual,RS,Share|ElectricityHV|ImportsSK,share,
image,SSP2-Base,Business As Usual,RS,Share|ElectricityHV|ImportsME,share,
image,SSP2-Base,Business As Usual,RS,Share|ElectricityHV|ImportsLT,share,
image,SSP2-Base,Business As Usual,RS,Share|ElectricityHV|ImportsSI,share,
image,SSP2-Base,Business As Usual,RS,Share|ElectricityHV|ImportsIE,share,
image,SSP2-Base,Business As Usual,RS,Share|ElectricityHV|ImportsBE,share,
image,SSP2-Base,Business As Usual,RS,Share|ElectricityHV|ImportsRS,share,
image,SSP2-Base,Business As Usual,RS,Share|ElectricityHV|ImportsRO,share,
image,SSP2-Base,Business As Usual,RS,Share|ElectricityHV|ImportsNL,share,
image,SSP2-Base,Business As Usual,RS,Share|ElectricityHV|ImportsUA,share,
image,SSP2-Base,Business As Usual,RS,Share|ElectricityHV|ImportsPL,share,
image,SSP2-Base,Business As Usual,RS,Share|ElectricityHV|ImportsFR,share,
image,SSP2-Base,Business As Usual,RS,Share|ElectricityHV|ImportsGB,share,
image,SSP2-Base,Business As Usual,RS,Share|ElectricityHV|ImportsNO,share,
image,SSP2-Base,Business As Usual,RS,Share|ElectricityHV|ImportsCZ,share,
image,SSP2-Base,Business As Usual,RS,Share|ElectricityHV|ImportsMT,share,
image,SSP2-Base,Business As Usual,RS,Share|ElectricityHV|ImportsDK,share,
image,SSP2-Base,Business As Usual,RS,Share|ElectricityHV|ImportsIT,share,
image,SSP2-Base,Business As Usual,RS,Share|ElectricityHV|ImportsLV,share,
image,SSP2-Base,Business As Usual,RS,Share|ElectricityHV|ImportsDE,share,
image,SSP2-Base,Business As Usual,RS,Share|ElectricityHV|ImportsPT,share,
image,SSP2-Base,Business As Usual,RS,Share|ElectricityHV|ImportsFI,share,
image,SSP2-Base,Business As Usual,RS,Share|ElectricityHV|ImportsBY,share,
image,SSP2-Base,Business As Usual,RS,Share|ElectricityHV|ImportsGI,share,
image,SSP2-Base,Business As Usual,RS,Share|ElectricityHV|ImportsAL,share,
image,SSP2-Base,Business As Usual,RS,Share|ElectricityHV|ImportsHU,share,
image,SSP2-Base,Business As Usual,RS,Share|ElectricityHV|ImportsCH,share,
image,SSP2-Base,Business As Usual,RS,Share|ElectricityMV|TransformationHVMV,share,
image,SSP2-Base,Business As Usual,RS,Share|ElectricityMV|SolarPVRoofCommercial,share,
image,SSP2-Base,Business As Usual,RS,Share|ElectricityMV|Waste,share,
image,SSP2-Base,Business As Usual,RS,Share|ElectricityLV|TransformationMVLV,share,
image,SSP2-Base,Business As Usual,RS,Share|ElectricityLV|BatteryChemical,share,
image,SSP2-Base,Business As Usual,RS,Share|ElectricityLV|SolarPVRoofResidential,share,
image,SSP2-Base,Business As Usual,RO,Share|ElectricityHV|Coal,share,
image,SSP2-Base,Business As Usual,RO,Share|ElectricityHV|CombinedCycle,share,
image,SSP2-Base,Business As Usual,RO,Share|ElectricityHV|GasTurbine,share,
image,SSP2-Base,Business As Usual,RO,Share|ElectricityHV|CogenerationGas,share,
image,SSP2-Base,Business As Usual,RO,Share|ElectricityHV|Nuclear,share,
image,SSP2-Base,Business As Usual,RO,Share|ElectricityHV|Oil,share,
image,SSP2-Base,Business As Usual,RO,Share|ElectricityHV|Geothermal,share,
image,SSP2-Base,Business As Usual,RO,Share|ElectricityHV|HydroRunofRiver,share,
image,SSP2-Base,Business As Usual,RO,Share|ElectricityHV|HydroReservoir,share,
image,SSP2-Base,Business As Usual,RO,Share|ElectricityHV|Biomass,share,
image,SSP2-Base,Business As Usual,RO,Share|ElectricityHV|Biogas,share,
image,SSP2-Base,Business As Usual,RO,Share|ElectricityHV|WindOnshore,share,
image,SSP2-Base,Business As Usual,RO,Share|ElectricityHV|WindOffshore,share,
image,SSP2-Base,Business As Usual,RO,Share|ElectricityHV|SolarThermal,share,
image,SSP2-Base,Business As Usual,RO,Share|ElectricityHV|SolarPVOpen,share,
image,SSP2-Base,Business As Usual,RO,Share|ElectricityHV|Hydrogen,share,
image,SSP2-Base,Business As Usual,RO,Share|ElectricityHV|BatteryHydro,share,
image,SSP2-Base,Business As Usual,RO,Share|ElectricityHV|ImportsES,share,
image,SSP2-Base,Business As Usual,RO,Share|ElectricityHV|ImportsBG,share,
image,SSP2-Base,Business As Usual,RO,Share|ElectricityHV|ImportsSE,share,
image,SSP2-Base,Business As Usual,RO,Share|ElectricityHV|ImportsAT,share,
image,SSP2-Base,Business As Usual,RO,Share|ElectricityHV|ImportsMK,share,
image,SSP2-Base,Business As Usual,RO,Share|ElectricityHV|ImportsMD,share,
image,SSP2-Base,Business As Usual,RO,Share|ElectricityHV|ImportsHR,share,
image,SSP2-Base,Business As Usual,RO,Share|ElectricityHV|ImportsXK,share,
image,SSP2-Base,Business As Usual,RO,Share|ElectricityHV|ImportsLU,share,
image,SSP2-Base,Business As Usual,RO,Share|ElectricityHV|ImportsGR,share,
image,SSP2-Base,Business As Usual,RO,Share|ElectricityHV|ImportsIS,share,
image,SSP2-Base,Business As Usual,RO,Share|ElectricityHV|ImportsBA,share,
image,SSP2-Base,Business As Usual,RO,Share|ElectricityHV|ImportsEE,share,
image,SSP2-Base,Business As Usual,RO,Share|ElectricityHV|ImportsSK,share,
image,SSP2-Base,Business As Usual,RO,Share|ElectricityHV|ImportsME,share,
image,SSP2-Base,Business As Usual,RO,Share|ElectricityHV|ImportsLT,share,
image,SSP2-Base,Business As Usual,RO,Share|ElectricityHV|ImportsSI,share,
image,SSP2-Base,Business As Usual,RO,Share|ElectricityHV|ImportsIE,share,
image,SSP2-Base,Business As Usual,RO,Share|ElectricityHV|ImportsBE,share,
image,SSP2-Base,Business As Usual,RO,Share|ElectricityHV|ImportsRS,share,
image,SSP2-Base,Business As Usual,RO,Share|ElectricityHV|ImportsRO,share,
image,SSP2-Base,Business As Usual,RO,Share|ElectricityHV|ImportsNL,share,
image,SSP2-Base,Business As Usual,RO,Share|ElectricityHV|ImportsUA,share,
image,SSP2-Base,Business As Usual,RO,Share|ElectricityHV|ImportsPL,share,
image,SSP2-Base,Business As Usual,RO,Share|ElectricityHV|ImportsFR,share,
image,SSP2-Base,Business As Usual,RO,Share|ElectricityHV|ImportsGB,share,
image,SSP2-Base,Business As Usual,RO,Share|ElectricityHV|ImportsNO,share,
image,SSP2-Base,Business As Usual,RO,Share|ElectricityHV|ImportsCZ,share,
image,SSP2-Base,Business As Usual,RO,Share|ElectricityHV|ImportsMT,share,
image,SSP2-Base,Business As Usual,RO,Share|ElectricityHV|ImportsDK,share,
image,SSP2-Base,Business As Usual,RO,Share|ElectricityHV|ImportsIT,share,
image,SSP2-Base,Business As Usual,RO,Share|ElectricityHV|ImportsLV,share,
image,SSP2-Base,Business As Usual,RO,Share|ElectricityHV|ImportsDE,share,
image,SSP2-Base,Business As Usual,RO,Share|ElectricityHV|ImportsPT,share,
image,SSP2-Base,Business As Usual,RO,Share|ElectricityHV|ImportsFI,share,
image,SSP2-Base,Business As Usual,RO,Share|ElectricityHV|ImportsBY,share,
image,SSP2-Base,Business As Usual,RO,Share|ElectricityHV|ImportsGI,share,
image,SSP2-Base,Business As Usual,RO,Share|ElectricityHV|ImportsAL,share,
image,SSP2-Base,Business As Usual,RO,Share|ElectricityHV|ImportsHU,share,
image,SSP2-Base,Business As Usual,RO,Share|ElectricityHV|ImportsCH,share,
image,SSP2-Base,Business As Usual,RO,Share|ElectricityMV|TransformationHVMV,share,
image,SSP2-Base,Business As Usual,RO,Share|ElectricityMV|SolarPVRoofCommercial,share,
image,SSP2-Base,Business As Usual,RO,Share|ElectricityMV|Waste,share,
image,SSP2-Base,Business As Usual,RO,Share|ElectricityLV|TransformationMVLV,share,
image,SSP2-Base,Business As Usual,RO,Share|ElectricityLV|BatteryChemical,share,
image,SSP2-Base,Business As Usual,RO,Share|ElectricityLV|SolarPVRoofResidential,share,
image,SSP2-Base,Business As Usual,NL,Share|ElectricityHV|Coal,share,
image,SSP2-Base,Business As Usual,NL,Share|ElectricityHV|CombinedCycle,share,
image,SSP2-Base,Business As Usual,NL,Share|ElectricityHV|GasTurbine,share,
image,SSP2-Base,Business As Usual,NL,Share|ElectricityHV|CogenerationGas,share,
image,SSP2-Base,Business As Usual,NL,Share|ElectricityHV|Nuclear,share,
image,SSP2-Base,Business As Usual,NL,Share|ElectricityHV|Oil,share,
image,SSP2-Base,Business As Usual,NL,Share|ElectricityHV|Geothermal,share,
image,SSP2-Base,Business As Usual,NL,Share|ElectricityHV|HydroRunofRiver,share,
image,SSP2-Base,Business As Usual,NL,Share|ElectricityHV|HydroReservoir,share,
image,SSP2-Base,Business As Usual,NL,Share|ElectricityHV|Biomass,share,
image,SSP2-Base,Business As Usual,NL,Share|ElectricityHV|Biogas,share,
image,SSP2-Base,Business As Usual,NL,Share|ElectricityHV|WindOnshore,share,
image,SSP2-Base,Business As Usual,NL,Share|ElectricityHV|WindOffshore,share,
image,SSP2-Base,Business As Usual,NL,Share|ElectricityHV|SolarThermal,share,
image,SSP2-Base,Business As Usual,NL,Share|ElectricityHV|SolarPVOpen,share,
image,SSP2-Base,Business As Usual,NL,Share|ElectricityHV|Hydrogen,share,
image,SSP2-Base,Business As Usual,NL,Share|ElectricityHV|BatteryHydro,share,
image,SSP2-Base,Business As Usual,NL,Share|ElectricityHV|ImportsES,share,
image,SSP2-Base,Business As Usual,NL,Share|ElectricityHV|ImportsBG,share,
image,SSP2-Base,Business As Usual,NL,Share|ElectricityHV|ImportsSE,share,
image,SSP2-Base,Business As Usual,NL,Share|ElectricityHV|ImportsAT,share,
image,SSP2-Base,Business As Usual,NL,Share|ElectricityHV|ImportsMK,share,
image,SSP2-Base,Business As Usual,NL,Share|ElectricityHV|ImportsMD,share,
image,SSP2-Base,Business As Usual,NL,Share|ElectricityHV|ImportsHR,share,
image,SSP2-Base,Business As Usual,NL,Share|ElectricityHV|ImportsXK,share,
image,SSP2-Base,Business As Usual,NL,Share|ElectricityHV|ImportsLU,share,
image,SSP2-Base,Business As Usual,NL,Share|ElectricityHV|ImportsGR,share,
image,SSP2-Base,Business As Usual,NL,Share|ElectricityHV|ImportsIS,share,
image,SSP2-Base,Business As Usual,NL,Share|ElectricityHV|ImportsBA,share,
image,SSP2-Base,Business As Usual,NL,Share|ElectricityHV|ImportsEE,share,
image,SSP2-Base,Business As Usual,NL,Share|ElectricityHV|ImportsSK,share,
image,SSP2-Base,Business As Usual,NL,Share|ElectricityHV|ImportsME,share,
image,SSP2-Base,Business As Usual,NL,Share|ElectricityHV|ImportsLT,share,
image,SSP2-Base,Business As Usual,NL,Share|ElectricityHV|ImportsSI,share,
image,SSP2-Base,Business As Usual,NL,Share|ElectricityHV|ImportsIE,share,
image,SSP2-Base,Business As Usual,NL,Share|ElectricityHV|ImportsBE,share,
image,SSP2-Base,Business As Usual,NL,Share|ElectricityHV|ImportsRS,share,
image,SSP2-Base,Business As Usual,NL,Share|ElectricityHV|ImportsRO,share,
image,SSP2-Base,Business As Usual,NL,Share|ElectricityHV|ImportsNL,share,
image,SSP2-Base,Business As Usual,NL,Share|ElectricityHV|ImportsUA,share,
image,SSP2-Base,Business As Usual,NL,Share|ElectricityHV|ImportsPL,share,
image,SSP2-Base,Business As Usual,NL,Share|ElectricityHV|ImportsFR,share,
image,SSP2-Base,Business As Usual,NL,Share|ElectricityHV|ImportsGB,share,
image,SSP2-Base,Business As Usual,NL,Share|ElectricityHV|ImportsNO,share,
image,SSP2-Base,Business As Usual,NL,Share|ElectricityHV|ImportsCZ,share,
image,SSP2-Base,Business As Usual,NL,Share|ElectricityHV|ImportsMT,share,
image,SSP2-Base,Business As Usual,NL,Share|ElectricityHV|ImportsDK,share,
image,SSP2-Base,Business As Usual,NL,Share|ElectricityHV|ImportsIT,share,
image,SSP2-Base,Business As Usual,NL,Share|ElectricityHV|ImportsLV,share,
image,SSP2-Base,Business As Usual,NL,Share|ElectricityHV|ImportsDE,share,
image,SSP2-Base,Business As Usual,NL,Share|ElectricityHV|ImportsPT,share,
image,SSP2-Base,Business As Usual,NL,Share|ElectricityHV|ImportsFI,share,
image,SSP2-Base,Business As Usual,NL,Share|ElectricityHV|ImportsBY,share,
image,SSP2-Base,Business As Usual,NL,Share|ElectricityHV|ImportsGI,share,
image,SSP2-Base,Business As Usual,NL,Share|ElectricityHV|ImportsAL,share,
image,SSP2-Base,Business As Usual,NL,Share|ElectricityHV|ImportsHU,share,
image,SSP2-Base,Business As Usual,NL,Share|ElectricityHV|ImportsCH,share,
image,SSP2-Base,Business As Usual,NL,Share|ElectricityMV|TransformationHVMV,share,
image,SSP2-Base,Business As Usual,NL,Share|ElectricityMV|SolarPVRoofCommercial,share,
image,SSP2-Base,Business As Usual,NL,Share|ElectricityMV|Waste,share,
image,SSP2-Base,Business As Usual,NL,Share|ElectricityLV|TransformationMVLV,share,
image,SSP2-Base,Business As Usual,NL,Share|ElectricityLV|BatteryChemical,share,
image,SSP2-Base,Business As Usual,NL,Share|ElectricityLV|SolarPVRoofResidential,share,
image,SSP2-Base,Business As Usual,UA,Share|ElectricityHV|Coal,share,
image,SSP2-Base,Business As Usual,UA,Share|ElectricityHV|CombinedCycle,share,
image,SSP2-Base,Business As Usual,UA,Share|ElectricityHV|GasTurbine,share,
image,SSP2-Base,Business As Usual,UA,Share|ElectricityHV|CogenerationGas,share,
image,SSP2-Base,Business As Usual,UA,Share|ElectricityHV|Nuclear,share,
image,SSP2-Base,Business As Usual,UA,Share|ElectricityHV|Oil,share,
image,SSP2-Base,Business As Usual,UA,Share|ElectricityHV|Geothermal,share,
image,SSP2-Base,Business As Usual,UA,Share|ElectricityHV|HydroRunofRiver,share,
image,SSP2-Base,Business As Usual,UA,Share|ElectricityHV|HydroReservoir,share,
image,SSP2-Base,Business As Usual,UA,Share|ElectricityHV|Biomass,share,
image,SSP2-Base,Business As Usual,UA,Share|ElectricityHV|Biogas,share,
image,SSP2-Base,Business As Usual,UA,Share|ElectricityHV|WindOnshore,share,
image,SSP2-Base,Business As Usual,UA,Share|ElectricityHV|WindOffshore,share,
image,SSP2-Base,Business As Usual,UA,Share|ElectricityHV|SolarThermal,share,
image,SSP2-Base,Business As Usual,UA,Share|ElectricityHV|SolarPVOpen,share,
image,SSP2-Base,Business As Usual,UA,Share|ElectricityHV|Hydrogen,share,
image,SSP2-Base,Business As Usual,UA,Share|ElectricityHV|BatteryHydro,share,
image,SSP2-Base,Business As Usual,UA,Share|ElectricityHV|ImportsES,share,
image,SSP2-Base,Business As Usual,UA,Share|ElectricityHV|ImportsBG,share,
image,SSP2-Base,Business As Usual,UA,Share|ElectricityHV|ImportsSE,share,
image,SSP2-Base,Business As Usual,UA,Share|ElectricityHV|ImportsAT,share,
image,SSP2-Base,Business As Usual,UA,Share|ElectricityHV|ImportsMK,share,
image,SSP2-Base,Business As Usual,UA,Share|ElectricityHV|ImportsMD,share,
image,SSP2-Base,Business As Usual,UA,Share|ElectricityHV|ImportsHR,share,
image,SSP2-Base,Business As Usual,UA,Share|ElectricityHV|ImportsXK,share,
image,SSP2-Base,Business As Usual,UA,Share|ElectricityHV|ImportsLU,share,
image,SSP2-Base,Business As Usual,UA,Share|ElectricityHV|ImportsGR,share,
image,SSP2-Base,Business As Usual,UA,Share|ElectricityHV|ImportsIS,share,
image,SSP2-Base,Business As Usual,UA,Share|ElectricityHV|ImportsBA,share,
image,SSP2-Base,Business As Usual,UA,Share|ElectricityHV|ImportsEE,share,
image,SSP2-Base,Business As Usual,UA,Share|ElectricityHV|ImportsSK,share,
image,SSP2-Base,Business As Usual,UA,Share|ElectricityHV|ImportsME,share,
image,SSP2-Base,Business As Usual,UA,Share|ElectricityHV|ImportsLT,share,
image,SSP2-Base,Business As Usual,UA,Share|ElectricityHV|ImportsSI,share,
image,SSP2-Base,Business As Usual,UA,Share|ElectricityHV|ImportsIE,share,
image,SSP2-Base,Business As Usual,UA,Share|ElectricityHV|ImportsBE,share,
image,SSP2-Base,Business As Usual,UA,Share|ElectricityHV|ImportsRS,share,
image,SSP2-Base,Business As Usual,UA,Share|ElectricityHV|ImportsRO,share,
image,SSP2-Base,Business As Usual,UA,Share|ElectricityHV|ImportsNL,share,
image,SSP2-Base,Business As Usual,UA,Share|ElectricityHV|ImportsUA,share,
image,SSP2-Base,Business As Usual,UA,Share|ElectricityHV|ImportsPL,share,
image,SSP2-Base,Business As Usual,UA,Share|ElectricityHV|ImportsFR,share,
image,SSP2-Base,Business As Usual,UA,Share|ElectricityHV|ImportsGB,share,
image,SSP2-Base,Business As Usual,UA,Share|ElectricityHV|ImportsNO,share,
image,SSP2-Base,Business As Usual,UA,Share|ElectricityHV|ImportsCZ,share,
image,SSP2-Base,Business As Usual,UA,Share|ElectricityHV|ImportsMT,share,
image,SSP2-Base,Business As Usual,UA,Share|ElectricityHV|ImportsDK,share,
image,SSP2-Base,Business As Usual,UA,Share|ElectricityHV|ImportsIT,share,
image,SSP2-Base,Business As Usual,UA,Share|ElectricityHV|ImportsLV,share,
image,SSP2-Base,Business As Usual,UA,Share|ElectricityHV|ImportsDE,share,
image,SSP2-Base,Business As Usual,UA,Share|ElectricityHV|ImportsPT,share,
image,SSP2-Base,Business As Usual,UA,Share|ElectricityHV|ImportsFI,share,
image,SSP2-Base,Business As Usual,UA,Share|ElectricityHV|ImportsBY,share,
image,SSP2-Base,Business As Usual,UA,Share|ElectricityHV|ImportsGI,share,
image,SSP2-Base,Business As Usual,UA,Share|ElectricityHV|ImportsAL,share,
image,SSP2-Base,Business As Usual,UA,Share|ElectricityHV|ImportsHU,share,
image,SSP2-Base,Business As Usual,UA,Share|ElectricityHV|ImportsCH,share,
image,SSP2-Base,Business As Usual,UA,Share|ElectricityMV|TransformationHVMV,share,
image,SSP2-Base,Business As Usual,UA,Share|ElectricityMV|SolarPVRoofCommercial,share,
image,SSP2-Base,Business As Usual,UA,Share|ElectricityMV|Waste,share,
image,SSP2-Base,Business As Usual,UA,Share|ElectricityLV|TransformationMVLV,share,
image,SSP2-Base,Business As Usual,UA,Share|ElectricityLV|BatteryChemical,share,
image,SSP2-Base,Business As Usual,UA,Share|ElectricityLV|SolarPVRoofResidential,share,
image,SSP2-Base,Business As Usual,PL,Share|ElectricityHV|Coal,share,
image,SSP2-Base,Business As Usual,PL,Share|ElectricityHV|CombinedCycle,share,
image,SSP2-Base,Business As Usual,PL,Share|ElectricityHV|GasTurbine,share,
image,SSP2-Base,Business As Usual,PL,Share|ElectricityHV|CogenerationGas,share,
image,SSP2-Base,Business As Usual,PL,Share|ElectricityHV|Nuclear,share,
image,SSP2-Base,Business As Usual,PL,Share|ElectricityHV|Oil,share,
image,SSP2-Base,Business As Usual,PL,Share|ElectricityHV|Geothermal,share,
image,SSP2-Base,Business As Usual,PL,Share|ElectricityHV|HydroRunofRiver,share,
image,SSP2-Base,Business As Usual,PL,Share|ElectricityHV|HydroReservoir,share,
image,SSP2-Base,Business As Usual,PL,Share|ElectricityHV|Biomass,share,
image,SSP2-Base,Business As Usual,PL,Share|ElectricityHV|Biogas,share,
image,SSP2-Base,Business As Usual,PL,Share|ElectricityHV|WindOnshore,share,
image,SSP2-Base,Business As Usual,PL,Share|ElectricityHV|WindOffshore,share,
image,SSP2-Base,Business As Usual,PL,Share|ElectricityHV|SolarThermal,share,
image,SSP2-Base,Business As Usual,PL,Share|ElectricityHV|SolarPVOpen,share,
image,SSP2-Base,Business As Usual,PL,Share|ElectricityHV|Hydrogen,share,
image,SSP2-Base,Business As Usual,PL,Share|ElectricityHV|BatteryHydro,share,
image,SSP2-Base,Business As Usual,PL,Share|ElectricityHV|ImportsES,share,
image,SSP2-Base,Business As Usual,PL,Share|ElectricityHV|ImportsBG,share,
image,SSP2-Base,Business As Usual,PL,Share|ElectricityHV|ImportsSE,share,
image,SSP2-Base,Business As Usual,PL,Share|ElectricityHV|ImportsAT,share,
image,SSP2-Base,Business As Usual,PL,Share|ElectricityHV|ImportsMK,share,
image,SSP2-Base,Business As Usual,PL,Share|ElectricityHV|ImportsMD,share,
image,SSP2-Base,Business As Usual,PL,Share|ElectricityHV|ImportsHR,share,
image,SSP2-Base,Business As Usual,PL,Share|ElectricityHV|ImportsXK,share,
image,SSP2-Base,Business As Usual,PL,Share|ElectricityHV|ImportsLU,share,
image,SSP2-Base,Business As Usual,PL,Share|ElectricityHV|ImportsGR,share,
image,SSP2-Base,Business As Usual,PL,Share|ElectricityHV|ImportsIS,share,
image,SSP2-Base,Business As Usual,PL,Share|ElectricityHV|ImportsBA,share,
image,SSP2-Base,Business As Usual,PL,Share|ElectricityHV|ImportsEE,share,
image,SSP2-Base,Business As Usual,PL,Share|ElectricityHV|ImportsSK,share,
image,SSP2-Base,Business As Usual,PL,Share|ElectricityHV|ImportsME,share,
image,SSP2-Base,Business As Usual,PL,Share|ElectricityHV|ImportsLT,share,
image,SSP2-Base,Business As Usual,PL,Share|ElectricityHV|ImportsSI,share,
image,SSP2-Base,Business As Usual,PL,Share|ElectricityHV|ImportsIE,share,
image,SSP2-Base,Business As Usual,PL,Share|ElectricityHV|ImportsBE,share,
image,SSP2-Base,Business As Usual,PL,Share|ElectricityHV|ImportsRS,share,
image,SSP2-Base,Business As Usual,PL,Share|ElectricityHV|ImportsRO,share,
image,SSP2-Base,Business As Usual,PL,Share|ElectricityHV|ImportsNL,share,
image,SSP2-Base,Business As Usual,PL,Share|ElectricityHV|ImportsUA,share,
image,SSP2-Base,Business As Usual,PL,Share|ElectricityHV|ImportsPL,share,
image,SSP2-Base,Business As Usual,PL,Share|ElectricityHV|ImportsFR,share,
image,SSP2-Base,Business As Usual,PL,Share|ElectricityHV|ImportsGB,share,
image,SSP2-Base,Business As Usual,PL,Share|ElectricityHV|ImportsNO,share,
image,SSP2-Base,Business As Usual,PL,Share|ElectricityHV|ImportsCZ,share,
image,SSP2-Base,Business As Usual,PL,Share|ElectricityHV|ImportsMT,share,
image,SSP2-Base,Business As Usual,PL,Share|ElectricityHV|ImportsDK,share,
image,SSP2-Base,Business As Usual,PL,Share|ElectricityHV|ImportsIT,share,
image,SSP2-Base,Business As Usual,PL,Share|ElectricityHV|ImportsLV,share,
image,SSP2-Base,Business As Usual,PL,Share|ElectricityHV|ImportsDE,share,
image,SSP2-Base,Business As Usual,PL,Share|ElectricityHV|ImportsPT,share,
image,SSP2-Base,Business As Usual,PL,Share|ElectricityHV|ImportsFI,share,
image,SSP2-Base,Business As Usual,PL,Share|ElectricityHV|ImportsBY,share,
image,SSP2-Base,Business As Usual,PL,Share|ElectricityHV|ImportsGI,share,
image,SSP2-Base,Business As Usual,PL,Share|ElectricityHV|ImportsAL,share,
image,SSP2-Base,Business As Usual,PL,Share|ElectricityHV|ImportsHU,share,
image,SSP2-Base,Business As Usual,PL,Share|ElectricityHV|ImportsCH,share,
image,SSP2-Base,Business As Usual,PL,Share|ElectricityMV|TransformationHVMV,share,
image,SSP2-Base,Business As Usual,PL,Share|ElectricityMV|SolarPVRoofCommercial,share,
image,SSP2-Base,Business As Usual,PL,Share|ElectricityMV|Waste,share,
image,SSP2-Base,Business As Usual,PL,Share|ElectricityLV|TransformationMVLV,share,
image,SSP2-Base,Business As Usual,PL,Share|ElectricityLV|BatteryChemical,share,
image,SSP2-Base,Business As Usual,PL,Share|ElectricityLV|SolarPVRoofResidential,share,
image,SSP2-Base,Business As Usual,FR,Share|ElectricityHV|Coal,share,
image,SSP2-Base,Business As Usual,FR,Share|ElectricityHV|CombinedCycle,share,
image,SSP2-Base,Business As Usual,FR,Share|ElectricityHV|GasTurbine,share,
image,SSP2-Base,Business As Usual,FR,Share|ElectricityHV|CogenerationGas,share,
image,SSP2-Base,Business As Usual,FR,Share|ElectricityHV|Nuclear,share,
image,SSP2-Base,Business As Usual,FR,Share|ElectricityHV|Oil,share,
image,SSP2-Base,Business As Usual,FR,Share|ElectricityHV|Geothermal,share,
image,SSP2-Base,Business As Usual,FR,Share|ElectricityHV|HydroRunofRiver,share,
image,SSP2-Base,Business As Usual,FR,Share|ElectricityHV|HydroReservoir,share,
image,SSP2-Base,Business As Usual,FR,Share|ElectricityHV|Biomass,share,
image,SSP2-Base,Business As Usual,FR,Share|ElectricityHV|Biogas,share,
image,SSP2-Base,Business As Usual,FR,Share|ElectricityHV|WindOnshore,share,
image,SSP2-Base,Business As Usual,FR,Share|ElectricityHV|WindOffshore,share,
image,SSP2-Base,Business As Usual,FR,Share|ElectricityHV|SolarThermal,share,
image,SSP2-Base,Business As Usual,FR,Share|ElectricityHV|SolarPVOpen,share,
image,SSP2-Base,Business As Usual,FR,Share|ElectricityHV|Hydrogen,share,
image,SSP2-Base,Business As Usual,FR,Share|ElectricityHV|BatteryHydro,share,
image,SSP2-Base,Business As Usual,FR,Share|ElectricityHV|ImportsES,share,
image,SSP2-Base,Business As Usual,FR,Share|ElectricityHV|ImportsBG,share,
image,SSP2-Base,Business As Usual,FR,Share|ElectricityHV|ImportsSE,share,
image,SSP2-Base,Business As Usual,FR,Share|ElectricityHV|ImportsAT,share,
image,SSP2-Base,Business As Usual,FR,Share|ElectricityHV|ImportsMK,share,
image,SSP2-Base,Business As Usual,FR,Share|ElectricityHV|ImportsMD,share,
image,SSP2-Base,Business As Usual,FR,Share|ElectricityHV|ImportsHR,share,
image,SSP2-Base,Business As Usual,FR,Share|ElectricityHV|ImportsXK,share,
image,SSP2-Base,Business As Usual,FR,Share|ElectricityHV|ImportsLU,share,
image,SSP2-Base,Business As Usual,FR,Share|ElectricityHV|ImportsGR,share,
image,SSP2-Base,Business As Usual,FR,Share|ElectricityHV|ImportsIS,share,
image,SSP2-Base,Business As Usual,FR,Share|ElectricityHV|ImportsBA,share,
image,SSP2-Base,Business As Usual,FR,Share|ElectricityHV|ImportsEE,share,
image,SSP2-Base,Business As Usual,FR,Share|ElectricityHV|ImportsSK,share,
image,SSP2-Base,Business As Usual,FR,Share|ElectricityHV|ImportsME,share,
image,SSP2-Base,Business As Usual,FR,Share|ElectricityHV|ImportsLT,share,
image,SSP2-Base,Business As Usual,FR,Share|ElectricityHV|ImportsSI,share,
image,SSP2-Base,Business As Usual,FR,Share|ElectricityHV|ImportsIE,share,
image,SSP2-Base,Business As Usual,FR,Share|ElectricityHV|ImportsBE,share,
image,SSP2-Base,Business As Usual,FR,Share|ElectricityHV|ImportsRS,share,
image,SSP2-Base,Business As Usual,FR,Share|ElectricityHV|ImportsRO,share,
image,SSP2-Base,Business As Usual,FR,Share|ElectricityHV|ImportsNL,share,
image,SSP2-Base,Business As Usual,FR,Share|ElectricityHV|ImportsUA,share,
image,SSP2-Base,Business As Usual,FR,Share|ElectricityHV|ImportsPL,share,
image,SSP2-Base,Business As Usual,FR,Share|ElectricityHV|ImportsFR,share,
image,SSP2-Base,Business As Usual,FR,Share|ElectricityHV|ImportsGB,share,
image,SSP2-Base,Business As Usual,FR,Share|ElectricityHV|ImportsNO,share,
image,SSP2-Base,Business As Usual,FR,Share|ElectricityHV|ImportsCZ,share,
image,SSP2-Base,Business As Usual,FR,Share|ElectricityHV|ImportsMT,share,
image,SSP2-Base,Business As Usual,FR,Share|ElectricityHV|ImportsDK,share,
image,SSP2-Base,Business As Usual,FR,Share|ElectricityHV|ImportsIT,share,
image,SSP2-Base,Business As Usual,FR,Share|ElectricityHV|ImportsLV,share,
image,SSP2-Base,Business As Usual,FR,Share|ElectricityHV|ImportsDE,share,
image,SSP2-Base,Business As Usual,FR,Share|ElectricityHV|ImportsPT,share,
image,SSP2-Base,Business As Usual,FR,Share|ElectricityHV|ImportsFI,share,
image,SSP2-Base,Business As Usual,FR,Share|ElectricityHV|ImportsBY,share,
image,SSP2-Base,Business As Usual,FR,Share|ElectricityHV|ImportsGI,share,
image,SSP2-Base,Business As Usual,FR,Share|ElectricityHV|ImportsAL,share,
image,SSP2-Base,Business As Usual,FR,Share|ElectricityHV|ImportsHU,share,
image,SSP2-Base,Business As Usual,FR,Share|ElectricityHV|ImportsCH,share,
image,SSP2-Base,Business As Usual,FR,Share|ElectricityMV|TransformationHVMV,share,
image,SSP2-Base,Business As Usual,FR,Share|ElectricityMV|SolarPVRoofCommercial,share,
image,SSP2-Base,Business As Usual,FR,Share|ElectricityMV|Waste,share,
image,SSP2-Base,Business As Usual,FR,Share|ElectricityLV|TransformationMVLV,share,
image,SSP2-Base,Business As Usual,FR,Share|ElectricityLV|BatteryChemical,share,
image,SSP2-Base,Business As Usual,FR,Share|ElectricityLV|SolarPVRoofResidential,share,
image,SSP2-Base,Business As Usual,GB,Share|ElectricityHV|Coal,share,
image,SSP2-Base,Business As Usual,GB,Share|ElectricityHV|CombinedCycle,share,
image,SSP2-Base,Business As Usual,GB,Share|ElectricityHV|GasTurbine,share,
image,SSP2-Base,Business As Usual,GB,Share|ElectricityHV|CogenerationGas,share,
image,SSP2-Base,Business As Usual,GB,Share|ElectricityHV|Nuclear,share,
image,SSP2-Base,Business As Usual,GB,Share|ElectricityHV|Oil,share,
image,SSP2-Base,Business As Usual,GB,Share|ElectricityHV|Geothermal,share,
image,SSP2-Base,Business As Usual,GB,Share|ElectricityHV|HydroRunofRiver,share,
image,SSP2-Base,Business As Usual,GB,Share|ElectricityHV|HydroReservoir,share,
image,SSP2-Base,Business As Usual,GB,Share|ElectricityHV|Biomass,share,
image,SSP2-Base,Business As Usual,GB,Share|ElectricityHV|Biogas,share,
image,SSP2-Base,Business As Usual,GB,Share|ElectricityHV|WindOnshore,share,
image,SSP2-Base,Business As Usual,GB,Share|ElectricityHV|WindOffshore,share,
image,SSP2-Base,Business As Usual,GB,Share|ElectricityHV|SolarThermal,share,
image,SSP2-Base,Business As Usual,GB,Share|ElectricityHV|SolarPVOpen,share,
image,SSP2-Base,Business As Usual,GB,Share|ElectricityHV|Hydrogen,share,
image,SSP2-Base,Business As Usual,GB,Share|ElectricityHV|BatteryHydro,share,
image,SSP2-Base,Business As Usual,GB,Share|ElectricityHV|ImportsES,share,
image,SSP2-Base,Business As Usual,GB,Share|ElectricityHV|ImportsBG,share,
image,SSP2-Base,Business As Usual,GB,Share|ElectricityHV|ImportsSE,share,
image,SSP2-Base,Business As Usual,GB,Share|ElectricityHV|ImportsAT,share,
image,SSP2-Base,Business As Usual,GB,Share|ElectricityHV|ImportsMK,share,
image,SSP2-Base,Business As Usual,GB,Share|ElectricityHV|ImportsMD,share,
image,SSP2-Base,Business As Usual,GB,Share|ElectricityHV|ImportsHR,share,
image,SSP2-Base,Business As Usual,GB,Share|ElectricityHV|ImportsXK,share,
image,SSP2-Base,Business As Usual,GB,Share|ElectricityHV|ImportsLU,share,
image,SSP2-Base,Business As Usual,GB,Share|ElectricityHV|ImportsGR,share,
image,SSP2-Base,Business As Usual,GB,Share|ElectricityHV|ImportsIS,share,
image,SSP2-Base,Business As Usual,GB,Share|ElectricityHV|ImportsBA,share,
image,SSP2-Base,Business As Usual,GB,Share|ElectricityHV|ImportsEE,share,
image,SSP2-Base,Business As Usual,GB,Share|ElectricityHV|ImportsSK,share,
image,SSP2-Base,Business As Usual,GB,Share|ElectricityHV|ImportsME,share,
image,SSP2-Base,Business As Usual,GB,Share|ElectricityHV|ImportsLT,share,
image,SSP2-Base,Business As Usual,GB,Share|ElectricityHV|ImportsSI,share,
image,SSP2-Base,Business As Usual,GB,Share|ElectricityHV|ImportsIE,share,
image,SSP2-Base,Business As Usual,GB,Share|ElectricityHV|ImportsBE,share,
image,SSP2-Base,Business As Usual,GB,Share|ElectricityHV|ImportsRS,share,
image,SSP2-Base,Business As Usual,GB,Share|ElectricityHV|ImportsRO,share,
image,SSP2-Base,Business As Usual,GB,Share|ElectricityHV|ImportsNL,share,
image,SSP2-Base,Business As Usual,GB,Share|ElectricityHV|ImportsUA,share,
image,SSP2-Base,Business As Usual,GB,Share|ElectricityHV|ImportsPL,share,
image,SSP2-Base,Business As Usual,GB,Share|ElectricityHV|ImportsFR,share,
image,SSP2-Base,Business As Usual,GB,Share|ElectricityHV|ImportsGB,share,
image,SSP2-Base,Business As Usual,GB,Share|ElectricityHV|ImportsNO,share,
image,SSP2-Base,Business As Usual,GB,Share|ElectricityHV|ImportsCZ,share,
image,SSP2-Base,Business As Usual,GB,Share|ElectricityHV|ImportsMT,share,
image,SSP2-Base,Business As Usual,GB,Share|ElectricityHV|ImportsDK,share,
image,SSP2-Base,Business As Usual,GB,Share|ElectricityHV|ImportsIT,share,
image,SSP2-Base,Business As Usual,GB,Share|ElectricityHV|ImportsLV,share,
image,SSP2-Base,Business As Usual,GB,Share|ElectricityHV|ImportsDE,share,
image,SSP2-Base,Business As Usual,GB,Share|ElectricityHV|ImportsPT,share,
image,SSP2-Base,Business As Usual,GB,Share|ElectricityHV|ImportsFI,share,
image,SSP2-Base,Business As Usual,GB,Share|ElectricityHV|ImportsBY,share,
image,SSP2-Base,Business As Usual,GB,Share|ElectricityHV|ImportsGI,share,
image,SSP2-Base,Business As Usual,GB,Share|ElectricityHV|ImportsAL,share,
image,SSP2-Base,Business As Usual,GB,Share|ElectricityHV|ImportsHU,share,
image,SSP2-Base,Business As Usual,GB,Share|ElectricityHV|ImportsCH,share,
image,SSP2-Base,Business As Usual,GB,Share|ElectricityMV|TransformationHVMV,share,
image,SSP2-Base,Business As Usual,GB,Share|ElectricityMV|SolarPVRoofCommercial,share,
image,SSP2-Base,Business As Usual,GB,Share|ElectricityMV|Waste,share,
image,SSP2-Base,Business As Usual,GB,Share|ElectricityLV|TransformationMVLV,share,
image,SSP2-Base,Business As Usual,GB,Share|ElectricityLV|BatteryChemical,share,
image,SSP2-Base,Business As Usual,GB,Share|ElectricityLV|SolarPVRoofResidential,share,
image,SSP2-Base,Business As Usual,NO,Share|ElectricityHV|Coal,share,
image,SSP2-Base,Business As Usual,NO,Share|ElectricityHV|CombinedCycle,share,
image,SSP2-Base,Business As Usual,NO,Share|ElectricityHV|GasTurbine,share,
image,SSP2-Base,Business As Usual,NO,Share|ElectricityHV|CogenerationGas,share,
image,SSP2-Base,Business As Usual,NO,Share|ElectricityHV|Nuclear,share,
image,SSP2-Base,Business As Usual,NO,Share|ElectricityHV|Oil,share,
image,SSP2-Base,Business As Usual,NO,Share|ElectricityHV|Geothermal,share,
image,SSP2-Base,Business As Usual,NO,Share|ElectricityHV|HydroRunofRiver,share,
image,SSP2-Base,Business As Usual,NO,Share|ElectricityHV|HydroReservoir,share,
image,SSP2-Base,Business As Usual,NO,Share|ElectricityHV|Biomass,share,
image,SSP2-Base,Business As Usual,NO,Share|ElectricityHV|Biogas,share,
image,SSP2-Base,Business As Usual,NO,Share|ElectricityHV|WindOnshore,share,
image,SSP2-Base,Business As Usual,NO,Share|ElectricityHV|WindOffshore,share,
image,SSP2-Base,Business As Usual,NO,Share|ElectricityHV|SolarThermal,share,
image,SSP2-Base,Business As Usual,NO,Share|ElectricityHV|SolarPVOpen,share,
image,SSP2-Base,Business As Usual,NO,Share|ElectricityHV|Hydrogen,share,
image,SSP2-Base,Business As Usual,NO,Share|ElectricityHV|BatteryHydro,share,
image,SSP2-Base,Business As Usual,NO,Share|ElectricityHV|ImportsES,share,
image,SSP2-Base,Business As Usual,NO,Share|ElectricityHV|ImportsBG,share,
image,SSP2-Base,Business As Usual,NO,Share|ElectricityHV|ImportsSE,share,
image,SSP2-Base,Business As Usual,NO,Share|ElectricityHV|ImportsAT,share,
image,SSP2-Base,Business As Usual,NO,Share|ElectricityHV|ImportsMK,share,
image,SSP2-Base,Business As Usual,NO,Share|ElectricityHV|ImportsMD,share,
image,SSP2-Base,Business As Usual,NO,Share|ElectricityHV|ImportsHR,share,
image,SSP2-Base,Business As Usual,NO,Share|ElectricityHV|ImportsXK,share,
image,SSP2-Base,Business As Usual,NO,Share|ElectricityHV|ImportsLU,share,
image,SSP2-Base,Business As Usual,NO,Share|ElectricityHV|ImportsGR,share,
image,SSP2-Base,Business As Usual,NO,Share|ElectricityHV|ImportsIS,share,
image,SSP2-Base,Business As Usual,NO,Share|ElectricityHV|ImportsBA,share,
image,SSP2-Base,Business As Usual,NO,Share|ElectricityHV|ImportsEE,share,
image,SSP2-Base,Business As Usual,NO,Share|ElectricityHV|ImportsSK,share,
image,SSP2-Base,Business As Usual,NO,Share|ElectricityHV|ImportsME,share,
image,SSP2-Base,Business As Usual,NO,Share|ElectricityHV|ImportsLT,share,
image,SSP2-Base,Business As Usual,NO,Share|ElectricityHV|ImportsSI,share,
image,SSP2-Base,Business As Usual,NO,Share|ElectricityHV|ImportsIE,share,
image,SSP2-Base,Business As Usual,NO,Share|ElectricityHV|ImportsBE,share,
image,SSP2-Base,Business As Usual,NO,Share|ElectricityHV|ImportsRS,share,
image,SSP2-Base,Business As Usual,NO,Share|ElectricityHV|ImportsRO,share,
image,SSP2-Base,Business As Usual,NO,Share|ElectricityHV|ImportsNL,share,
image,SSP2-Base,Business As Usual,NO,Share|ElectricityHV|ImportsUA,share,
image,SSP2-Base,Business As Usual,NO,Share|ElectricityHV|ImportsPL,share,
image,SSP2-Base,Business As Usual,NO,Share|ElectricityHV|ImportsFR,share,
image,SSP2-Base,Business As Usual,NO,Share|ElectricityHV|ImportsGB,share,
image,SSP2-Base,Business As Usual,NO,Share|ElectricityHV|ImportsNO,share,
image,SSP2-Base,Business As Usual,NO,Share|ElectricityHV|ImportsCZ,share,
image,SSP2-Base,Business As Usual,NO,Share|ElectricityHV|ImportsMT,share,
image,SSP2-Base,Business As Usual,NO,Share|ElectricityHV|ImportsDK,share,
image,SSP2-Base,Business As Usual,NO,Share|ElectricityHV|ImportsIT,share,
image,SSP2-Base,Business As Usual,NO,Share|ElectricityHV|ImportsLV,share,
image,SSP2-Base,Business As Usual,NO,Share|ElectricityHV|ImportsDE,share,
image,SSP2-Base,Business As Usual,NO,Share|ElectricityHV|ImportsPT,share,
image,SSP2-Base,Business As Usual,NO,Share|ElectricityHV|ImportsFI,share,
image,SSP2-Base,Business As Usual,NO,Share|ElectricityHV|ImportsBY,share,
image,SSP2-Base,Business As Usual,NO,Share|ElectricityHV|ImportsGI,share,
image,SSP2-Base,Business As Usual,NO,Share|ElectricityHV|ImportsAL,share,
image,SSP2-Base,Business As Usual,NO,Share|ElectricityHV|ImportsHU,share,
image,SSP2-Base,Business As Usual,NO,Share|ElectricityHV|ImportsCH,share,
image,SSP2-Base,Business As Usual,NO,Share|ElectricityMV|TransformationHVMV,share,
image,SSP2-Base,Business As Usual,NO,Share|ElectricityMV|SolarPVRoofCommercial,share,
image,SSP2-Base,Business As Usual,NO,Share|ElectricityMV|Waste,share,
image,SSP2-Base,Business As Usual,NO,Share|ElectricityLV|TransformationMVLV,share,
image,SSP2-Base,Business As Usual,NO,Share|ElectricityLV|BatteryChemical,share,
image,SSP2-Base,Business As Usual,NO,Share|ElectricityLV|SolarPVRoofResidential,share,
image,SSP2-Base,Business As Usual,CZ,Share|ElectricityHV|Coal,share,
image,SSP2-Base,Business As Usual,CZ,Share|ElectricityHV|CombinedCycle,share,
image,SSP2-Base,Business As Usual,CZ,Share|ElectricityHV|GasTurbine,share,
image,SSP2-Base,Business As Usual,CZ,Share|ElectricityHV|CogenerationGas,share,
image,SSP2-Base,Business As Usual,CZ,Share|ElectricityHV|Nuclear,share,
image,SSP2-Base,Business As Usual,CZ,Share|ElectricityHV|Oil,share,
image,SSP2-Base,Business As Usual,CZ,Share|ElectricityHV|Geothermal,share,
image,SSP2-Base,Business As Usual,CZ,Share|ElectricityHV|HydroRunofRiver,share,
image,SSP2-Base,Business As Usual,CZ,Share|ElectricityHV|HydroReservoir,share,
image,SSP2-Base,Business As Usual,CZ,Share|ElectricityHV|Biomass,share,
image,SSP2-Base,Business As Usual,CZ,Share|ElectricityHV|Biogas,share,
image,SSP2-Base,Business As Usual,CZ,Share|ElectricityHV|WindOnshore,share,
image,SSP2-Base,Business As Usual,CZ,Share|ElectricityHV|WindOffshore,share,
image,SSP2-Base,Business As Usual,CZ,Share|ElectricityHV|SolarThermal,share,
image,SSP2-Base,Business As Usual,CZ,Share|ElectricityHV|SolarPVOpen,share,
image,SSP2-Base,Business As Usual,CZ,Share|ElectricityHV|Hydrogen,share,
image,SSP2-Base,Business As Usual,CZ,Share|ElectricityHV|BatteryHydro,share,
image,SSP2-Base,Business As Usual,CZ,Share|ElectricityHV|ImportsES,share,
image,SSP2-Base,Business As Usual,CZ,Share|ElectricityHV|ImportsBG,share,
image,SSP2-Base,Business As Usual,CZ,Share|ElectricityHV|ImportsSE,share,
image,SSP2-Base,Business As Usual,CZ,Share|ElectricityHV|ImportsAT,share,
image,SSP2-Base,Business As Usual,CZ,Share|ElectricityHV|ImportsMK,share,
image,SSP2-Base,Business As Usual,CZ,Share|ElectricityHV|ImportsMD,share,
image,SSP2-Base,Business As Usual,CZ,Share|ElectricityHV|ImportsHR,share,
image,SSP2-Base,Business As Usual,CZ,Share|ElectricityHV|ImportsXK,share,
image,SSP2-Base,Business As Usual,CZ,Share|ElectricityHV|ImportsLU,share,
image,SSP2-Base,Business As Usual,CZ,Share|ElectricityHV|ImportsGR,share,
image,SSP2-Base,Business As Usual,CZ,Share|ElectricityHV|ImportsIS,share,
image,SSP2-Base,Business As Usual,CZ,Share|ElectricityHV|ImportsBA,share,
image,SSP2-Base,Business As Usual,CZ,Share|ElectricityHV|ImportsEE,share,
image,SSP2-Base,Business As Usual,CZ,Share|ElectricityHV|ImportsSK,share,
image,SSP2-Base,Business As Usual,CZ,Share|ElectricityHV|ImportsME,share,
image,SSP2-Base,Business As Usual,CZ,Share|ElectricityHV|ImportsLT,share,
image,SSP2-Base,Business As Usual,CZ,Share|ElectricityHV|ImportsSI,share,
image,SSP2-Base,Business As Usual,CZ,Share|ElectricityHV|ImportsIE,share,
image,SSP2-Base,Business As Usual,CZ,Share|ElectricityHV|ImportsBE,share,
image,SSP2-Base,Business As Usual,CZ,Share|ElectricityHV|ImportsRS,share,
image,SSP2-Base,Business As Usual,CZ,Share|ElectricityHV|ImportsRO,share,
image,SSP2-Base,Business As Usual,CZ,Share|ElectricityHV|ImportsNL,share,
image,SSP2-Base,Business As Usual,CZ,Share|ElectricityHV|ImportsUA,share,
image,SSP2-Base,Business As Usual,CZ,Share|ElectricityHV|ImportsPL,share,
image,SSP2-Base,Business As Usual,CZ,Share|ElectricityHV|ImportsFR,share,
image,SSP2-Base,Business As Usual,CZ,Share|ElectricityHV|ImportsGB,share,
image,SSP2-Base,Business As Usual,CZ,Share|ElectricityHV|ImportsNO,share,
image,SSP2-Base,Business As Usual,CZ,Share|ElectricityHV|ImportsCZ,share,
image,SSP2-Base,Business As Usual,CZ,Share|ElectricityHV|ImportsMT,share,
image,SSP2-Base,Business As Usual,CZ,Share|ElectricityHV|ImportsDK,share,
image,SSP2-Base,Business As Usual,CZ,Share|ElectricityHV|ImportsIT,share,
image,SSP2-Base,Business As Usual,CZ,Share|ElectricityHV|ImportsLV,share,
image,SSP2-Base,Business As Usual,CZ,Share|ElectricityHV|ImportsDE,share,
image,SSP2-Base,Business As Usual,CZ,Share|ElectricityHV|ImportsPT,share,
image,SSP2-Base,Business As Usual,CZ,Share|ElectricityHV|ImportsFI,share,
image,SSP2-Base,Business As Usual,CZ,Share|ElectricityHV|ImportsBY,share,
image,SSP2-Base,Business As Usual,CZ,Share|ElectricityHV|ImportsGI,share,
image,SSP2-Base,Business As Usual,CZ,Share|ElectricityHV|ImportsAL,share,
image,SSP2-Base,Business As Usual,CZ,Share|ElectricityHV|ImportsHU,share,
image,SSP2-Base,Business As Usual,CZ,Share|ElectricityHV|ImportsCH,share,
image,SSP2-Base,Business As Usual,CZ,Share|ElectricityMV|TransformationHVMV,share,
image,SSP2-Base,Business As Usual,CZ,Share|ElectricityMV|SolarPVRoofCommercial,share,
image,SSP2-Base,Business As Usual,CZ,Share|ElectricityMV|Waste,share,
image,SSP2-Base,Business As Usual,CZ,Share|ElectricityLV|TransformationMVLV,share,
image,SSP2-Base,Business As Usual,CZ,Share|ElectricityLV|BatteryChemical,share,
image,SSP2-Base,Business As Usual,CZ,Share|ElectricityLV|SolarPVRoofResidential,share,
image,SSP2-Base,Business As Usual,MT,Share|ElectricityHV|Coal,share,
image,SSP2-Base,Business As Usual,MT,Share|ElectricityHV|CombinedCycle,share,
image,SSP2-Base,Business As Usual,MT,Share|ElectricityHV|GasTurbine,share,
image,SSP2-Base,Business As Usual,MT,Share|ElectricityHV|CogenerationGas,share,
image,SSP2-Base,Business As Usual,MT,Share|ElectricityHV|Nuclear,share,
image,SSP2-Base,Business As Usual,MT,Share|ElectricityHV|Oil,share,
image,SSP2-Base,Business As Usual,MT,Share|ElectricityHV|Geothermal,share,
image,SSP2-Base,Business As Usual,MT,Share|ElectricityHV|HydroRunofRiver,share,
image,SSP2-Base,Business As Usual,MT,Share|ElectricityHV|HydroReservoir,share,
image,SSP2-Base,Business As Usual,MT,Share|ElectricityHV|Biomass,share,
image,SSP2-Base,Business As Usual,MT,Share|ElectricityHV|Biogas,share,
image,SSP2-Base,Business As Usual,MT,Share|ElectricityHV|WindOnshore,share,
image,SSP2-Base,Business As Usual,MT,Share|ElectricityHV|WindOffshore,share,
image,SSP2-Base,Business As Usual,MT,Share|ElectricityHV|SolarThermal,share,
image,SSP2-Base,Business As Usual,MT,Share|ElectricityHV|SolarPVOpen,share,
image,SSP2-Base,Business As Usual,MT,Share|ElectricityHV|Hydrogen,share,
image,SSP2-Base,Business As Usual,MT,Share|ElectricityHV|BatteryHydro,share,
image,SSP2-Base,Business As Usual,MT,Share|ElectricityHV|ImportsES,share,
image,SSP2-Base,Business As Usual,MT,Share|ElectricityHV|ImportsBG,share,
image,SSP2-Base,Business As Usual,MT,Share|ElectricityHV|ImportsSE,share,
image,SSP2-Base,Business As Usual,MT,Share|ElectricityHV|ImportsAT,share,
image,SSP2-Base,Business As Usual,MT,Share|ElectricityHV|ImportsMK,share,
image,SSP2-Base,Business As Usual,MT,Share|ElectricityHV|ImportsMD,share,
image,SSP2-Base,Business As Usual,MT,Share|ElectricityHV|ImportsHR,share,
image,SSP2-Base,Business As Usual,MT,Share|ElectricityHV|ImportsXK,share,
image,SSP2-Base,Business As Usual,MT,Share|ElectricityHV|ImportsLU,share,
image,SSP2-Base,Business As Usual,MT,Share|ElectricityHV|ImportsGR,share,
image,SSP2-Base,Business As Usual,MT,Share|ElectricityHV|ImportsIS,share,
image,SSP2-Base,Business As Usual,MT,Share|ElectricityHV|ImportsBA,share,
image,SSP2-Base,Business As Usual,MT,Share|ElectricityHV|ImportsEE,share,
image,SSP2-Base,Business As Usual,MT,Share|ElectricityHV|ImportsSK,share,
image,SSP2-Base,Business As Usual,MT,Share|ElectricityHV|ImportsME,share,
image,SSP2-Base,Business As Usual,MT,Share|ElectricityHV|ImportsLT,share,
image,SSP2-Base,Business As Usual,MT,Share|ElectricityHV|ImportsSI,share,
image,SSP2-Base,Business As Usual,MT,Share|ElectricityHV|ImportsIE,share,
image,SSP2-Base,Business As Usual,MT,Share|ElectricityHV|ImportsBE,share,
image,SSP2-Base,Business As Usual,MT,Share|ElectricityHV|ImportsRS,share,
image,SSP2-Base,Business As Usual,MT,Share|ElectricityHV|ImportsRO,share,
image,SSP2-Base,Business As Usual,MT,Share|ElectricityHV|ImportsNL,share,
image,SSP2-Base,Business As Usual,MT,Share|ElectricityHV|ImportsUA,share,
image,SSP2-Base,Business As Usual,MT,Share|ElectricityHV|ImportsPL,share,
image,SSP2-Base,Business As Usual,MT,Share|ElectricityHV|ImportsFR,share,
image,SSP2-Base,Business As Usual,MT,Share|ElectricityHV|ImportsGB,share,
image,SSP2-Base,Business As Usual,MT,Share|ElectricityHV|ImportsNO,share,
image,SSP2-Base,Business As Usual,MT,Share|ElectricityHV|ImportsCZ,share,
image,SSP2-Base,Business As Usual,MT,Share|ElectricityHV|ImportsMT,share,
image,SSP2-Base,Business As Usual,MT,Share|ElectricityHV|ImportsDK,share,
image,SSP2-Base,Business As Usual,MT,Share|ElectricityHV|ImportsIT,share,
image,SSP2-Base,Business As Usual,MT,Share|ElectricityHV|ImportsLV,share,
image,SSP2-Base,Business As Usual,MT,Share|ElectricityHV|ImportsDE,share,
image,SSP2-Base,Business As Usual,MT,Share|ElectricityHV|ImportsPT,share,
image,SSP2-Base,Business As Usual,MT,Share|ElectricityHV|ImportsFI,share,
image,SSP2-Base,Business As Usual,MT,Share|ElectricityHV|ImportsBY,share,
image,SSP2-Base,Business As Usual,MT,Share|ElectricityHV|ImportsGI,share,
image,SSP2-Base,Business As Usual,MT,Share|ElectricityHV|ImportsAL,share,
image,SSP2-Base,Business As Usual,MT,Share|ElectricityHV|ImportsHU,share,
image,SSP2-Base,Business As Usual,MT,Share|ElectricityHV|ImportsCH,share,
image,SSP2-Base,Business As Usual,MT,Share|ElectricityMV|TransformationHVMV,share,
image,SSP2-Base,Business As Usual,MT,Share|ElectricityMV|SolarPVRoofCommercial,share,
image,SSP2-Base,Business As Usual,MT,Share|ElectricityMV|Waste,share,
image,SSP2-Base,Business As Usual,MT,Share|ElectricityLV|TransformationMVLV,share,
image,SSP2-Base,Business As Usual,MT,Share|ElectricityLV|BatteryChemical,share,
image,SSP2-Base,Business As Usual,MT,Share|ElectricityLV|SolarPVRoofResidential,share,
image,SSP2-Base,Business As Usual,DK,Share|ElectricityHV|Coal,share,
image,SSP2-Base,Business As Usual,DK,Share|ElectricityHV|CombinedCycle,share,
image,SSP2-Base,Business As Usual,DK,Share|ElectricityHV|GasTurbine,share,
image,SSP2-Base,Business As Usual,DK,Share|ElectricityHV|CogenerationGas,share,
image,SSP2-Base,Business As Usual,DK,Share|ElectricityHV|Nuclear,share,
image,SSP2-Base,Business As Usual,DK,Share|ElectricityHV|Oil,share,
image,SSP2-Base,Business As Usual,DK,Share|ElectricityHV|Geothermal,share,
image,SSP2-Base,Business As Usual,DK,Share|ElectricityHV|HydroRunofRiver,share,
image,SSP2-Base,Business As Usual,DK,Share|ElectricityHV|HydroReservoir,share,
image,SSP2-Base,Business As Usual,DK,Share|ElectricityHV|Biomass,share,
image,SSP2-Base,Business As Usual,DK,Share|ElectricityHV|Biogas,share,
image,SSP2-Base,Business As Usual,DK,Share|ElectricityHV|WindOnshore,share,
image,SSP2-Base,Business As Usual,DK,Share|ElectricityHV|WindOffshore,share,
image,SSP2-Base,Business As Usual,DK,Share|ElectricityHV|SolarThermal,share,
image,SSP2-Base,Business As Usual,DK,Share|ElectricityHV|SolarPVOpen,share,
image,SSP2-Base,Business As Usual,DK,Share|ElectricityHV|Hydrogen,share,
image,SSP2-Base,Business As Usual,DK,Share|ElectricityHV|BatteryHydro,share,
image,SSP2-Base,Business As Usual,DK,Share|ElectricityHV|ImportsES,share,
image,SSP2-Base,Business As Usual,DK,Share|ElectricityHV|ImportsBG,share,
image,SSP2-Base,Business As Usual,DK,Share|ElectricityHV|ImportsSE,share,
image,SSP2-Base,Business As Usual,DK,Share|ElectricityHV|ImportsAT,share,
image,SSP2-Base,Business As Usual,DK,Share|ElectricityHV|ImportsMK,share,
image,SSP2-Base,Business As Usual,DK,Share|ElectricityHV|ImportsMD,share,
image,SSP2-Base,Business As Usual,DK,Share|ElectricityHV|ImportsHR,share,
image,SSP2-Base,Business As Usual,DK,Share|ElectricityHV|ImportsXK,share,
image,SSP2-Base,Business As Usual,DK,Share|ElectricityHV|ImportsLU,share,
image,SSP2-Base,Business As Usual,DK,Share|ElectricityHV|ImportsGR,share,
image,SSP2-Base,Business As Usual,DK,Share|ElectricityHV|ImportsIS,share,
image,SSP2-Base,Business As Usual,DK,Share|ElectricityHV|ImportsBA,share,
image,SSP2-Base,Business As Usual,DK,Share|ElectricityHV|ImportsEE,share,
image,SSP2-Base,Business As Usual,DK,Share|ElectricityHV|ImportsSK,share,
image,SSP2-Base,Business As Usual,DK,Share|ElectricityHV|ImportsME,share,
image,SSP2-Base,Business As Usual,DK,Share|ElectricityHV|ImportsLT,share,
image,SSP2-Base,Business As Usual,DK,Share|ElectricityHV|ImportsSI,share,
image,SSP2-Base,Business As Usual,DK,Share|ElectricityHV|ImportsIE,share,
image,SSP2-Base,Business As Usual,DK,Share|ElectricityHV|ImportsBE,share,
image,SSP2-Base,Business As Usual,DK,Share|ElectricityHV|ImportsRS,share,
image,SSP2-Base,Business As Usual,DK,Share|ElectricityHV|ImportsRO,share,
image,SSP2-Base,Business As Usual,DK,Share|ElectricityHV|ImportsNL,share,
image,SSP2-Base,Business As Usual,DK,Share|ElectricityHV|ImportsUA,share,
image,SSP2-Base,Business As Usual,DK,Share|ElectricityHV|ImportsPL,share,
image,SSP2-Base,Business As Usual,DK,Share|ElectricityHV|ImportsFR,share,
image,SSP2-Base,Business As Usual,DK,Share|ElectricityHV|ImportsGB,share,
image,SSP2-Base,Business As Usual,DK,Share|ElectricityHV|ImportsNO,share,
image,SSP2-Base,Business As Usual,DK,Share|ElectricityHV|ImportsCZ,share,
image,SSP2-Base,Business As Usual,DK,Share|ElectricityHV|ImportsMT,share,
image,SSP2-Base,Business As Usual,DK,Share|ElectricityHV|ImportsDK,share,
image,SSP2-Base,Business As Usual,DK,Share|ElectricityHV|ImportsIT,share,
image,SSP2-Base,Business As Usual,DK,Share|ElectricityHV|ImportsLV,share,
image,SSP2-Base,Business As Usual,DK,Share|ElectricityHV|ImportsDE,share,
image,SSP2-Base,Business As Usual,DK,Share|ElectricityHV|ImportsPT,share,
image,SSP2-Base,Business As Usual,DK,Share|ElectricityHV|ImportsFI,share,
image,SSP2-Base,Business As Usual,DK,Share|ElectricityHV|ImportsBY,share,
image,SSP2-Base,Business As Usual,DK,Share|ElectricityHV|ImportsGI,share,
image,SSP2-Base,Business As Usual,DK,Share|ElectricityHV|ImportsAL,share,
image,SSP2-Base,Business As Usual,DK,Share|ElectricityHV|ImportsHU,share,
image,SSP2-Base,Business As Usual,DK,Share|ElectricityHV|ImportsCH,share,
image,SSP2-Base,Business As Usual,DK,Share|ElectricityMV|TransformationHVMV,share,
image,SSP2-Base,Business As Usual,DK,Share|ElectricityMV|SolarPVRoofCommercial,share,
image,SSP2-Base,Business As Usual,DK,Share|ElectricityMV|Waste,share,
image,SSP2-Base,Business As Usual,DK,Share|ElectricityLV|TransformationMVLV,share,
image,SSP2-Base,Business As Usual,DK,Share|ElectricityLV|BatteryChemical,share,
image,SSP2-Base,Business As Usual,DK,Share|ElectricityLV|SolarPVRoofResidential,share,
image,SSP2-Base,Business As Usual,IT,Share|ElectricityHV|Coal,share,
image,SSP2-Base,Business As Usual,IT,Share|ElectricityHV|CombinedCycle,share,
image,SSP2-Base,Business As Usual,IT,Share|ElectricityHV|GasTurbine,share,
image,SSP2-Base,Business As Usual,IT,Share|ElectricityHV|CogenerationGas,share,
image,SSP2-Base,Business As Usual,IT,Share|ElectricityHV|Nuclear,share,
image,SSP2-Base,Business As Usual,IT,Share|ElectricityHV|Oil,share,
image,SSP2-Base,Business As Usual,IT,Share|ElectricityHV|Geothermal,share,
image,SSP2-Base,Business As Usual,IT,Share|ElectricityHV|HydroRunofRiver,share,
image,SSP2-Base,Business As Usual,IT,Share|ElectricityHV|HydroReservoir,share,
image,SSP2-Base,Business As Usual,IT,Share|ElectricityHV|Biomass,share,
image,SSP2-Base,Business As Usual,IT,Share|ElectricityHV|Biogas,share,
image,SSP2-Base,Business As Usual,IT,Share|ElectricityHV|WindOnshore,share,
image,SSP2-Base,Business As Usual,IT,Share|ElectricityHV|WindOffshore,share,
image,SSP2-Base,Business As Usual,IT,Share|ElectricityHV|SolarThermal,share,
image,SSP2-Base,Business As Usual,IT,Share|ElectricityHV|SolarPVOpen,share,
image,SSP2-Base,Business As Usual,IT,Share|ElectricityHV|Hydrogen,share,
image,SSP2-Base,Business As Usual,IT,Share|ElectricityHV|BatteryHydro,share,
image,SSP2-Base,Business As Usual,IT,Share|ElectricityHV|ImportsES,share,
image,SSP2-Base,Business As Usual,IT,Share|ElectricityHV|ImportsBG,share,
image,SSP2-Base,Business As Usual,IT,Share|ElectricityHV|ImportsSE,share,
image,SSP2-Base,Business As Usual,IT,Share|ElectricityHV|ImportsAT,share,
image,SSP2-Base,Business As Usual,IT,Share|ElectricityHV|ImportsMK,share,
image,SSP2-Base,Business As Usual,IT,Share|ElectricityHV|ImportsMD,share,
image,SSP2-Base,Business As Usual,IT,Share|ElectricityHV|ImportsHR,share,
image,SSP2-Base,Business As Usual,IT,Share|ElectricityHV|ImportsXK,share,
image,SSP2-Base,Business As Usual,IT,Share|ElectricityHV|ImportsLU,share,
image,SSP2-Base,Business As Usual,IT,Share|ElectricityHV|ImportsGR,share,
image,SSP2-Base,Business As Usual,IT,Share|ElectricityHV|ImportsIS,share,
image,SSP2-Base,Business As Usual,IT,Share|ElectricityHV|ImportsBA,share,
image,SSP2-Base,Business As Usual,IT,Share|ElectricityHV|ImportsEE,share,
image,SSP2-Base,Business As Usual,IT,Share|ElectricityHV|ImportsSK,share,
image,SSP2-Base,Business As Usual,IT,Share|ElectricityHV|ImportsME,share,
image,SSP2-Base,Business As Usual,IT,Share|ElectricityHV|ImportsLT,share,
image,SSP2-Base,Business As Usual,IT,Share|ElectricityHV|ImportsSI,share,
image,SSP2-Base,Business As Usual,IT,Share|ElectricityHV|ImportsIE,share,
image,SSP2-Base,Business As Usual,IT,Share|ElectricityHV|ImportsBE,share,
image,SSP2-Base,Business As Usual,IT,Share|ElectricityHV|ImportsRS,share,
image,SSP2-Base,Business As Usual,IT,Share|ElectricityHV|ImportsRO,share,
image,SSP2-Base,Business As Usual,IT,Share|ElectricityHV|ImportsNL,share,
image,SSP2-Base,Business As Usual,IT,Share|ElectricityHV|ImportsUA,share,
image,SSP2-Base,Business As Usual,IT,Share|ElectricityHV|ImportsPL,share,
image,SSP2-Base,Business As Usual,IT,Share|ElectricityHV|ImportsFR,share,
image,SSP2-Base,Business As Usual,IT,Share|ElectricityHV|ImportsGB,share,
image,SSP2-Base,Business As Usual,IT,Share|ElectricityHV|ImportsNO,share,
image,SSP2-Base,Business As Usual,IT,Share|ElectricityHV|ImportsCZ,share,
image,SSP2-Base,Business As Usual,IT,Share|ElectricityHV|ImportsMT,share,
image,SSP2-Base,Business As Usual,IT,Share|ElectricityHV|ImportsDK,share,
image,SSP2-Base,Business As Usual,IT,Share|ElectricityHV|ImportsIT,share,
image,SSP2-Base,Business As Usual,IT,Share|ElectricityHV|ImportsLV,share,
image,SSP2-Base,Business As Usual,IT,Share|ElectricityHV|ImportsDE,share,
image,SSP2-Base,Business As Usual,IT,Share|ElectricityHV|ImportsPT,share,
image,SSP2-Base,Business As Usual,IT,Share|ElectricityHV|ImportsFI,share,
image,SSP2-Base,Business As Usual,IT,Share|ElectricityHV|ImportsBY,share,
image,SSP2-Base,Business As Usual,IT,Share|ElectricityHV|ImportsGI,share,
image,SSP2-Base,Business As Usual,IT,Share|ElectricityHV|ImportsAL,share,
image,SSP2-Base,Business As Usual,IT,Share|ElectricityHV|ImportsHU,share,
image,SSP2-Base,Business As Usual,IT,Share|ElectricityHV|ImportsCH,share,
image,SSP2-Base,Business As Usual,IT,Share|ElectricityMV|TransformationHVMV,share,
image,SSP2-Base,Business As Usual,IT,Share|ElectricityMV|SolarPVRoofCommercial,share,
image,SSP2-Base,Business As Usual,IT,Share|ElectricityMV|Waste,share,
image,SSP2-Base,Business As Usual,IT,Share|ElectricityLV|TransformationMVLV,share,
image,SSP2-Base,Business As Usual,IT,Share|ElectricityLV|BatteryChemical,share,
image,SSP2-Base,Business As Usual,IT,Share|ElectricityLV|SolarPVRoofResidential,share,
image,SSP2-Base,Business As Usual,LV,Share|ElectricityHV|Coal,share,
image,SSP2-Base,Business As Usual,LV,Share|ElectricityHV|CombinedCycle,share,
image,SSP2-Base,Business As Usual,LV,Share|ElectricityHV|GasTurbine,share,
image,SSP2-Base,Business As Usual,LV,Share|ElectricityHV|CogenerationGas,share,
image,SSP2-Base,Business As Usual,LV,Share|ElectricityHV|Nuclear,share,
image,SSP2-Base,Business As Usual,LV,Share|ElectricityHV|Oil,share,
image,SSP2-Base,Business As Usual,LV,Share|ElectricityHV|Geothermal,share,
image,SSP2-Base,Business As Usual,LV,Share|ElectricityHV|HydroRunofRiver,share,
image,SSP2-Base,Business As Usual,LV,Share|ElectricityHV|HydroReservoir,share,
image,SSP2-Base,Business As Usual,LV,Share|ElectricityHV|Biomass,share,
image,SSP2-Base,Business As Usual,LV,Share|ElectricityHV|Biogas,share,
image,SSP2-Base,Business As Usual,LV,Share|ElectricityHV|WindOnshore,share,
image,SSP2-Base,Business As Usual,LV,Share|ElectricityHV|WindOffshore,share,
image,SSP2-Base,Business As Usual,LV,Share|ElectricityHV|SolarThermal,share,
image,SSP2-Base,Business As Usual,LV,Share|ElectricityHV|SolarPVOpen,share,
image,SSP2-Base,Business As Usual,LV,Share|ElectricityHV|Hydrogen,share,
image,SSP2-Base,Business As Usual,LV,Share|ElectricityHV|BatteryHydro,share,
image,SSP2-Base,Business As Usual,LV,Share|ElectricityHV|ImportsES,share,
image,SSP2-Base,Business As Usual,LV,Share|ElectricityHV|ImportsBG,share,
image,SSP2-Base,Business As Usual,LV,Share|ElectricityHV|ImportsSE,share,
image,SSP2-Base,Business As Usual,LV,Share|ElectricityHV|ImportsAT,share,
image,SSP2-Base,Business As Usual,LV,Share|ElectricityHV|ImportsMK,share,
image,SSP2-Base,Business As Usual,LV,Share|ElectricityHV|ImportsMD,share,
image,SSP2-Base,Business As Usual,LV,Share|ElectricityHV|ImportsHR,share,
image,SSP2-Base,Business As Usual,LV,Share|ElectricityHV|ImportsXK,share,
image,SSP2-Base,Business As Usual,LV,Share|ElectricityHV|ImportsLU,share,
image,SSP2-Base,Business As Usual,LV,Share|ElectricityHV|ImportsGR,share,
image,SSP2-Base,Business As Usual,LV,Share|ElectricityHV|ImportsIS,share,
image,SSP2-Base,Business As Usual,LV,Share|ElectricityHV|ImportsBA,share,
image,SSP2-Base,Business As Usual,LV,Share|ElectricityHV|ImportsEE,share,
image,SSP2-Base,Business As Usual,LV,Share|ElectricityHV|ImportsSK,share,
image,SSP2-Base,Business As Usual,LV,Share|ElectricityHV|ImportsME,share,
image,SSP2-Base,Business As Usual,LV,Share|ElectricityHV|ImportsLT,share,
image,SSP2-Base,Business As Usual,LV,Share|ElectricityHV|ImportsSI,share,
image,SSP2-Base,Business As Usual,LV,Share|ElectricityHV|ImportsIE,share,
image,SSP2-Base,Business As Usual,LV,Share|ElectricityHV|ImportsBE,share,
image,SSP2-Base,Business As Usual,LV,Share|ElectricityHV|ImportsRS,share,
image,SSP2-Base,Business As Usual,LV,Share|ElectricityHV|ImportsRO,share,
image,SSP2-Base,Business As Usual,LV,Share|ElectricityHV|ImportsNL,share,
image,SSP2-Base,Business As Usual,LV,Share|ElectricityHV|ImportsUA,share,
image,SSP2-Base,Business As Usual,LV,Share|ElectricityHV|ImportsPL,share,
image,SSP2-Base,Business As Usual,LV,Share|ElectricityHV|ImportsFR,share,
image,SSP2-Base,Business As Usual,LV,Share|ElectricityHV|ImportsGB,share,
image,SSP2-Base,Business As Usual,LV,Share|ElectricityHV|ImportsNO,share,
image,SSP2-Base,Business As Usual,LV,Share|ElectricityHV|ImportsCZ,share,
image,SSP2-Base,Business As Usual,LV,Share|ElectricityHV|ImportsMT,share,
image,SSP2-Base,Business As Usual,LV,Share|ElectricityHV|ImportsDK,share,
image,SSP2-Base,Business As Usual,LV,Share|ElectricityHV|ImportsIT,share,
image,SSP2-Base,Business As Usual,LV,Share|ElectricityHV|ImportsLV,share,
image,SSP2-Base,Business As Usual,LV,Share|ElectricityHV|ImportsDE,share,
image,SSP2-Base,Business As Usual,LV,Share|ElectricityHV|ImportsPT,share,
image,SSP2-Base,Business As Usual,LV,Share|ElectricityHV|ImportsFI,share,
image,SSP2-Base,Business As Usual,LV,Share|ElectricityHV|ImportsBY,share,
image,SSP2-Base,Business As Usual,LV,Share|ElectricityHV|ImportsGI,share,
image,SSP2-Base,Business As Usual,LV,Share|ElectricityHV|ImportsAL,share,
image,SSP2-Base,Business As Usual,LV,Share|ElectricityHV|ImportsHU,share,
image,SSP2-Base,Business As Usual,LV,Share|ElectricityHV|ImportsCH,share,
image,SSP2-Base,Business As Usual,LV,Share|ElectricityMV|TransformationHVMV,share,
image,SSP2-Base,Business As Usual,LV,Share|ElectricityMV|SolarPVRoofCommercial,share,
image,SSP2-Base,Business As Usual,LV,Share|ElectricityMV|Waste,share,
image,SSP2-Base,Business As Usual,LV,Share|ElectricityLV|TransformationMVLV,share,
image,SSP2-Base,Business As Usual,LV,Share|ElectricityLV|BatteryChemical,share,
image,SSP2-Base,Business As Usual,LV,Share|ElectricityLV|SolarPVRoofResidential,share,
image,SSP2-Base,Business As Usual,DE,Share|ElectricityHV|Coal,share,
image,SSP2-Base,Business As Usual,DE,Share|ElectricityHV|CombinedCycle,share,
image,SSP2-Base,Business As Usual,DE,Share|ElectricityHV|GasTurbine,share,
image,SSP2-Base,Business As Usual,DE,Share|ElectricityHV|CogenerationGas,share,
image,SSP2-Base,Business As Usual,DE,Share|ElectricityHV|Nuclear,share,
image,SSP2-Base,Business As Usual,DE,Share|ElectricityHV|Oil,share,
image,SSP2-Base,Business As Usual,DE,Share|ElectricityHV|Geothermal,share,
image,SSP2-Base,Business As Usual,DE,Share|ElectricityHV|HydroRunofRiver,share,
image,SSP2-Base,Business As Usual,DE,Share|ElectricityHV|HydroReservoir,share,
image,SSP2-Base,Business As Usual,DE,Share|ElectricityHV|Biomass,share,
image,SSP2-Base,Business As Usual,DE,Share|ElectricityHV|Biogas,share,
image,SSP2-Base,Business As Usual,DE,Share|ElectricityHV|WindOnshore,share,
image,SSP2-Base,Business As Usual,DE,Share|ElectricityHV|WindOffshore,share,
image,SSP2-Base,Business As Usual,DE,Share|ElectricityHV|SolarThermal,share,
image,SSP2-Base,Business As Usual,DE,Share|ElectricityHV|SolarPVOpen,share,
image,SSP2-Base,Business As Usual,DE,Share|ElectricityHV|Hydrogen,share,
image,SSP2-Base,Business As Usual,DE,Share|ElectricityHV|BatteryHydro,share,
image,SSP2-Base,Business As Usual,DE,Share|ElectricityHV|ImportsES,share,
image,SSP2-Base,Business As Usual,DE,Share|ElectricityHV|ImportsBG,share,
image,SSP2-Base,Business As Usual,DE,Share|ElectricityHV|ImportsSE,share,
image,SSP2-Base,Business As Usual,DE,Share|ElectricityHV|ImportsAT,share,
image,SSP2-Base,Business As Usual,DE,Share|ElectricityHV|ImportsMK,share,
image,SSP2-Base,Business As Usual,DE,Share|ElectricityHV|ImportsMD,share,
image,SSP2-Base,Business As Usual,DE,Share|ElectricityHV|ImportsHR,share,
image,SSP2-Base,Business As Usual,DE,Share|ElectricityHV|ImportsXK,share,
image,SSP2-Base,Business As Usual,DE,Share|ElectricityHV|ImportsLU,share,
image,SSP2-Base,Business As Usual,DE,Share|ElectricityHV|ImportsGR,share,
image,SSP2-Base,Business As Usual,DE,Share|ElectricityHV|ImportsIS,share,
image,SSP2-Base,Business As Usual,DE,Share|ElectricityHV|ImportsBA,share,
image,SSP2-Base,Business As Usual,DE,Share|ElectricityHV|ImportsEE,share,
image,SSP2-Base,Business As Usual,DE,Share|ElectricityHV|ImportsSK,share,
image,SSP2-Base,Business As Usual,DE,Share|ElectricityHV|ImportsME,share,
image,SSP2-Base,Business As Usual,DE,Share|ElectricityHV|ImportsLT,share,
image,SSP2-Base,Business As Usual,DE,Share|ElectricityHV|ImportsSI,share,
image,SSP2-Base,Business As Usual,DE,Share|ElectricityHV|ImportsIE,share,
image,SSP2-Base,Business As Usual,DE,Share|ElectricityHV|ImportsBE,share,
image,SSP2-Base,Business As Usual,DE,Share|ElectricityHV|ImportsRS,share,
image,SSP2-Base,Business As Usual,DE,Share|ElectricityHV|ImportsRO,share,
image,SSP2-Base,Business As Usual,DE,Share|ElectricityHV|ImportsNL,share,
image,SSP2-Base,Business As Usual,DE,Share|ElectricityHV|ImportsUA,share,
image,SSP2-Base,Business As Usual,DE,Share|ElectricityHV|ImportsPL,share,
image,SSP2-Base,Business As Usual,DE,Share|ElectricityHV|ImportsFR,share,
image,SSP2-Base,Business As Usual,DE,Share|ElectricityHV|ImportsGB,share,
image,SSP2-Base,Business As Usual,DE,Share|ElectricityHV|ImportsNO,share,
image,SSP2-Base,Business As Usual,DE,Share|ElectricityHV|ImportsCZ,share,
image,SSP2-Base,Business As Usual,DE,Share|ElectricityHV|ImportsMT,share,
image,SSP2-Base,Business As Usual,DE,Share|ElectricityHV|ImportsDK,share,
image,SSP2-Base,Business As Usual,DE,Share|ElectricityHV|ImportsIT,share,
image,SSP2-Base,Business As Usual,DE,Share|ElectricityHV|ImportsLV,share,
image,SSP2-Base,Business As Usual,DE,Share|ElectricityHV|ImportsDE,share,
image,SSP2-Base,Business As Usual,DE,Share|ElectricityHV|ImportsPT,share,
image,SSP2-Base,Business As Usual,DE,Share|ElectricityHV|ImportsFI,share,
image,SSP2-Base,Business As Usual,DE,Share|ElectricityHV|ImportsBY,share,
image,SSP2-Base,Business As Usual,DE,Share|ElectricityHV|ImportsGI,share,
image,SSP2-Base,Business As Usual,DE,Share|ElectricityHV|ImportsAL,share,
image,SSP2-Base,Business As Usual,DE,Share|ElectricityHV|ImportsHU,share,
image,SSP2-Base,Business As Usual,DE,Share|ElectricityHV|ImportsCH,share,
image,SSP2-Base,Business As Usual,DE,Share|ElectricityMV|TransformationHVMV,share,
image,SSP2-Base,Business As Usual,DE,Share|ElectricityMV|SolarPVRoofCommercial,share,
image,SSP2-Base,Business As Usual,DE,Share|ElectricityMV|Waste,share,
image,SSP2-Base,Business As Usual,DE,Share|ElectricityLV|TransformationMVLV,share,
image,SSP2-Base,Business As Usual,DE,Share|ElectricityLV|BatteryChemical,share,
image,SSP2-Base,Business As Usual,DE,Share|ElectricityLV|SolarPVRoofResidential,share,
image,SSP2-Base,Business As Usual,PT,Share|ElectricityHV|Coal,share,
image,SSP2-Base,Business As Usual,PT,Share|ElectricityHV|CombinedCycle,share,
image,SSP2-Base,Business As Usual,PT,Share|ElectricityHV|GasTurbine,share,
image,SSP2-Base,Business As Usual,PT,Share|ElectricityHV|CogenerationGas,share,
image,SSP2-Base,Business As Usual,PT,Share|ElectricityHV|Nuclear,share,
image,SSP2-Base,Business As Usual,PT,Share|ElectricityHV|Oil,share,
image,SSP2-Base,Business As Usual,PT,Share|ElectricityHV|Geothermal,share,
image,SSP2-Base,Business As Usual,PT,Share|ElectricityHV|HydroRunofRiver,share,
image,SSP2-Base,Business As Usual,PT,Share|ElectricityHV|HydroReservoir,share,
image,SSP2-Base,Business As Usual,PT,Share|ElectricityHV|Biomass,share,
image,SSP2-Base,Business As Usual,PT,Share|ElectricityHV|Biogas,share,
image,SSP2-Base,Business As Usual,PT,Share|ElectricityHV|WindOnshore,share,
image,SSP2-Base,Business As Usual,PT,Share|ElectricityHV|WindOffshore,share,
image,SSP2-Base,Business As Usual,PT,Share|ElectricityHV|SolarThermal,share,
image,SSP2-Base,Business As Usual,PT,Share|ElectricityHV|SolarPVOpen,share,
image,SSP2-Base,Business As Usual,PT,Share|ElectricityHV|Hydrogen,share,
image,SSP2-Base,Business As Usual,PT,Share|ElectricityHV|BatteryHydro,share,
image,SSP2-Base,Business As Usual,PT,Share|ElectricityHV|ImportsES,share,
image,SSP2-Base,Business As Usual,PT,Share|ElectricityHV|ImportsBG,share,
image,SSP2-Base,Business As Usual,PT,Share|ElectricityHV|ImportsSE,share,
image,SSP2-Base,Business As Usual,PT,Share|ElectricityHV|ImportsAT,share,
image,SSP2-Base,Business As Usual,PT,Share|ElectricityHV|ImportsMK,share,
image,SSP2-Base,Business As Usual,PT,Share|ElectricityHV|ImportsMD,share,
image,SSP2-Base,Business As Usual,PT,Share|ElectricityHV|ImportsHR,share,
image,SSP2-Base,Business As Usual,PT,Share|ElectricityHV|ImportsXK,share,
image,SSP2-Base,Business As Usual,PT,Share|ElectricityHV|ImportsLU,share,
image,SSP2-Base,Business As Usual,PT,Share|ElectricityHV|ImportsGR,share,
image,SSP2-Base,Business As Usual,PT,Share|ElectricityHV|ImportsIS,share,
image,SSP2-Base,Business As Usual,PT,Share|ElectricityHV|ImportsBA,share,
image,SSP2-Base,Business As Usual,PT,Share|ElectricityHV|ImportsEE,share,
image,SSP2-Base,Business As Usual,PT,Share|ElectricityHV|ImportsSK,share,
image,SSP2-Base,Business As Usual,PT,Share|ElectricityHV|ImportsME,share,
image,SSP2-Base,Business As Usual,PT,Share|ElectricityHV|ImportsLT,share,
image,SSP2-Base,Business As Usual,PT,Share|ElectricityHV|ImportsSI,share,
image,SSP2-Base,Business As Usual,PT,Share|ElectricityHV|ImportsIE,share,
image,SSP2-Base,Business As Usual,PT,Share|ElectricityHV|ImportsBE,share,
image,SSP2-Base,Business As Usual,PT,Share|ElectricityHV|ImportsRS,share,
image,SSP2-Base,Business As Usual,PT,Share|ElectricityHV|ImportsRO,share,
image,SSP2-Base,Business As Usual,PT,Share|ElectricityHV|ImportsNL,share,
image,SSP2-Base,Business As Usual,PT,Share|ElectricityHV|ImportsUA,share,
image,SSP2-Base,Business As Usual,PT,Share|ElectricityHV|ImportsPL,share,
image,SSP2-Base,Business As Usual,PT,Share|ElectricityHV|ImportsFR,share,
image,SSP2-Base,Business As Usual,PT,Share|ElectricityHV|ImportsGB,share,
image,SSP2-Base,Business As Usual,PT,Share|ElectricityHV|ImportsNO,share,
image,SSP2-Base,Business As Usual,PT,Share|ElectricityHV|ImportsCZ,share,
image,SSP2-Base,Business As Usual,PT,Share|ElectricityHV|ImportsMT,share,
image,SSP2-Base,Business As Usual,PT,Share|ElectricityHV|ImportsDK,share,
image,SSP2-Base,Business As Usual,PT,Share|ElectricityHV|ImportsIT,share,
image,SSP2-Base,Business As Usual,PT,Share|ElectricityHV|ImportsLV,share,
image,SSP2-Base,Business As Usual,PT,Share|ElectricityHV|ImportsDE,share,
image,SSP2-Base,Business As Usual,PT,Share|ElectricityHV|ImportsPT,share,
image,SSP2-Base,Business As Usual,PT,Share|ElectricityHV|ImportsFI,share,
image,SSP2-Base,Business As Usual,PT,Share|ElectricityHV|ImportsBY,share,
image,SSP2-Base,Business As Usual,PT,Share|ElectricityHV|ImportsGI,share,
image,SSP2-Base,Business As Usual,PT,Share|ElectricityHV|ImportsAL,share,
image,SSP2-Base,Business As Usual,PT,Share|ElectricityHV|ImportsHU,share,
image,SSP2-Base,Business As Usual,PT,Share|ElectricityHV|ImportsCH,share,
image,SSP2-Base,Business As Usual,PT,Share|ElectricityMV|TransformationHVMV,share,
image,SSP2-Base,Business As Usual,PT,Share|ElectricityMV|SolarPVRoofCommercial,share,
image,SSP2-Base,Business As Usual,PT,Share|ElectricityMV|Waste,share,
image,SSP2-Base,Business As Usual,PT,Share|ElectricityLV|TransformationMVLV,share,
image,SSP2-Base,Business As Usual,PT,Share|ElectricityLV|BatteryChemical,share,
image,SSP2-Base,Business As Usual,PT,Share|ElectricityLV|SolarPVRoofResidential,share,
image,SSP2-Base,Business As Usual,FI,Share|ElectricityHV|Coal,share,
image,SSP2-Base,Business As Usual,FI,Share|ElectricityHV|CombinedCycle,share,
image,SSP2-Base,Business As Usual,FI,Share|ElectricityHV|GasTurbine,share,
image,SSP2-Base,Business As Usual,FI,Share|ElectricityHV|CogenerationGas,share,
image,SSP2-Base,Business As Usual,FI,Share|ElectricityHV|Nuclear,share,
image,SSP2-Base,Business As Usual,FI,Share|ElectricityHV|Oil,share,
image,SSP2-Base,Business As Usual,FI,Share|ElectricityHV|Geothermal,share,
image,SSP2-Base,Business As Usual,FI,Share|ElectricityHV|HydroRunofRiver,share,
image,SSP2-Base,Business As Usual,FI,Share|ElectricityHV|HydroReservoir,share,
image,SSP2-Base,Business As Usual,FI,Share|ElectricityHV|Biomass,share,
image,SSP2-Base,Business As Usual,FI,Share|ElectricityHV|Biogas,share,
image,SSP2-Base,Business As Usual,FI,Share|ElectricityHV|WindOnshore,share,
image,SSP2-Base,Business As Usual,FI,Share|ElectricityHV|WindOffshore,share,
image,SSP2-Base,Business As Usual,FI,Share|ElectricityHV|SolarThermal,share,
image,SSP2-Base,Business As Usual,FI,Share|ElectricityHV|SolarPVOpen,share,
image,SSP2-Base,Business As Usual,FI,Share|ElectricityHV|Hydrogen,share,
image,SSP2-Base,Business As Usual,FI,Share|ElectricityHV|BatteryHydro,share,
image,SSP2-Base,Business As Usual,FI,Share|ElectricityHV|ImportsES,share,
image,SSP2-Base,Business As Usual,FI,Share|ElectricityHV|ImportsBG,share,
image,SSP2-Base,Business As Usual,FI,Share|ElectricityHV|ImportsSE,share,
image,SSP2-Base,Business As Usual,FI,Share|ElectricityHV|ImportsAT,share,
image,SSP2-Base,Business As Usual,FI,Share|ElectricityHV|ImportsMK,share,
image,SSP2-Base,Business As Usual,FI,Share|ElectricityHV|ImportsMD,share,
image,SSP2-Base,Business As Usual,FI,Share|ElectricityHV|ImportsHR,share,
image,SSP2-Base,Business As Usual,FI,Share|ElectricityHV|ImportsXK,share,
image,SSP2-Base,Business As Usual,FI,Share|ElectricityHV|ImportsLU,share,
image,SSP2-Base,Business As Usual,FI,Share|ElectricityHV|ImportsGR,share,
image,SSP2-Base,Business As Usual,FI,Share|ElectricityHV|ImportsIS,share,
image,SSP2-Base,Business As Usual,FI,Share|ElectricityHV|ImportsBA,share,
image,SSP2-Base,Business As Usual,FI,Share|ElectricityHV|ImportsEE,share,
image,SSP2-Base,Business As Usual,FI,Share|ElectricityHV|ImportsSK,share,
image,SSP2-Base,Business As Usual,FI,Share|ElectricityHV|ImportsME,share,
image,SSP2-Base,Business As Usual,FI,Share|ElectricityHV|ImportsLT,share,
image,SSP2-Base,Business As Usual,FI,Share|ElectricityHV|ImportsSI,share,
image,SSP2-Base,Business As Usual,FI,Share|ElectricityHV|ImportsIE,share,
image,SSP2-Base,Business As Usual,FI,Share|ElectricityHV|ImportsBE,share,
image,SSP2-Base,Business As Usual,FI,Share|ElectricityHV|ImportsRS,share,
image,SSP2-Base,Business As Usual,FI,Share|ElectricityHV|ImportsRO,share,
image,SSP2-Base,Business As Usual,FI,Share|ElectricityHV|ImportsNL,share,
image,SSP2-Base,Business As Usual,FI,Share|ElectricityHV|ImportsUA,share,
image,SSP2-Base,Business As Usual,FI,Share|ElectricityHV|ImportsPL,share,
image,SSP2-Base,Business As Usual,FI,Share|ElectricityHV|ImportsFR,share,
image,SSP2-Base,Business As Usual,FI,Share|ElectricityHV|ImportsGB,share,
image,SSP2-Base,Business As Usual,FI,Share|ElectricityHV|ImportsNO,share,
image,SSP2-Base,Business As Usual,FI,Share|ElectricityHV|ImportsCZ,share,
image,SSP2-Base,Business As Usual,FI,Share|ElectricityHV|ImportsMT,share,
image,SSP2-Base,Business As Usual,FI,Share|ElectricityHV|ImportsDK,share,
image,SSP2-Base,Business As Usual,FI,Share|ElectricityHV|ImportsIT,share,
image,SSP2-Base,Business As Usual,FI,Share|ElectricityHV|ImportsLV,share,
image,SSP2-Base,Business As Usual,FI,Share|ElectricityHV|ImportsDE,share,
image,SSP2-Base,Business As Usual,FI,Share|ElectricityHV|ImportsPT,share,
image,SSP2-Base,Business As Usual,FI,Share|ElectricityHV|ImportsFI,share,
image,SSP2-Base,Business As Usual,FI,Share|ElectricityHV|ImportsBY,share,
image,SSP2-Base,Business As Usual,FI,Share|ElectricityHV|ImportsGI,share,
image,SSP2-Base,Business As Usual,FI,Share|ElectricityHV|ImportsAL,share,
image,SSP2-Base,Business As Usual,FI,Share|ElectricityHV|ImportsHU,share,
image,SSP2-Base,Business As Usual,FI,Share|ElectricityHV|ImportsCH,share,
image,SSP2-Base,Business As Usual,FI,Share|ElectricityMV|TransformationHVMV,share,
image,SSP2-Base,Business As Usual,FI,Share|ElectricityMV|SolarPVRoofCommercial,share,
image,SSP2-Base,Business As Usual,FI,Share|ElectricityMV|Waste,share,
image,SSP2-Base,Business As Usual,FI,Share|ElectricityLV|TransformationMVLV,share,
image,SSP2-Base,Business As Usual,FI,Share|ElectricityLV|BatteryChemical,share,
image,SSP2-Base,Business As Usual,FI,Share|ElectricityLV|SolarPVRoofResidential,share,
image,SSP2-Base,Business As Usual,BY,Share|ElectricityHV|Coal,share,
image,SSP2-Base,Business As Usual,BY,Share|ElectricityHV|CombinedCycle,share,
image,SSP2-Base,Business As Usual,BY,Share|ElectricityHV|GasTurbine,share,
image,SSP2-Base,Business As Usual,BY,Share|ElectricityHV|CogenerationGas,share,
image,SSP2-Base,Business As Usual,BY,Share|ElectricityHV|Nuclear,share,
image,SSP2-Base,Business As Usual,BY,Share|ElectricityHV|Oil,share,
image,SSP2-Base,Business As Usual,BY,Share|ElectricityHV|Geothermal,share,
image,SSP2-Base,Business As Usual,BY,Share|ElectricityHV|HydroRunofRiver,share,
image,SSP2-Base,Business As Usual,BY,Share|ElectricityHV|HydroReservoir,share,
image,SSP2-Base,Business As Usual,BY,Share|ElectricityHV|Biomass,share,
image,SSP2-Base,Business As Usual,BY,Share|ElectricityHV|Biogas,share,
image,SSP2-Base,Business As Usual,BY,Share|ElectricityHV|WindOnshore,share,
image,SSP2-Base,Business As Usual,BY,Share|ElectricityHV|WindOffshore,share,
image,SSP2-Base,Business As Usual,BY,Share|ElectricityHV|SolarThermal,share,
image,SSP2-Base,Business As Usual,BY,Share|ElectricityHV|SolarPVOpen,share,
image,SSP2-Base,Business As Usual,BY,Share|ElectricityHV|Hydrogen,share,
image,SSP2-Base,Business As Usual,BY,Share|ElectricityHV|BatteryHydro,share,
image,SSP2-Base,Business As Usual,BY,Share|ElectricityHV|ImportsES,share,
image,SSP2-Base,Business As Usual,BY,Share|ElectricityHV|ImportsBG,share,
image,SSP2-Base,Business As Usual,BY,Share|ElectricityHV|ImportsSE,share,
image,SSP2-Base,Business As Usual,BY,Share|ElectricityHV|ImportsAT,share,
image,SSP2-Base,Business As Usual,BY,Share|ElectricityHV|ImportsMK,share,
image,SSP2-Base,Business As Usual,BY,Share|ElectricityHV|ImportsMD,share,
image,SSP2-Base,Business As Usual,BY,Share|ElectricityHV|ImportsHR,share,
image,SSP2-Base,Business As Usual,BY,Share|ElectricityHV|ImportsXK,share,
image,SSP2-Base,Business As Usual,BY,Share|ElectricityHV|ImportsLU,share,
image,SSP2-Base,Business As Usual,BY,Share|ElectricityHV|ImportsGR,share,
image,SSP2-Base,Business As Usual,BY,Share|ElectricityHV|ImportsIS,share,
image,SSP2-Base,Business As Usual,BY,Share|ElectricityHV|ImportsBA,share,
image,SSP2-Base,Business As Usual,BY,Share|ElectricityHV|ImportsEE,share,
image,SSP2-Base,Business As Usual,BY,Share|ElectricityHV|ImportsSK,share,
image,SSP2-Base,Business As Usual,BY,Share|ElectricityHV|ImportsME,share,
image,SSP2-Base,Business As Usual,BY,Share|ElectricityHV|ImportsLT,share,
image,SSP2-Base,Business As Usual,BY,Share|ElectricityHV|ImportsSI,share,
image,SSP2-Base,Business As Usual,BY,Share|ElectricityHV|ImportsIE,share,
image,SSP2-Base,Business As Usual,BY,Share|ElectricityHV|ImportsBE,share,
image,SSP2-Base,Business As Usual,BY,Share|ElectricityHV|ImportsRS,share,
image,SSP2-Base,Business As Usual,BY,Share|ElectricityHV|ImportsRO,share,
image,SSP2-Base,Business As Usual,BY,Share|ElectricityHV|ImportsNL,share,
image,SSP2-Base,Business As Usual,BY,Share|ElectricityHV|ImportsUA,share,
image,SSP2-Base,Business As Usual,BY,Share|ElectricityHV|ImportsPL,share,
image,SSP2-Base,Business As Usual,BY,Share|ElectricityHV|ImportsFR,share,
image,SSP2-Base,Business As Usual,BY,Share|ElectricityHV|ImportsGB,share,
image,SSP2-Base,Business As Usual,BY,Share|ElectricityHV|ImportsNO,share,
image,SSP2-Base,Business As Usual,BY,Share|ElectricityHV|ImportsCZ,share,
image,SSP2-Base,Business As Usual,BY,Share|ElectricityHV|ImportsMT,share,
image,SSP2-Base,Business As Usual,BY,Share|ElectricityHV|ImportsDK,share,
image,SSP2-Base,Business As Usual,BY,Share|ElectricityHV|ImportsIT,share,
image,SSP2-Base,Business As Usual,BY,Share|ElectricityHV|ImportsLV,share,
image,SSP2-Base,Business As Usual,BY,Share|ElectricityHV|ImportsDE,share,
image,SSP2-Base,Business As Usual,BY,Share|ElectricityHV|ImportsPT,share,
image,SSP2-Base,Business As Usual,BY,Share|ElectricityHV|ImportsFI,share,
image,SSP2-Base,Business As Usual,BY,Share|ElectricityHV|ImportsBY,share,
image,SSP2-Base,Business As Usual,BY,Share|ElectricityHV|ImportsGI,share,
image,SSP2-Base,Business As Usual,BY,Share|ElectricityHV|ImportsAL,share,
image,SSP2-Base,Business As Usual,BY,Share|ElectricityHV|ImportsHU,share,
image,SSP2-Base,Business As Usual,BY,Share|ElectricityHV|ImportsCH,share,
image,SSP2-Base,Business As Usual,BY,Share|ElectricityMV|TransformationHVMV,share,
image,SSP2-Base,Business As Usual,BY,Share|ElectricityMV|SolarPVRoofCommercial,share,
image,SSP2-Base,Business As Usual,BY,Share|ElectricityMV|Waste,share,
image,SSP2-Base,Business As Usual,BY,Share|ElectricityLV|TransformationMVLV,share,
image,SSP2-Base,Business As Usual,BY,Share|ElectricityLV|BatteryChemical,share,
image,SSP2-Base,Business As Usual,BY,Share|ElectricityLV|SolarPVRoofResidential,share,
image,SSP2-Base,Business As Usual,GI,Share|ElectricityHV|Coal,share,
image,SSP2-Base,Business As Usual,GI,Share|ElectricityHV|CombinedCycle,share,
image,SSP2-Base,Business As Usual,GI,Share|ElectricityHV|GasTurbine,share,
image,SSP2-Base,Business As Usual,GI,Share|ElectricityHV|CogenerationGas,share,
image,SSP2-Base,Business As Usual,GI,Share|ElectricityHV|Nuclear,share,
image,SSP2-Base,Business As Usual,GI,Share|ElectricityHV|Oil,share,
image,SSP2-Base,Business As Usual,GI,Share|ElectricityHV|Geothermal,share,
image,SSP2-Base,Business As Usual,GI,Share|ElectricityHV|HydroRunofRiver,share,
image,SSP2-Base,Business As Usual,GI,Share|ElectricityHV|HydroReservoir,share,
image,SSP2-Base,Business As Usual,GI,Share|ElectricityHV|Biomass,share,
image,SSP2-Base,Business As Usual,GI,Share|ElectricityHV|Biogas,share,
image,SSP2-Base,Business As Usual,GI,Share|ElectricityHV|WindOnshore,share,
image,SSP2-Base,Business As Usual,GI,Share|ElectricityHV|WindOffshore,share,
image,SSP2-Base,Business As Usual,GI,Share|ElectricityHV|SolarThermal,share,
image,SSP2-Base,Business As Usual,GI,Share|ElectricityHV|SolarPVOpen,share,
image,SSP2-Base,Business As Usual,GI,Share|ElectricityHV|Hydrogen,share,
image,SSP2-Base,Business As Usual,GI,Share|ElectricityHV|BatteryHydro,share,
image,SSP2-Base,Business As Usual,GI,Share|ElectricityHV|ImportsES,share,
image,SSP2-Base,Business As Usual,GI,Share|ElectricityHV|ImportsBG,share,
image,SSP2-Base,Business As Usual,GI,Share|ElectricityHV|ImportsSE,share,
image,SSP2-Base,Business As Usual,GI,Share|ElectricityHV|ImportsAT,share,
image,SSP2-Base,Business As Usual,GI,Share|ElectricityHV|ImportsMK,share,
image,SSP2-Base,Business As Usual,GI,Share|ElectricityHV|ImportsMD,share,
image,SSP2-Base,Business As Usual,GI,Share|ElectricityHV|ImportsHR,share,
image,SSP2-Base,Business As Usual,GI,Share|ElectricityHV|ImportsXK,share,
image,SSP2-Base,Business As Usual,GI,Share|ElectricityHV|ImportsLU,share,
image,SSP2-Base,Business As Usual,GI,Share|ElectricityHV|ImportsGR,share,
image,SSP2-Base,Business As Usual,GI,Share|ElectricityHV|ImportsIS,share,
image,SSP2-Base,Business As Usual,GI,Share|ElectricityHV|ImportsBA,share,
image,SSP2-Base,Business As Usual,GI,Share|ElectricityHV|ImportsEE,share,
image,SSP2-Base,Business As Usual,GI,Share|ElectricityHV|ImportsSK,share,
image,SSP2-Base,Business As Usual,GI,Share|ElectricityHV|ImportsME,share,
image,SSP2-Base,Business As Usual,GI,Share|ElectricityHV|ImportsLT,share,
image,SSP2-Base,Business As Usual,GI,Share|ElectricityHV|ImportsSI,share,
image,SSP2-Base,Business As Usual,GI,Share|ElectricityHV|ImportsIE,share,
image,SSP2-Base,Business As Usual,GI,Share|ElectricityHV|ImportsBE,share,
image,SSP2-Base,Business As Usual,GI,Share|ElectricityHV|ImportsRS,share,
image,SSP2-Base,Business As Usual,GI,Share|ElectricityHV|ImportsRO,share,
image,SSP2-Base,Business As Usual,GI,Share|ElectricityHV|ImportsNL,share,
image,SSP2-Base,Business As Usual,GI,Share|ElectricityHV|ImportsUA,share,
image,SSP2-Base,Business As Usual,GI,Share|ElectricityHV|ImportsPL,share,
image,SSP2-Base,Business As Usual,GI,Share|ElectricityHV|ImportsFR,share,
image,SSP2-Base,Business As Usual,GI,Share|ElectricityHV|ImportsGB,share,
image,SSP2-Base,Business As Usual,GI,Share|ElectricityHV|ImportsNO,share,
image,SSP2-Base,Business As Usual,GI,Share|ElectricityHV|ImportsCZ,share,
image,SSP2-Base,Business As Usual,GI,Share|ElectricityHV|ImportsMT,share,
image,SSP2-Base,Business As Usual,GI,Share|ElectricityHV|ImportsDK,share,
image,SSP2-Base,Business As Usual,GI,Share|ElectricityHV|ImportsIT,share,
image,SSP2-Base,Business As Usual,GI,Share|ElectricityHV|ImportsLV,share,
image,SSP2-Base,Business As Usual,GI,Share|ElectricityHV|ImportsDE,share,
image,SSP2-Base,Business As Usual,GI,Share|ElectricityHV|ImportsPT,share,
image,SSP2-Base,Business As Usual,GI,Share|ElectricityHV|ImportsFI,share,
image,SSP2-Base,Business As Usual,GI,Share|ElectricityHV|ImportsBY,share,
image,SSP2-Base,Business As Usual,GI,Share|ElectricityHV|ImportsGI,share,
image,SSP2-Base,Business As Usual,GI,Share|ElectricityHV|ImportsAL,share,
image,SSP2-Base,Business As Usual,GI,Share|ElectricityHV|ImportsHU,share,
image,SSP2-Base,Business As Usual,GI,Share|ElectricityHV|ImportsCH,share,
image,SSP2-Base,Business As Usual,GI,Share|ElectricityMV|TransformationHVMV,share,
image,SSP2-Base,Business As Usual,GI,Share|ElectricityMV|SolarPVRoofCommercial,share,
image,SSP2-Base,Business As Usual,GI,Share|ElectricityMV|Waste,share,
image,SSP2-Base,Business As Usual,GI,Share|ElectricityLV|TransformationMVLV,share,
image,SSP2-Base,Business As Usual,GI,Share|ElectricityLV|BatteryChemical,share,
image,SSP2-Base,Business As Usual,GI,Share|ElectricityLV|SolarPVRoofResidential,share,
image,SSP2-Base,Business As Usual,AL,Share|ElectricityHV|Coal,share,
image,SSP2-Base,Business As Usual,AL,Share|ElectricityHV|CombinedCycle,share,
image,SSP2-Base,Business As Usual,AL,Share|ElectricityHV|GasTurbine,share,
image,SSP2-Base,Business As Usual,AL,Share|ElectricityHV|CogenerationGas,share,
image,SSP2-Base,Business As Usual,AL,Share|ElectricityHV|Nuclear,share,
image,SSP2-Base,Business As Usual,AL,Share|ElectricityHV|Oil,share,
image,SSP2-Base,Business As Usual,AL,Share|ElectricityHV|Geothermal,share,
image,SSP2-Base,Business As Usual,AL,Share|ElectricityHV|HydroRunofRiver,share,
image,SSP2-Base,Business As Usual,AL,Share|ElectricityHV|HydroReservoir,share,
image,SSP2-Base,Business As Usual,AL,Share|ElectricityHV|Biomass,share,
image,SSP2-Base,Business As Usual,AL,Share|ElectricityHV|Biogas,share,
image,SSP2-Base,Business As Usual,AL,Share|ElectricityHV|WindOnshore,share,
image,SSP2-Base,Business As Usual,AL,Share|ElectricityHV|WindOffshore,share,
image,SSP2-Base,Business As Usual,AL,Share|ElectricityHV|SolarThermal,share,
image,SSP2-Base,Business As Usual,AL,Share|ElectricityHV|SolarPVOpen,share,
image,SSP2-Base,Business As Usual,AL,Share|ElectricityHV|Hydrogen,share,
image,SSP2-Base,Business As Usual,AL,Share|ElectricityHV|BatteryHydro,share,
image,SSP2-Base,Business As Usual,AL,Share|ElectricityHV|ImportsES,share,
image,SSP2-Base,Business As Usual,AL,Share|ElectricityHV|ImportsBG,share,
image,SSP2-Base,Business As Usual,AL,Share|ElectricityHV|ImportsSE,share,
image,SSP2-Base,Business As Usual,AL,Share|ElectricityHV|ImportsAT,share,
image,SSP2-Base,Business As Usual,AL,Share|ElectricityHV|ImportsMK,share,
image,SSP2-Base,Business As Usual,AL,Share|ElectricityHV|ImportsMD,share,
image,SSP2-Base,Business As Usual,AL,Share|ElectricityHV|ImportsHR,share,
image,SSP2-Base,Business As Usual,AL,Share|ElectricityHV|ImportsXK,share,
image,SSP2-Base,Business As Usual,AL,Share|ElectricityHV|ImportsLU,share,
image,SSP2-Base,Business As Usual,AL,Share|ElectricityHV|ImportsGR,share,
image,SSP2-Base,Business As Usual,AL,Share|ElectricityHV|ImportsIS,share,
image,SSP2-Base,Business As Usual,AL,Share|ElectricityHV|ImportsBA,share,
image,SSP2-Base,Business As Usual,AL,Share|ElectricityHV|ImportsEE,share,
image,SSP2-Base,Business As Usual,AL,Share|ElectricityHV|ImportsSK,share,
image,SSP2-Base,Business As Usual,AL,Share|ElectricityHV|ImportsME,share,
image,SSP2-Base,Business As Usual,AL,Share|ElectricityHV|ImportsLT,share,
image,SSP2-Base,Business As Usual,AL,Share|ElectricityHV|ImportsSI,share,
image,SSP2-Base,Business As Usual,AL,Share|ElectricityHV|ImportsIE,share,
image,SSP2-Base,Business As Usual,AL,Share|ElectricityHV|ImportsBE,share,
image,SSP2-Base,Business As Usual,AL,Share|ElectricityHV|ImportsRS,share,
image,SSP2-Base,Business As Usual,AL,Share|ElectricityHV|ImportsRO,share,
image,SSP2-Base,Business As Usual,AL,Share|ElectricityHV|ImportsNL,share,
image,SSP2-Base,Business As Usual,AL,Share|ElectricityHV|ImportsUA,share,
image,SSP2-Base,Business As Usual,AL,Share|ElectricityHV|ImportsPL,share,
image,SSP2-Base,Business As Usual,AL,Share|ElectricityHV|ImportsFR,share,
image,SSP2-Base,Business As Usual,AL,Share|ElectricityHV|ImportsGB,share,
image,SSP2-Base,Business As Usual,AL,Share|ElectricityHV|ImportsNO,share,
image,SSP2-Base,Business As Usual,AL,Share|ElectricityHV|ImportsCZ,share,
image,SSP2-Base,Business As Usual,AL,Share|ElectricityHV|ImportsMT,share,
image,SSP2-Base,Business As Usual,AL,Share|ElectricityHV|ImportsDK,share,
image,SSP2-Base,Business As Usual,AL,Share|ElectricityHV|ImportsIT,share,
image,SSP2-Base,Business As Usual,AL,Share|ElectricityHV|ImportsLV,share,
image,SSP2-Base,Business As Usual,AL,Share|ElectricityHV|ImportsDE,share,
image,SSP2-Base,Business As Usual,AL,Share|ElectricityHV|ImportsPT,share,
image,SSP2-Base,Business As Usual,AL,Share|ElectricityHV|ImportsFI,share,
image,SSP2-Base,Business As Usual,AL,Share|ElectricityHV|ImportsBY,share,
image,SSP2-Base,Business As Usual,AL,Share|ElectricityHV|ImportsGI,share,
image,SSP2-Base,Business As Usual,AL,Share|ElectricityHV|ImportsAL,share,
image,SSP2-Base,Business As Usual,AL,Share|ElectricityHV|ImportsHU,share,
image,SSP2-Base,Business As Usual,AL,Share|ElectricityHV|ImportsCH,share,
image,SSP2-Base,Business As Usual,AL,Share|ElectricityMV|TransformationHVMV,share,
image,SSP2-Base,Business As Usual,AL,Share|ElectricityMV|SolarPVRoofCommercial,share,
image,SSP2-Base,Business As Usual,AL,Share|ElectricityMV|Waste,share,
image,SSP2-Base,Business As Usual,AL,Share|ElectricityLV|TransformationMVLV,share,
image,SSP2-Base,Business As Usual,AL,Share|ElectricityLV|BatteryChemical,share,
image,SSP2-Base,Business As Usual,AL,Share|ElectricityLV|SolarPVRoofResidential,share,
image,SSP2-Base,Business As Usual,HU,Share|ElectricityHV|Coal,share,
image,SSP2-Base,Business As Usual,HU,Share|ElectricityHV|CombinedCycle,share,
image,SSP2-Base,Business As Usual,HU,Share|ElectricityHV|GasTurbine,share,
image,SSP2-Base,Business As Usual,HU,Share|ElectricityHV|CogenerationGas,share,
image,SSP2-Base,Business As Usual,HU,Share|ElectricityHV|Nuclear,share,
image,SSP2-Base,Business As Usual,HU,Share|ElectricityHV|Oil,share,
image,SSP2-Base,Business As Usual,HU,Share|ElectricityHV|Geothermal,share,
image,SSP2-Base,Business As Usual,HU,Share|ElectricityHV|HydroRunofRiver,share,
image,SSP2-Base,Business As Usual,HU,Share|ElectricityHV|HydroReservoir,share,
image,SSP2-Base,Business As Usual,HU,Share|ElectricityHV|Biomass,share,
image,SSP2-Base,Business As Usual,HU,Share|ElectricityHV|Biogas,share,
image,SSP2-Base,Business As Usual,HU,Share|ElectricityHV|WindOnshore,share,
image,SSP2-Base,Business As Usual,HU,Share|ElectricityHV|WindOffshore,share,
image,SSP2-Base,Business As Usual,HU,Share|ElectricityHV|SolarThermal,share,
image,SSP2-Base,Business As Usual,HU,Share|ElectricityHV|SolarPVOpen,share,
image,SSP2-Base,Business As Usual,HU,Share|ElectricityHV|Hydrogen,share,
image,SSP2-Base,Business As Usual,HU,Share|ElectricityHV|BatteryHydro,share,
image,SSP2-Base,Business As Usual,HU,Share|ElectricityHV|ImportsES,share,
image,SSP2-Base,Business As Usual,HU,Share|ElectricityHV|ImportsBG,share,
image,SSP2-Base,Business As Usual,HU,Share|ElectricityHV|ImportsSE,share,
image,SSP2-Base,Business As Usual,HU,Share|ElectricityHV|ImportsAT,share,
image,SSP2-Base,Business As Usual,HU,Share|ElectricityHV|ImportsMK,share,
image,SSP2-Base,Business As Usual,HU,Share|ElectricityHV|ImportsMD,share,
image,SSP2-Base,Business As Usual,HU,Share|ElectricityHV|ImportsHR,share,
image,SSP2-Base,Business As Usual,HU,Share|ElectricityHV|ImportsXK,share,
image,SSP2-Base,Business As Usual,HU,Share|ElectricityHV|ImportsLU,share,
image,SSP2-Base,Business As Usual,HU,Share|ElectricityHV|ImportsGR,share,
image,SSP2-Base,Business As Usual,HU,Share|ElectricityHV|ImportsIS,share,
image,SSP2-Base,Business As Usual,HU,Share|ElectricityHV|ImportsBA,share,
image,SSP2-Base,Business As Usual,HU,Share|ElectricityHV|ImportsEE,share,
image,SSP2-Base,Business As Usual,HU,Share|ElectricityHV|ImportsSK,share,
image,SSP2-Base,Business As Usual,HU,Share|ElectricityHV|ImportsME,share,
image,SSP2-Base,Business As Usual,HU,Share|ElectricityHV|ImportsLT,share,
image,SSP2-Base,Business As Usual,HU,Share|ElectricityHV|ImportsSI,share,
image,SSP2-Base,Business As Usual,HU,Share|ElectricityHV|ImportsIE,share,
image,SSP2-Base,Business As Usual,HU,Share|ElectricityHV|ImportsBE,share,
image,SSP2-Base,Business As Usual,HU,Share|ElectricityHV|ImportsRS,share,
image,SSP2-Base,Business As Usual,HU,Share|ElectricityHV|ImportsRO,share,
image,SSP2-Base,Business As Usual,HU,Share|ElectricityHV|ImportsNL,share,
image,SSP2-Base,Business As Usual,HU,Share|ElectricityHV|ImportsUA,share,
image,SSP2-Base,Business As Usual,HU,Share|ElectricityHV|ImportsPL,share,
image,SSP2-Base,Business As Usual,HU,Share|ElectricityHV|ImportsFR,share,
image,SSP2-Base,Business As Usual,HU,Share|ElectricityHV|ImportsGB,share,
image,SSP2-Base,Business As Usual,HU,Share|ElectricityHV|ImportsNO,share,
image,SSP2-Base,Business As Usual,HU,Share|ElectricityHV|ImportsCZ,share,
image,SSP2-Base,Business As Usual,HU,Share|ElectricityHV|ImportsMT,share,
image,SSP2-Base,Business As Usual,HU,Share|ElectricityHV|ImportsDK,share,
image,SSP2-Base,Business As Usual,HU,Share|ElectricityHV|ImportsIT,share,
image,SSP2-Base,Business As Usual,HU,Share|ElectricityHV|ImportsLV,share,
image,SSP2-Base,Business As Usual,HU,Share|ElectricityHV|ImportsDE,share,
image,SSP2-Base,Business As Usual,HU,Share|ElectricityHV|ImportsPT,share,
image,SSP2-Base,Business As Usual,HU,Share|ElectricityHV|ImportsFI,share,
image,SSP2-Base,Business As Usual,HU,Share|ElectricityHV|ImportsBY,share,
image,SSP2-Base,Business As Usual,HU,Share|ElectricityHV|ImportsGI,share,
image,SSP2-Base,Business As Usual,HU,Share|ElectricityHV|ImportsAL,share,
image,SSP2-Base,Business As Usual,HU,Share|ElectricityHV|ImportsHU,share,
image,SSP2-Base,Business As Usual,HU,Share|ElectricityHV|ImportsCH,share,
image,SSP2-Base,Business As Usual,HU,Share|ElectricityMV|TransformationHVMV,share,
image,SSP2-Base,Business As Usual,HU,Share|ElectricityMV|SolarPVRoofCommercial,share,
image,SSP2-Base,Business As Usual,HU,Share|ElectricityMV|Waste,share,
image,SSP2-Base,Business As Usual,HU,Share|ElectricityLV|TransformationMVLV,share,
image,SSP2-Base,Business As Usual,HU,Share|ElectricityLV|BatteryChemical,share,
image,SSP2-Base,Business As Usual,HU,Share|ElectricityLV|SolarPVRoofResidential,share,
image,SSP2-Base,Business As Usual,CH,Share|ElectricityHV|Coal,share,
image,SSP2-Base,Business As Usual,CH,Share|ElectricityHV|CombinedCycle,share,
image,SSP2-Base,Business As Usual,CH,Share|ElectricityHV|GasTurbine,share,
image,SSP2-Base,Business As Usual,CH,Share|ElectricityHV|CogenerationGas,share,
image,SSP2-Base,Business As Usual,CH,Share|ElectricityHV|Nuclear,share,
image,SSP2-Base,Business As Usual,CH,Share|ElectricityHV|Oil,share,
image,SSP2-Base,Business As Usual,CH,Share|ElectricityHV|Geothermal,share,
image,SSP2-Base,Business As Usual,CH,Share|ElectricityHV|HydroRunofRiver,share,
image,SSP2-Base,Business As Usual,CH,Share|ElectricityHV|HydroReservoir,share,
image,SSP2-Base,Business As Usual,CH,Share|ElectricityHV|Biomass,share,
image,SSP2-Base,Business As Usual,CH,Share|ElectricityHV|Biogas,share,
image,SSP2-Base,Business As Usual,CH,Share|ElectricityHV|WindOnshore,share,
image,SSP2-Base,Business As Usual,CH,Share|ElectricityHV|WindOffshore,share,
image,SSP2-Base,Business As Usual,CH,Share|ElectricityHV|SolarThermal,share,
image,SSP2-Base,Business As Usual,CH,Share|ElectricityHV|SolarPVOpen,share,
image,SSP2-Base,Business As Usual,CH,Share|ElectricityHV|Hydrogen,share,
image,SSP2-Base,Business As Usual,CH,Share|ElectricityHV|BatteryHydro,share,
image,SSP2-Base,Business As Usual,CH,Share|ElectricityHV|ImportsES,share,
image,SSP2-Base,Business As Usual,CH,Share|ElectricityHV|ImportsBG,share,
image,SSP2-Base,Business As Usual,CH,Share|ElectricityHV|ImportsSE,share,
image,SSP2-Base,Business As Usual,CH,Share|ElectricityHV|ImportsAT,share,
image,SSP2-Base,Business As Usual,CH,Share|ElectricityHV|ImportsMK,share,
image,SSP2-Base,Business As Usual,CH,Share|ElectricityHV|ImportsMD,share,
image,SSP2-Base,Business As Usual,CH,Share|ElectricityHV|ImportsHR,share,
image,SSP2-Base,Business As Usual,CH,Share|ElectricityHV|ImportsXK,share,
image,SSP2-Base,Business As Usual,CH,Share|ElectricityHV|ImportsLU,share,
image,SSP2-Base,Business As Usual,CH,Share|ElectricityHV|ImportsGR,share,
image,SSP2-Base,Business As Usual,CH,Share|ElectricityHV|ImportsIS,share,
image,SSP2-Base,Business As Usual,CH,Share|ElectricityHV|ImportsBA,share,
image,SSP2-Base,Business As Usual,CH,Share|ElectricityHV|ImportsEE,share,
image,SSP2-Base,Business As Usual,CH,Share|ElectricityHV|ImportsSK,share,
image,SSP2-Base,Business As Usual,CH,Share|ElectricityHV|ImportsME,share,
image,SSP2-Base,Business As Usual,CH,Share|ElectricityHV|ImportsLT,share,
image,SSP2-Base,Business As Usual,CH,Share|ElectricityHV|ImportsSI,share,
image,SSP2-Base,Business As Usual,CH,Share|ElectricityHV|ImportsIE,share,
image,SSP2-Base,Business As Usual,CH,Share|ElectricityHV|ImportsBE,share,
image,SSP2-Base,Business As Usual,CH,Share|ElectricityHV|ImportsRS,share,
image,SSP2-Base,Business As Usual,CH,Share|ElectricityHV|ImportsRO,share,
image,SSP2-Base,Business As Usual,CH,Share|ElectricityHV|ImportsNL,share,
image,SSP2-Base,Business As Usual,CH,Share|ElectricityHV|ImportsUA,share,
image,SSP2-Base,Business As Usual,CH,Share|ElectricityHV|ImportsPL,share,
image,SSP2-Base,Business As Usual,CH,Share|ElectricityHV|ImportsFR,share,
image,SSP2-Base,Business As Usual,CH,Share|ElectricityHV|ImportsGB,share,
image,SSP2-Base,Business As Usual,CH,Share|ElectricityHV|ImportsNO,share,
image,SSP2-Base,Business As Usual,CH,Share|ElectricityHV|ImportsCZ,share,
image,SSP2-Base,Business As Usual,CH,Share|ElectricityHV|ImportsMT,share,
image,SSP2-Base,Business As Usual,CH,Share|ElectricityHV|ImportsDK,share,
image,SSP2-Base,Business As Usual,CH,Share|ElectricityHV|ImportsIT,share,
image,SSP2-Base,Business As Usual,CH,Share|ElectricityHV|ImportsLV,share,
image,SSP2-Base,Business As Usual,CH,Share|ElectricityHV|ImportsDE,share,
image,SSP2-Base,Business As Usual,CH,Share|ElectricityHV|ImportsPT,share,
image,SSP2-Base,Business As Usual,CH,Share|ElectricityHV|ImportsFI,share,
image,SSP2-Base,Business As Usual,CH,Share|ElectricityHV|ImportsBY,share,
image,SSP2-Base,Business As Usual,CH,Share|ElectricityHV|ImportsGI,share,
image,SSP2-Base,Business As Usual,CH,Share|ElectricityHV|ImportsAL,share,
image,SSP2-Base,Business As Usual,CH,Share|ElectricityHV|ImportsHU,share,
image,SSP2-Base,Business As Usual,CH,Share|ElectricityHV|ImportsCH,share,
image,SSP2-Base,Business As Usual,CH,Share|ElectricityMV|TransformationHVMV,share,
image,SSP2-Base,Business As Usual,CH,Share|ElectricityMV|SolarPVRoofCommercial,share,
image,SSP2-Base,Business As Usual,CH,Share|ElectricityMV|Waste,share,
image,SSP2-Base,Business As Usual,CH,Share|ElectricityLV|TransformationMVLV,share,
image,SSP2-Base,Business As Usual,CH,Share|ElectricityLV|BatteryChemical,share,
image,SSP2-Base,Business As Usual,CH,Share|ElectricityLV|SolarPVRoofResidential,share,
image,SSP2-Base,Business As Usual,ES,Share|ElectricityHV|ImportsRU,share,
image,SSP2-Base,Business As Usual,ES,Share|ElectricityHV|ImportsTR,share,
image,SSP2-Base,Business As Usual,ES,Share|ElectricityHV|ImportsMA,share,
image,SSP2-Base,Business As Usual,BG,Share|ElectricityHV|ImportsRU,share,
image,SSP2-Base,Business As Usual,BG,Share|ElectricityHV|ImportsTR,share,
image,SSP2-Base,Business As Usual,BG,Share|ElectricityHV|ImportsMA,share,
image,SSP2-Base,Business As Usual,SE,Share|ElectricityHV|ImportsRU,share,
image,SSP2-Base,Business As Usual,SE,Share|ElectricityHV|ImportsTR,share,
image,SSP2-Base,Business As Usual,SE,Share|ElectricityHV|ImportsMA,share,
image,SSP2-Base,Business As Usual,AT,Share|ElectricityHV|ImportsRU,share,
image,SSP2-Base,Business As Usual,AT,Share|ElectricityHV|ImportsTR,share,
image,SSP2-Base,Business As Usual,AT,Share|ElectricityHV|ImportsMA,share,
image,SSP2-Base,Business As Usual,MK,Share|ElectricityHV|ImportsRU,share,
image,SSP2-Base,Business As Usual,MK,Share|ElectricityHV|ImportsTR,share,
image,SSP2-Base,Business As Usual,MK,Share|ElectricityHV|ImportsMA,share,
image,SSP2-Base,Business As Usual,MD,Share|ElectricityHV|ImportsRU,share,
image,SSP2-Base,Business As Usual,MD,Share|ElectricityHV|ImportsTR,share,
image,SSP2-Base,Business As Usual,MD,Share|ElectricityHV|ImportsMA,share,
image,SSP2-Base,Business As Usual,HR,Share|ElectricityHV|ImportsRU,share,
image,SSP2-Base,Business As Usual,HR,Share|ElectricityHV|ImportsTR,share,
image,SSP2-Base,Business As Usual,HR,Share|ElectricityHV|ImportsMA,share,
image,SSP2-Base,Business As Usual,XK,Share|ElectricityHV|ImportsRU,share,
image,SSP2-Base,Business As Usual,XK,Share|ElectricityHV|ImportsTR,share,
image,SSP2-Base,Business As Usual,XK,Share|ElectricityHV|ImportsMA,share,
image,SSP2-Base,Business As Usual,LU,Share|ElectricityHV|ImportsRU,share,
image,SSP2-Base,Business As Usual,LU,Share|ElectricityHV|ImportsTR,share,
image,SSP2-Base,Business As Usual,LU,Share|ElectricityHV|ImportsMA,share,
image,SSP2-Base,Business As Usual,GR,Share|ElectricityHV|ImportsRU,share,
image,SSP2-Base,Business As Usual,GR,Share|ElectricityHV|ImportsTR,share,
image,SSP2-Base,Business As Usual,GR,Share|ElectricityHV|ImportsMA,share,
image,SSP2-Base,Business As Usual,IS,Share|ElectricityHV|ImportsRU,share,
image,SSP2-Base,Business As Usual,IS,Share|ElectricityHV|ImportsTR,share,
image,SSP2-Base,Business As Usual,IS,Share|ElectricityHV|ImportsMA,share,
image,SSP2-Base,Business As Usual,BA,Share|ElectricityHV|ImportsRU,share,
image,SSP2-Base,Business As Usual,BA,Share|ElectricityHV|ImportsTR,share,
image,SSP2-Base,Business As Usual,BA,Share|ElectricityHV|ImportsMA,share,
image,SSP2-Base,Business As Usual,EE,Share|ElectricityHV|ImportsRU,share,
image,SSP2-Base,Business As Usual,EE,Share|ElectricityHV|ImportsTR,share,
image,SSP2-Base,Business As Usual,EE,Share|ElectricityHV|ImportsMA,share,
image,SSP2-Base,Business As Usual,SK,Share|ElectricityHV|ImportsRU,share,
image,SSP2-Base,Business As Usual,SK,Share|ElectricityHV|ImportsTR,share,
image,SSP2-Base,Business As Usual,SK,Share|ElectricityHV|ImportsMA,share,
image,SSP2-Base,Business As Usual,ME,Share|ElectricityHV|ImportsRU,share,
image,SSP2-Base,Business As Usual,ME,Share|ElectricityHV|ImportsTR,share,
image,SSP2-Base,Business As Usual,ME,Share|ElectricityHV|ImportsMA,share,
image,SSP2-Base,Business As Usual,LT,Share|ElectricityHV|ImportsRU,share,
image,SSP2-Base,Business As Usual,LT,Share|ElectricityHV|ImportsTR,share,
image,SSP2-Base,Business As Usual,LT,Share|ElectricityHV|ImportsMA,share,
image,SSP2-Base,Business As Usual,SI,Share|ElectricityHV|ImportsRU,share,
image,SSP2-Base,Business As Usual,SI,Share|ElectricityHV|ImportsTR,share,
image,SSP2-Base,Business As Usual,SI,Share|ElectricityHV|ImportsMA,share,
image,SSP2-Base,Business As Usual,IE,Share|ElectricityHV|ImportsRU,share,
image,SSP2-Base,Business As Usual,IE,Share|ElectricityHV|ImportsTR,share,
image,SSP2-Base,Business As Usual,IE,Share|ElectricityHV|ImportsMA,share,
image,SSP2-Base,Business As Usual,BE,Share|ElectricityHV|ImportsRU,share,
image,SSP2-Base,Business As Usual,BE,Share|ElectricityHV|ImportsTR,share,
image,SSP2-Base,Business As Usual,BE,Share|ElectricityHV|ImportsMA,share,
image,SSP2-Base,Business As Usual,RS,Share|ElectricityHV|ImportsRU,share,
image,SSP2-Base,Business As Usual,RS,Share|ElectricityHV|ImportsTR,share,
image,SSP2-Base,Business As Usual,RS,Share|ElectricityHV|ImportsMA,share,
image,SSP2-Base,Business As Usual,RO,Share|ElectricityHV|ImportsRU,share,
image,SSP2-Base,Business As Usual,RO,Share|ElectricityHV|ImportsTR,share,
image,SSP2-Base,Business As Usual,RO,Share|ElectricityHV|ImportsMA,share,
image,SSP2-Base,Business As Usual,NL,Share|ElectricityHV|ImportsRU,share,
image,SSP2-Base,Business As Usual,NL,Share|ElectricityHV|ImportsTR,share,
image,SSP2-Base,Business As Usual,NL,Share|ElectricityHV|ImportsMA,share,
image,SSP2-Base,Business As Usual,UA,Share|ElectricityHV|ImportsRU,share,
image,SSP2-Base,Business As Usual,UA,Share|ElectricityHV|ImportsTR,share,
image,SSP2-Base,Business As Usual,UA,Share|ElectricityHV|ImportsMA,share,
image,SSP2-Base,Business As Usual,PL,Share|ElectricityHV|ImportsRU,share,
image,SSP2-Base,Business As Usual,PL,Share|ElectricityHV|ImportsTR,share,
image,SSP2-Base,Business As Usual,PL,Share|ElectricityHV|ImportsMA,share,
image,SSP2-Base,Business As Usual,FR,Share|ElectricityHV|ImportsRU,share,
image,SSP2-Base,Business As Usual,FR,Share|ElectricityHV|ImportsTR,share,
image,SSP2-Base,Business As Usual,FR,Share|ElectricityHV|ImportsMA,share,
image,SSP2-Base,Business As Usual,GB,Share|ElectricityHV|ImportsRU,share,
image,SSP2-Base,Business As Usual,GB,Share|ElectricityHV|ImportsTR,share,
image,SSP2-Base,Business As Usual,GB,Share|ElectricityHV|ImportsMA,share,
image,SSP2-Base,Business As Usual,NO,Share|ElectricityHV|ImportsRU,share,
image,SSP2-Base,Business As Usual,NO,Share|ElectricityHV|ImportsTR,share,
image,SSP2-Base,Business As Usual,NO,Share|ElectricityHV|ImportsMA,share,
image,SSP2-Base,Business As Usual,CZ,Share|ElectricityHV|ImportsRU,share,
image,SSP2-Base,Business As Usual,CZ,Share|ElectricityHV|ImportsTR,share,
image,SSP2-Base,Business As Usual,CZ,Share|ElectricityHV|ImportsMA,share,
image,SSP2-Base,Business As Usual,MT,Share|ElectricityHV|ImportsRU,share,
image,SSP2-Base,Business As Usual,MT,Share|ElectricityHV|ImportsTR,share,
image,SSP2-Base,Business As Usual,MT,Share|ElectricityHV|ImportsMA,share,
image,SSP2-Base,Business As Usual,DK,Share|ElectricityHV|ImportsRU,share,
image,SSP2-Base,Business As Usual,DK,Share|ElectricityHV|ImportsTR,share,
image,SSP2-Base,Business As Usual,DK,Share|ElectricityHV|ImportsMA,share,
image,SSP2-Base,Business As Usual,IT,Share|ElectricityHV|ImportsRU,share,
image,SSP2-Base,Business As Usual,IT,Share|ElectricityHV|ImportsTR,share,
image,SSP2-Base,Business As Usual,IT,Share|ElectricityHV|ImportsMA,share,
image,SSP2-Base,Business As Usual,LV,Share|ElectricityHV|ImportsRU,share,
image,SSP2-Base,Business As Usual,LV,Share|ElectricityHV|ImportsTR,share,
image,SSP2-Base,Business As Usual,LV,Share|ElectricityHV|ImportsMA,share,
image,SSP2-Base,Business As Usual,DE,Share|ElectricityHV|ImportsRU,share,
image,SSP2-Base,Business As Usual,DE,Share|ElectricityHV|ImportsTR,share,
image,SSP2-Base,Business As Usual,DE,Share|ElectricityHV|ImportsMA,share,
image,SSP2-Base,Business As Usual,PT,Share|ElectricityHV|ImportsRU,share,
image,SSP2-Base,Business As Usual,PT,Share|ElectricityHV|ImportsTR,share,
image,SSP2-Base,Business As Usual,PT,Share|ElectricityHV|ImportsMA,share,
image,SSP2-Base,Business As Usual,FI,Share|ElectricityHV|ImportsRU,share,
image,SSP2-Base,Business As Usual,FI,Share|ElectricityHV|ImportsTR,share,
image,SSP2-Base,Business As Usual,FI,Share|ElectricityHV|ImportsMA,share,
image,SSP2-Base,Business As Usual,BY,Share|ElectricityHV|ImportsRU,share,
image,SSP2-Base,Business As Usual,BY,Share|ElectricityHV|ImportsTR,share,
image,SSP2-Base,Business As Usual,BY,Share|ElectricityHV|ImportsMA,share,
image,SSP2-Base,Business As Usual,GI,Share|ElectricityHV|ImportsRU,share,
image,SSP2-Base,Business As Usual,GI,Share|ElectricityHV|ImportsTR,share,
image,SSP2-Base,Business As Usual,GI,Share|ElectricityHV|ImportsMA,share,
image,SSP2-Base,Business As Usual,AL,Share|ElectricityHV|ImportsRU,share,
image,SSP2-Base,Business As Usual,AL,Share|ElectricityHV|ImportsTR,share,
image,SSP2-Base,Business As Usual,AL,Share|ElectricityHV|ImportsMA,share,
image,SSP2-Base,Business As Usual,HU,Share|ElectricityHV|ImportsRU,share,
image,SSP2-Base,Business As Usual,HU,Share|ElectricityHV|ImportsTR,share,
image,SSP2-Base,Business As Usual,HU,Share|ElectricityHV|ImportsMA,share,
image,SSP2-Base,Business As Usual,CH,Share|ElectricityHV|ImportsRU,share,
image,SSP2-Base,Business As Usual,CH,Share|ElectricityHV|ImportsTR,share,
image,SSP2-Base,Business As Usual,CH,Share|ElectricityHV|ImportsMA,share,
image,SSP2-Base,Business As Usual,AT,Share|Methane|Membrane,share,
image,SSP2-Base,Business As Usual,AT,Share|Methane|AminoWashing,share,
image,SSP2-Base,Business As Usual,AT,Share|Methane|AmineScrubbing,share,
image,SSP2-Base,Business As Usual,AT,Share|Methane|Swing,share,
image,SSP2-Base,Business As Usual,AT,Share|Methane|SabatierBiological,share,
image,SSP2-Base,Business As Usual,AT,Share|Methane|SabatierElectrochemical,share,
image,SSP2-Base,Business As Usual,AT,Share|Methane|FossilOnshore,share,
image,SSP2-Base,Business As Usual,AT,Share|Methane|FossilOffshore,share,
image,SSP2-Base,Business As Usual,AT,Share|Methane|ImportGB,share,
image,SSP2-Base,Business As Usual,AT,Share|Methane|ImportDE,share,
image,SSP2-Base,Business As Usual,AT,Share|Methane|ImportIT,share,
image,SSP2-Base,Business As Usual,AT,Share|Methane|ImportFR,share,
image,SSP2-Base,Business As Usual,AT,Share|Methane|ImportFI,share,
image,SSP2-Base,Business As Usual,AT,Share|Methane|ImportQA,share,
image,SSP2-Base,Business As Usual,AT,Share|Methane|ImportNO,share,
image,SSP2-Base,Business As Usual,AT,Share|Methane|ImportBE,share,
image,SSP2-Base,Business As Usual,AT,Share|Methane|ImportLY,share,
image,SSP2-Base,Business As Usual,AT,Share|Methane|ImportRU,share,
image,SSP2-Base,Business As Usual,AT,Share|Methane|ImportDZ,share,
image,SSP2-Base,Business As Usual,AT,Share|Methane|ImportNL,share,
image,SSP2-Base,Business As Usual,AT,Share|Methane|ImportTR,share,
image,SSP2-Base,Business As Usual,AT,Share|Methane|ImportUS,share,
image,SSP2-Base,Business As Usual,AT,Share|Methane|ImportNG,share,
image,SSP2-Base,Business As Usual,BE,Share|Methane|Membrane,share,
image,SSP2-Base,Business As Usual,BE,Share|Methane|AminoWashing,share,
image,SSP2-Base,Business As Usual,BE,Share|Methane|AmineScrubbing,share,
image,SSP2-Base,Business As Usual,BE,Share|Methane|Swing,share,
image,SSP2-Base,Business As Usual,BE,Share|Methane|SabatierBiological,share,
image,SSP2-Base,Business As Usual,BE,Share|Methane|SabatierElectrochemical,share,
image,SSP2-Base,Business As Usual,BE,Share|Methane|FossilOnshore,share,
image,SSP2-Base,Business As Usual,BE,Share|Methane|FossilOffshore,share,
image,SSP2-Base,Business As Usual,BE,Share|Methane|ImportGB,share,
image,SSP2-Base,Business As Usual,BE,Share|Methane|ImportDE,share,
image,SSP2-Base,Business As Usual,BE,Share|Methane|ImportIT,share,
image,SSP2-Base,Business As Usual,BE,Share|Methane|ImportFR,share,
image,SSP2-Base,Business As Usual,BE,Share|Methane|ImportFI,share,
image,SSP2-Base,Business As Usual,BE,Share|Methane|ImportQA,share,
image,SSP2-Base,Business As Usual,BE,Share|Methane|ImportNO,share,
image,SSP2-Base,Business As Usual,BE,Share|Methane|ImportBE,share,
image,SSP2-Base,Business As Usual,BE,Share|Methane|ImportLY,share,
image,SSP2-Base,Business As Usual,BE,Share|Methane|ImportRU,share,
image,SSP2-Base,Business As Usual,BE,Share|Methane|ImportDZ,share,
image,SSP2-Base,Business As Usual,BE,Share|Methane|ImportNL,share,
image,SSP2-Base,Business As Usual,BE,Share|Methane|ImportTR,share,
image,SSP2-Base,Business As Usual,BE,Share|Methane|ImportUS,share,
image,SSP2-Base,Business As Usual,BE,Share|Methane|ImportNG,share,
image,SSP2-Base,Business As Usual,CH,Share|Methane|Membrane,share,
image,SSP2-Base,Business As Usual,CH,Share|Methane|AminoWashing,share,
image,SSP2-Base,Business As Usual,CH,Share|Methane|AmineScrubbing,share,
image,SSP2-Base,Business As Usual,CH,Share|Methane|Swing,share,
image,SSP2-Base,Business As Usual,CH,Share|Methane|SabatierBiological,share,
image,SSP2-Base,Business As Usual,CH,Share|Methane|SabatierElectrochemical,share,
image,SSP2-Base,Business As Usual,CH,Share|Methane|FossilOnshore,share,
image,SSP2-Base,Business As Usual,CH,Share|Methane|FossilOffshore,share,
image,SSP2-Base,Business As Usual,CH,Share|Methane|ImportGB,share,
image,SSP2-Base,Business As Usual,CH,Share|Methane|ImportDE,share,
image,SSP2-Base,Business As Usual,CH,Share|Methane|ImportIT,share,
image,SSP2-Base,Business As Usual,CH,Share|Methane|ImportFR,share,
image,SSP2-Base,Business As Usual,CH,Share|Methane|ImportFI,share,
image,SSP2-Base,Business As Usual,CH,Share|Methane|ImportQA,share,
image,SSP2-Base,Business As Usual,CH,Share|Methane|ImportNO,share,
image,SSP2-Base,Business As Usual,CH,Share|Methane|ImportBE,share,
image,SSP2-Base,Business As Usual,CH,Share|Methane|ImportLY,share,
image,SSP2-Base,Business As Usual,CH,Share|Methane|ImportRU,share,
image,SSP2-Base,Business As Usual,CH,Share|Methane|ImportDZ,share,
image,SSP2-Base,Business As Usual,CH,Share|Methane|ImportNL,share,
image,SSP2-Base,Business As Usual,CH,Share|Methane|ImportTR,share,
image,SSP2-Base,Business As Usual,CH,Share|Methane|ImportUS,share,
image,SSP2-Base,Business As Usual,CH,Share|Methane|ImportNG,share,
image,SSP2-Base,Business As Usual,CZ,Share|Methane|Membrane,share,
image,SSP2-Base,Business As Usual,CZ,Share|Methane|AminoWashing,share,
image,SSP2-Base,Business As Usual,CZ,Share|Methane|AmineScrubbing,share,
image,SSP2-Base,Business As Usual,CZ,Share|Methane|Swing,share,
image,SSP2-Base,Business As Usual,CZ,Share|Methane|SabatierBiological,share,
image,SSP2-Base,Business As Usual,CZ,Share|Methane|SabatierElectrochemical,share,
image,SSP2-Base,Business As Usual,CZ,Share|Methane|FossilOnshore,share,
image,SSP2-Base,Business As Usual,CZ,Share|Methane|FossilOffshore,share,
image,SSP2-Base,Business As Usual,CZ,Share|Methane|ImportGB,share,
image,SSP2-Base,Business As Usual,CZ,Share|Methane|ImportDE,share,
image,SSP2-Base,Business As Usual,CZ,Share|Methane|ImportIT,share,
image,SSP2-Base,Business As Usual,CZ,Share|Methane|ImportFR,share,
image,SSP2-Base,Business As Usual,CZ,Share|Methane|ImportFI,share,
image,SSP2-Base,Business As Usual,CZ,Share|Methane|ImportQA,share,
image,SSP2-Base,Business As Usual,CZ,Share|Methane|ImportNO,share,
image,SSP2-Base,Business As Usual,CZ,Share|Methane|ImportBE,share,
image,SSP2-Base,Business As Usual,CZ,Share|Methane|ImportLY,share,
image,SSP2-Base,Business As Usual,CZ,Share|Methane|ImportRU,share,
image,SSP2-Base,Business As Usual,CZ,Share|Methane|ImportDZ,share,
image,SSP2-Base,Business As Usual,CZ,Share|Methane|ImportNL,share,
image,SSP2-Base,Business As Usual,CZ,Share|Methane|ImportTR,share,
image,SSP2-Base,Business As Usual,CZ,Share|Methane|ImportUS,share,
image,SSP2-Base,Business As Usual,CZ,Share|Methane|ImportNG,share,
image,SSP2-Base,Business As Usual,DE,Share|Methane|Membrane,share,
image,SSP2-Base,Business As Usual,DE,Share|Methane|AminoWashing,share,
image,SSP2-Base,Business As Usual,DE,Share|Methane|AmineScrubbing,share,
image,SSP2-Base,Business As Usual,DE,Share|Methane|Swing,share,
image,SSP2-Base,Business As Usual,DE,Share|Methane|SabatierBiological,share,
image,SSP2-Base,Business As Usual,DE,Share|Methane|SabatierElectrochemical,share,
image,SSP2-Base,Business As Usual,DE,Share|Methane|FossilOnshore,share,
image,SSP2-Base,Business As Usual,DE,Share|Methane|FossilOffshore,share,
image,SSP2-Base,Business As Usual,DE,Share|Methane|ImportGB,share,
image,SSP2-Base,Business As Usual,DE,Share|Methane|ImportDE,share,
image,SSP2-Base,Business As Usual,DE,Share|Methane|ImportIT,share,
image,SSP2-Base,Business As Usual,DE,Share|Methane|ImportFR,share,
image,SSP2-Base,Business As Usual,DE,Share|Methane|ImportFI,share,
image,SSP2-Base,Business As Usual,DE,Share|Methane|ImportQA,share,
image,SSP2-Base,Business As Usual,DE,Share|Methane|ImportNO,share,
image,SSP2-Base,Business As Usual,DE,Share|Methane|ImportBE,share,
image,SSP2-Base,Business As Usual,DE,Share|Methane|ImportLY,share,
image,SSP2-Base,Business As Usual,DE,Share|Methane|ImportRU,share,
image,SSP2-Base,Business As Usual,DE,Share|Methane|ImportDZ,share,
image,SSP2-Base,Business As Usual,DE,Share|Methane|ImportNL,share,
image,SSP2-Base,Business As Usual,DE,Share|Methane|ImportTR,share,
image,SSP2-Base,Business As Usual,DE,Share|Methane|ImportUS,share,
image,SSP2-Base,Business As Usual,DE,Share|Methane|ImportNG,share,
image,SSP2-Base,Business As Usual,DK,Share|Methane|Membrane,share,
image,SSP2-Base,Business As Usual,DK,Share|Methane|AminoWashing,share,
image,SSP2-Base,Business As Usual,DK,Share|Methane|AmineScrubbing,share,
image,SSP2-Base,Business As Usual,DK,Share|Methane|Swing,share,
image,SSP2-Base,Business As Usual,DK,Share|Methane|SabatierBiological,share,
image,SSP2-Base,Business As Usual,DK,Share|Methane|SabatierElectrochemical,share,
image,SSP2-Base,Business As Usual,DK,Share|Methane|FossilOnshore,share,
image,SSP2-Base,Business As Usual,DK,Share|Methane|FossilOffshore,share,
image,SSP2-Base,Business As Usual,DK,Share|Methane|ImportGB,share,
image,SSP2-Base,Business As Usual,DK,Share|Methane|ImportDE,share,
image,SSP2-Base,Business As Usual,DK,Share|Methane|ImportIT,share,
image,SSP2-Base,Business As Usual,DK,Share|Methane|ImportFR,share,
image,SSP2-Base,Business As Usual,DK,Share|Methane|ImportFI,share,
image,SSP2-Base,Business As Usual,DK,Share|Methane|ImportQA,share,
image,SSP2-Base,Business As Usual,DK,Share|Methane|ImportNO,share,
image,SSP2-Base,Business As Usual,DK,Share|Methane|ImportBE,share,
image,SSP2-Base,Business As Usual,DK,Share|Methane|ImportLY,share,
image,SSP2-Base,Business As Usual,DK,Share|Methane|ImportRU,share,
image,SSP2-Base,Business As Usual,DK,Share|Methane|ImportDZ,share,
image,SSP2-Base,Business As Usual,DK,Share|Methane|ImportNL,share,
image,SSP2-Base,Business As Usual,DK,Share|Methane|ImportTR,share,
image,SSP2-Base,Business As Usual,DK,Share|Methane|ImportUS,share,
image,SSP2-Base,Business As Usual,DK,Share|Methane|ImportNG,share,
image,SSP2-Base,Business As Usual,ES,Share|Methane|Membrane,share,
image,SSP2-Base,Business As Usual,ES,Share|Methane|AminoWashing,share,
image,SSP2-Base,Business As Usual,ES,Share|Methane|AmineScrubbing,share,
image,SSP2-Base,Business As Usual,ES,Share|Methane|Swing,share,
image,SSP2-Base,Business As Usual,ES,Share|Methane|SabatierBiological,share,
image,SSP2-Base,Business As Usual,ES,Share|Methane|SabatierElectrochemical,share,
image,SSP2-Base,Business As Usual,ES,Share|Methane|FossilOnshore,share,
image,SSP2-Base,Business As Usual,ES,Share|Methane|FossilOffshore,share,
image,SSP2-Base,Business As Usual,ES,Share|Methane|ImportGB,share,
image,SSP2-Base,Business As Usual,ES,Share|Methane|ImportDE,share,
image,SSP2-Base,Business As Usual,ES,Share|Methane|ImportIT,share,
image,SSP2-Base,Business As Usual,ES,Share|Methane|ImportFR,share,
image,SSP2-Base,Business As Usual,ES,Share|Methane|ImportFI,share,
image,SSP2-Base,Business As Usual,ES,Share|Methane|ImportQA,share,
image,SSP2-Base,Business As Usual,ES,Share|Methane|ImportNO,share,
image,SSP2-Base,Business As Usual,ES,Share|Methane|ImportBE,share,
image,SSP2-Base,Business As Usual,ES,Share|Methane|ImportLY,share,
image,SSP2-Base,Business As Usual,ES,Share|Methane|ImportRU,share,
image,SSP2-Base,Business As Usual,ES,Share|Methane|ImportDZ,share,
image,SSP2-Base,Business As Usual,ES,Share|Methane|ImportNL,share,
image,SSP2-Base,Business As Usual,ES,Share|Methane|ImportTR,share,
image,SSP2-Base,Business As Usual,ES,Share|Methane|ImportUS,share,
image,SSP2-Base,Business As Usual,ES,Share|Methane|ImportNG,share,
image,SSP2-Base,Business As Usual,FI,Share|Methane|Membrane,share,
image,SSP2-Base,Business As Usual,FI,Share|Methane|AminoWashing,share,
image,SSP2-Base,Business As Usual,FI,Share|Methane|AmineScrubbing,share,
image,SSP2-Base,Business As Usual,FI,Share|Methane|Swing,share,
image,SSP2-Base,Business As Usual,FI,Share|Methane|SabatierBiological,share,
image,SSP2-Base,Business As Usual,FI,Share|Methane|SabatierElectrochemical,share,
image,SSP2-Base,Business As Usual,FI,Share|Methane|FossilOnshore,share,
image,SSP2-Base,Business As Usual,FI,Share|Methane|FossilOffshore,share,
image,SSP2-Base,Business As Usual,FI,Share|Methane|ImportGB,share,
image,SSP2-Base,Business As Usual,FI,Share|Methane|ImportDE,share,
image,SSP2-Base,Business As Usual,FI,Share|Methane|ImportIT,share,
image,SSP2-Base,Business As Usual,FI,Share|Methane|ImportFR,share,
image,SSP2-Base,Business As Usual,FI,Share|Methane|ImportFI,share,
image,SSP2-Base,Business As Usual,FI,Share|Methane|ImportQA,share,
image,SSP2-Base,Business As Usual,FI,Share|Methane|ImportNO,share,
image,SSP2-Base,Business As Usual,FI,Share|Methane|ImportBE,share,
image,SSP2-Base,Business As Usual,FI,Share|Methane|ImportLY,share,
image,SSP2-Base,Business As Usual,FI,Share|Methane|ImportRU,share,
image,SSP2-Base,Business As Usual,FI,Share|Methane|ImportDZ,share,
image,SSP2-Base,Business As Usual,FI,Share|Methane|ImportNL,share,
image,SSP2-Base,Business As Usual,FI,Share|Methane|ImportTR,share,
image,SSP2-Base,Business As Usual,FI,Share|Methane|ImportUS,share,
image,SSP2-Base,Business As Usual,FI,Share|Methane|ImportNG,share,
image,SSP2-Base,Business As Usual,FR,Share|Methane|Membrane,share,
image,SSP2-Base,Business As Usual,FR,Share|Methane|AminoWashing,share,
image,SSP2-Base,Business As Usual,FR,Share|Methane|AmineScrubbing,share,
image,SSP2-Base,Business As Usual,FR,Share|Methane|Swing,share,
image,SSP2-Base,Business As Usual,FR,Share|Methane|SabatierBiological,share,
image,SSP2-Base,Business As Usual,FR,Share|Methane|SabatierElectrochemical,share,
image,SSP2-Base,Business As Usual,FR,Share|Methane|FossilOnshore,share,
image,SSP2-Base,Business As Usual,FR,Share|Methane|FossilOffshore,share,
image,SSP2-Base,Business As Usual,FR,Share|Methane|ImportGB,share,
image,SSP2-Base,Business As Usual,FR,Share|Methane|ImportDE,share,
image,SSP2-Base,Business As Usual,FR,Share|Methane|ImportIT,share,
image,SSP2-Base,Business As Usual,FR,Share|Methane|ImportFR,share,
image,SSP2-Base,Business As Usual,FR,Share|Methane|ImportFI,share,
image,SSP2-Base,Business As Usual,FR,Share|Methane|ImportQA,share,
image,SSP2-Base,Business As Usual,FR,Share|Methane|ImportNO,share,
image,SSP2-Base,Business As Usual,FR,Share|Methane|ImportBE,share,
image,SSP2-Base,Business As Usual,FR,Share|Methane|ImportLY,share,
image,SSP2-Base,Business As Usual,FR,Share|Methane|ImportRU,share,
image,SSP2-Base,Business As Usual,FR,Share|Methane|ImportDZ,share,
image,SSP2-Base,Business As Usual,FR,Share|Methane|ImportNL,share,
image,SSP2-Base,Business As Usual,FR,Share|Methane|ImportTR,share,
image,SSP2-Base,Business As Usual,FR,Share|Methane|ImportUS,share,
image,SSP2-Base,Business As Usual,FR,Share|Methane|ImportNG,share,
image,SSP2-Base,Business As Usual,GR,Share|Methane|Membrane,share,
image,SSP2-Base,Business As Usual,GR,Share|Methane|AminoWashing,share,
image,SSP2-Base,Business As Usual,GR,Share|Methane|AmineScrubbing,share,
image,SSP2-Base,Business As Usual,GR,Share|Methane|Swing,share,
image,SSP2-Base,Business As Usual,GR,Share|Methane|SabatierBiological,share,
image,SSP2-Base,Business As Usual,GR,Share|Methane|SabatierElectrochemical,share,
image,SSP2-Base,Business As Usual,GR,Share|Methane|FossilOnshore,share,
image,SSP2-Base,Business As Usual,GR,Share|Methane|FossilOffshore,share,
image,SSP2-Base,Business As Usual,GR,Share|Methane|ImportGB,share,
image,SSP2-Base,Business As Usual,GR,Share|Methane|ImportDE,share,
image,SSP2-Base,Business As Usual,GR,Share|Methane|ImportIT,share,
image,SSP2-Base,Business As Usual,GR,Share|Methane|ImportFR,share,
image,SSP2-Base,Business As Usual,GR,Share|Methane|ImportFI,share,
image,SSP2-Base,Business As Usual,GR,Share|Methane|ImportQA,share,
image,SSP2-Base,Business As Usual,GR,Share|Methane|ImportNO,share,
image,SSP2-Base,Business As Usual,GR,Share|Methane|ImportBE,share,
image,SSP2-Base,Business As Usual,GR,Share|Methane|ImportLY,share,
image,SSP2-Base,Business As Usual,GR,Share|Methane|ImportRU,share,
image,SSP2-Base,Business As Usual,GR,Share|Methane|ImportDZ,share,
image,SSP2-Base,Business As Usual,GR,Share|Methane|ImportNL,share,
image,SSP2-Base,Business As Usual,GR,Share|Methane|ImportTR,share,
image,SSP2-Base,Business As Usual,GR,Share|Methane|ImportUS,share,
image,SSP2-Base,Business As Usual,GR,Share|Methane|ImportNG,share,
image,SSP2-Base,Business As Usual,HU,Share|Methane|Membrane,share,
image,SSP2-Base,Business As Usual,HU,Share|Methane|AminoWashing,share,
image,SSP2-Base,Business As Usual,HU,Share|Methane|AmineScrubbing,share,
image,SSP2-Base,Business As Usual,HU,Share|Methane|Swing,share,
image,SSP2-Base,Business As Usual,HU,Share|Methane|SabatierBiological,share,
image,SSP2-Base,Business As Usual,HU,Share|Methane|SabatierElectrochemical,share,
image,SSP2-Base,Business As Usual,HU,Share|Methane|FossilOnshore,share,
image,SSP2-Base,Business As Usual,HU,Share|Methane|FossilOffshore,share,
image,SSP2-Base,Business As Usual,HU,Share|Methane|ImportGB,share,
image,SSP2-Base,Business As Usual,HU,Share|Methane|ImportDE,share,
image,SSP2-Base,Business As Usual,HU,Share|Methane|ImportIT,share,
image,SSP2-Base,Business As Usual,HU,Share|Methane|ImportFR,share,
image,SSP2-Base,Business As Usual,HU,Share|Methane|ImportFI,share,
image,SSP2-Base,Business As Usual,HU,Share|Methane|ImportQA,share,
image,SSP2-Base,Business As Usual,HU,Share|Methane|ImportNO,share,
image,SSP2-Base,Business As Usual,HU,Share|Methane|ImportBE,share,
image,SSP2-Base,Business As Usual,HU,Share|Methane|ImportLY,share,
image,SSP2-Base,Business As Usual,HU,Share|Methane|ImportRU,share,
image,SSP2-Base,Business As Usual,HU,Share|Methane|ImportDZ,share,
image,SSP2-Base,Business As Usual,HU,Share|Methane|ImportNL,share,
image,SSP2-Base,Business As Usual,HU,Share|Methane|ImportTR,share,
image,SSP2-Base,Business As Usual,HU,Share|Methane|ImportUS,share,
image,SSP2-Base,Business As Usual,HU,Share|Methane|ImportNG,share,
image,SSP2-Base,Business As Usual,IE,Share|Methane|Membrane,share,
image,SSP2-Base,Business As Usual,IE,Share|Methane|AminoWashing,share,
image,SSP2-Base,Business As Usual,IE,Share|Methane|AmineScrubbing,share,
image,SSP2-Base,Business As Usual,IE,Share|Methane|Swing,share,
image,SSP2-Base,Business As Usual,IE,Share|Methane|SabatierBiological,share,
image,SSP2-Base,Business As Usual,IE,Share|Methane|SabatierElectrochemical,share,
image,SSP2-Base,Business As Usual,IE,Share|Methane|FossilOnshore,share,
image,SSP2-Base,Business As Usual,IE,Share|Methane|FossilOffshore,share,
image,SSP2-Base,Business As Usual,IE,Share|Methane|ImportGB,share,
image,SSP2-Base,Business As Usual,IE,Share|Methane|ImportDE,share,
image,SSP2-Base,Business As Usual,IE,Share|Methane|ImportIT,share,
image,SSP2-Base,Business As Usual,IE,Share|Methane|ImportFR,share,
image,SSP2-Base,Business As Usual,IE,Share|Methane|ImportFI,share,
image,SSP2-Base,Business As Usual,IE,Share|Methane|ImportQA,share,
image,SSP2-Base,Business As Usual,IE,Share|Methane|ImportNO,share,
image,SSP2-Base,Business As Usual,IE,Share|Methane|ImportBE,share,
image,SSP2-Base,Business As Usual,IE,Share|Methane|ImportLY,share,
image,SSP2-Base,Business As Usual,IE,Share|Methane|ImportRU,share,
image,SSP2-Base,Business As Usual,IE,Share|Methane|ImportDZ,share,
image,SSP2-Base,Business As Usual,IE,Share|Methane|ImportNL,share,
image,SSP2-Base,Business As Usual,IE,Share|Methane|ImportTR,share,
image,SSP2-Base,Business As Usual,IE,Share|Methane|ImportUS,share,
image,SSP2-Base,Business As Usual,IE,Share|Methane|ImportNG,share,
image,SSP2-Base,Business As Usual,IT,Share|Methane|Membrane,share,
image,SSP2-Base,Business As Usual,IT,Share|Methane|AminoWashing,share,
image,SSP2-Base,Business As Usual,IT,Share|Methane|AmineScrubbing,share,
image,SSP2-Base,Business As Usual,IT,Share|Methane|Swing,share,
image,SSP2-Base,Business As Usual,IT,Share|Methane|SabatierBiological,share,
image,SSP2-Base,Business As Usual,IT,Share|Methane|SabatierElectrochemical,share,
image,SSP2-Base,Business As Usual,IT,Share|Methane|FossilOnshore,share,
image,SSP2-Base,Business As Usual,IT,Share|Methane|FossilOffshore,share,
image,SSP2-Base,Business As Usual,IT,Share|Methane|ImportGB,share,
image,SSP2-Base,Business As Usual,IT,Share|Methane|ImportDE,share,
image,SSP2-Base,Business As Usual,IT,Share|Methane|ImportIT,share,
image,SSP2-Base,Business As Usual,IT,Share|Methane|ImportFR,share,
image,SSP2-Base,Business As Usual,IT,Share|Methane|ImportFI,share,
image,SSP2-Base,Business As Usual,IT,Share|Methane|ImportQA,share,
image,SSP2-Base,Business As Usual,IT,Share|Methane|ImportNO,share,
image,SSP2-Base,Business As Usual,IT,Share|Methane|ImportBE,share,
image,SSP2-Base,Business As Usual,IT,Share|Methane|ImportLY,share,
image,SSP2-Base,Business As Usual,IT,Share|Methane|ImportRU,share,
image,SSP2-Base,Business As Usual,IT,Share|Methane|ImportDZ,share,
image,SSP2-Base,Business As Usual,IT,Share|Methane|ImportNL,share,
image,SSP2-Base,Business As Usual,IT,Share|Methane|ImportTR,share,
image,SSP2-Base,Business As Usual,IT,Share|Methane|ImportUS,share,
image,SSP2-Base,Business As Usual,IT,Share|Methane|ImportNG,share,
image,SSP2-Base,Business As Usual,NL,Share|Methane|Membrane,share,
image,SSP2-Base,Business As Usual,NL,Share|Methane|AminoWashing,share,
image,SSP2-Base,Business As Usual,NL,Share|Methane|AmineScrubbing,share,
image,SSP2-Base,Business As Usual,NL,Share|Methane|Swing,share,
image,SSP2-Base,Business As Usual,NL,Share|Methane|SabatierBiological,share,
image,SSP2-Base,Business As Usual,NL,Share|Methane|SabatierElectrochemical,share,
image,SSP2-Base,Business As Usual,NL,Share|Methane|FossilOnshore,share,
image,SSP2-Base,Business As Usual,NL,Share|Methane|FossilOffshore,share,
image,SSP2-Base,Business As Usual,NL,Share|Methane|ImportGB,share,
image,SSP2-Base,Business As Usual,NL,Share|Methane|ImportDE,share,
image,SSP2-Base,Business As Usual,NL,Share|Methane|ImportIT,share,
image,SSP2-Base,Business As Usual,NL,Share|Methane|ImportFR,share,
image,SSP2-Base,Business As Usual,NL,Share|Methane|ImportFI,share,
image,SSP2-Base,Business As Usual,NL,Share|Methane|ImportQA,share,
image,SSP2-Base,Business As Usual,NL,Share|Methane|ImportNO,share,
image,SSP2-Base,Business As Usual,NL,Share|Methane|ImportBE,share,
image,SSP2-Base,Business As Usual,NL,Share|Methane|ImportLY,share,
image,SSP2-Base,Business As Usual,NL,Share|Methane|ImportRU,share,
image,SSP2-Base,Business As Usual,NL,Share|Methane|ImportDZ,share,
image,SSP2-Base,Business As Usual,NL,Share|Methane|ImportNL,share,
image,SSP2-Base,Business As Usual,NL,Share|Methane|ImportTR,share,
image,SSP2-Base,Business As Usual,NL,Share|Methane|ImportUS,share,
image,SSP2-Base,Business As Usual,NL,Share|Methane|ImportNG,share,
image,SSP2-Base,Business As Usual,NO,Share|Methane|Membrane,share,
image,SSP2-Base,Business As Usual,NO,Share|Methane|AminoWashing,share,
image,SSP2-Base,Business As Usual,NO,Share|Methane|AmineScrubbing,share,
image,SSP2-Base,Business As Usual,NO,Share|Methane|Swing,share,
image,SSP2-Base,Business As Usual,NO,Share|Methane|SabatierBiological,share,
image,SSP2-Base,Business As Usual,NO,Share|Methane|SabatierElectrochemical,share,
image,SSP2-Base,Business As Usual,NO,Share|Methane|FossilOnshore,share,
image,SSP2-Base,Business As Usual,NO,Share|Methane|FossilOffshore,share,
image,SSP2-Base,Business As Usual,NO,Share|Methane|ImportGB,share,
image,SSP2-Base,Business As Usual,NO,Share|Methane|ImportDE,share,
image,SSP2-Base,Business As Usual,NO,Share|Methane|ImportIT,share,
image,SSP2-Base,Business As Usual,NO,Share|Methane|ImportFR,share,
image,SSP2-Base,Business As Usual,NO,Share|Methane|ImportFI,share,
image,SSP2-Base,Business As Usual,NO,Share|Methane|ImportQA,share,
image,SSP2-Base,Business As Usual,NO,Share|Methane|ImportNO,share,
image,SSP2-Base,Business As Usual,NO,Share|Methane|ImportBE,share,
image,SSP2-Base,Business As Usual,NO,Share|Methane|ImportLY,share,
image,SSP2-Base,Business As Usual,NO,Share|Methane|ImportRU,share,
image,SSP2-Base,Business As Usual,NO,Share|Methane|ImportDZ,share,
image,SSP2-Base,Business As Usual,NO,Share|Methane|ImportNL,share,
image,SSP2-Base,Business As Usual,NO,Share|Methane|ImportTR,share,
image,SSP2-Base,Business As Usual,NO,Share|Methane|ImportUS,share,
image,SSP2-Base,Business As Usual,NO,Share|Methane|ImportNG,share,
image,SSP2-Base,Business As Usual,PL,Share|Methane|Membrane,share,
image,SSP2-Base,Business As Usual,PL,Share|Methane|AminoWashing,share,
image,SSP2-Base,Business As Usual,PL,Share|Methane|AmineScrubbing,share,
image,SSP2-Base,Business As Usual,PL,Share|Methane|Swing,share,
image,SSP2-Base,Business As Usual,PL,Share|Methane|SabatierBiological,share,
image,SSP2-Base,Business As Usual,PL,Share|Methane|SabatierElectrochemical,share,
image,SSP2-Base,Business As Usual,PL,Share|Methane|FossilOnshore,share,
image,SSP2-Base,Business As Usual,PL,Share|Methane|FossilOffshore,share,
image,SSP2-Base,Business As Usual,PL,Share|Methane|ImportGB,share,
image,SSP2-Base,Business As Usual,PL,Share|Methane|ImportDE,share,
image,SSP2-Base,Business As Usual,PL,Share|Methane|ImportIT,share,
image,SSP2-Base,Business As Usual,PL,Share|Methane|ImportFR,share,
image,SSP2-Base,Business As Usual,PL,Share|Methane|ImportFI,share,
image,SSP2-Base,Business As Usual,PL,Share|Methane|ImportQA,share,
image,SSP2-Base,Business As Usual,PL,Share|Methane|ImportNO,share,
image,SSP2-Base,Business As Usual,PL,Share|Methane|ImportBE,share,
image,SSP2-Base,Business As Usual,PL,Share|Methane|ImportLY,share,
image,SSP2-Base,Business As Usual,PL,Share|Methane|ImportRU,share,
image,SSP2-Base,Business As Usual,PL,Share|Methane|ImportDZ,share,
image,SSP2-Base,Business As Usual,PL,Share|Methane|ImportNL,share,
image,SSP2-Base,Business As Usual,PL,Share|Methane|ImportTR,share,
image,SSP2-Base,Business As Usual,PL,Share|Methane|ImportUS,share,
image,SSP2-Base,Business As Usual,PL,Share|Methane|ImportNG,share,
image,SSP2-Base,Business As Usual,RO,Share|Methane|Membrane,share,
image,SSP2-Base,Business As Usual,RO,Share|Methane|AminoWashing,share,
image,SSP2-Base,Business As Usual,RO,Share|Methane|AmineScrubbing,share,
image,SSP2-Base,Business As Usual,RO,Share|Methane|Swing,share,
image,SSP2-Base,Business As Usual,RO,Share|Methane|SabatierBiological,share,
image,SSP2-Base,Business As Usual,RO,Share|Methane|SabatierElectrochemical,share,
image,SSP2-Base,Business As Usual,RO,Share|Methane|FossilOnshore,share,
image,SSP2-Base,Business As Usual,RO,Share|Methane|FossilOffshore,share,
image,SSP2-Base,Business As Usual,RO,Share|Methane|ImportGB,share,
image,SSP2-Base,Business As Usual,RO,Share|Methane|ImportDE,share,
image,SSP2-Base,Business As Usual,RO,Share|Methane|ImportIT,share,
image,SSP2-Base,Business As Usual,RO,Share|Methane|ImportFR,share,
image,SSP2-Base,Business As Usual,RO,Share|Methane|ImportFI,share,
image,SSP2-Base,Business As Usual,RO,Share|Methane|ImportQA,share,
image,SSP2-Base,Business As Usual,RO,Share|Methane|ImportNO,share,
image,SSP2-Base,Business As Usual,RO,Share|Methane|ImportBE,share,
image,SSP2-Base,Business As Usual,RO,Share|Methane|ImportLY,share,
image,SSP2-Base,Business As Usual,RO,Share|Methane|ImportRU,share,
image,SSP2-Base,Business As Usual,RO,Share|Methane|ImportDZ,share,
image,SSP2-Base,Business As Usual,RO,Share|Methane|ImportNL,share,
image,SSP2-Base,Business As Usual,RO,Share|Methane|ImportTR,share,
image,SSP2-Base,Business As Usual,RO,Share|Methane|ImportUS,share,
image,SSP2-Base,Business As Usual,RO,Share|Methane|ImportNG,share,
image,SSP2-Base,Business As Usual,SE,Share|Methane|Membrane,share,
image,SSP2-Base,Business As Usual,SE,Share|Methane|AminoWashing,share,
image,SSP2-Base,Business As Usual,SE,Share|Methane|AmineScrubbing,share,
image,SSP2-Base,Business As Usual,SE,Share|Methane|Swing,share,
image,SSP2-Base,Business As Usual,SE,Share|Methane|SabatierBiological,share,
image,SSP2-Base,Business As Usual,SE,Share|Methane|SabatierElectrochemical,share,
image,SSP2-Base,Business As Usual,SE,Share|Methane|FossilOnshore,share,
image,SSP2-Base,Business As Usual,SE,Share|Methane|FossilOffshore,share,
image,SSP2-Base,Business As Usual,SE,Share|Methane|ImportGB,share,
image,SSP2-Base,Business As Usual,SE,Share|Methane|ImportDE,share,
image,SSP2-Base,Business As Usual,SE,Share|Methane|ImportIT,share,
image,SSP2-Base,Business As Usual,SE,Share|Methane|ImportFR,share,
image,SSP2-Base,Business As Usual,SE,Share|Methane|ImportFI,share,
image,SSP2-Base,Business As Usual,SE,Share|Methane|ImportQA,share,
image,SSP2-Base,Business As Usual,SE,Share|Methane|ImportNO,share,
image,SSP2-Base,Business As Usual,SE,Share|Methane|ImportBE,share,
image,SSP2-Base,Business As Usual,SE,Share|Methane|ImportLY,share,
image,SSP2-Base,Business As Usual,SE,Share|Methane|ImportRU,share,
image,SSP2-Base,Business As Usual,SE,Share|Methane|ImportDZ,share,
image,SSP2-Base,Business As Usual,SE,Share|Methane|ImportNL,share,
image,SSP2-Base,Business As Usual,SE,Share|Methane|ImportTR,share,
image,SSP2-Base,Business As Usual,SE,Share|Methane|ImportUS,share,
image,SSP2-Base,Business As Usual,SE,Share|Methane|ImportNG,share,
image,SSP2-Base,Business As Usual,SK,Share|Methane|Membrane,share,
image,SSP2-Base,Business As Usual,SK,Share|Methane|AminoWashing,share,
image,SSP2-Base,Business As Usual,SK,Share|Methane|AmineScrubbing,share,
image,SSP2-Base,Business As Usual,SK,Share|Methane|Swing,share,
image,SSP2-Base,Business As Usual,SK,Share|Methane|SabatierBiological,share,
image,SSP2-Base,Business As Usual,SK,Share|Methane|SabatierElectrochemical,share,
image,SSP2-Base,Business As Usual,SK,Share|Methane|FossilOnshore,share,
image,SSP2-Base,Business As Usual,SK,Share|Methane|FossilOffshore,share,
image,SSP2-Base,Business As Usual,SK,Share|Methane|ImportGB,share,
image,SSP2-Base,Business As Usual,SK,Share|Methane|ImportDE,share,
image,SSP2-Base,Business As Usual,SK,Share|Methane|ImportIT,share,
image,SSP2-Base,Business As Usual,SK,Share|Methane|ImportFR,share,
image,SSP2-Base,Business As Usual,SK,Share|Methane|ImportFI,share,
image,SSP2-Base,Business As Usual,SK,Share|Methane|ImportQA,share,
image,SSP2-Base,Business As Usual,SK,Share|Methane|ImportNO,share,
image,SSP2-Base,Business As Usual,SK,Share|Methane|ImportBE,share,
image,SSP2-Base,Business As Usual,SK,Share|Methane|ImportLY,share,
image,SSP2-Base,Business As Usual,SK,Share|Methane|ImportRU,share,
image,SSP2-Base,Business As Usual,SK,Share|Methane|ImportDZ,share,
image,SSP2-Base,Business As Usual,SK,Share|Methane|ImportNL,share,
image,SSP2-Base,Business As Usual,SK,Share|Methane|ImportTR,share,
image,SSP2-Base,Business As Usual,SK,Share|Methane|ImportUS,share,
image,SSP2-Base,Business As Usual,SK,Share|Methane|ImportNG,share,
image,SSP2-Base,Business As Usual,RoE,Share|Methane|Membrane,share,
image,SSP2-Base,Business As Usual,RoE,Share|Methane|AminoWashing,share,
image,SSP2-Base,Business As Usual,RoE,Share|Methane|AmineScrubbing,share,
image,SSP2-Base,Business As Usual,RoE,Share|Methane|Swing,share,
image,SSP2-Base,Business As Usual,RoE,Share|Methane|SabatierBiological,share,
image,SSP2-Base,Business As Usual,RoE,Share|Methane|SabatierElectrochemical,share,
image,SSP2-Base,Business As Usual,RoE,Share|Methane|FossilOnshore,share,
image,SSP2-Base,Business As Usual,RoE,Share|Methane|FossilOffshore,share,
image,SSP2-Base,Business As Usual,RoE,Share|Methane|ImportGB,share,
image,SSP2-Base,Business As Usual,RoE,Share|Methane|ImportDE,share,
image,SSP2-Base,Business As Usual,RoE,Share|Methane|ImportIT,share,
image,SSP2-Base,Business As Usual,RoE,Share|Methane|ImportFR,share,
image,SSP2-Base,Business As Usual,RoE,Share|Methane|ImportFI,share,
image,SSP2-Base,Business As Usual,RoE,Share|Methane|ImportQA,share,
image,SSP2-Base,Business As Usual,RoE,Share|Methane|ImportNO,share,
image,SSP2-Base,Business As Usual,RoE,Share|Methane|ImportBE,share,
image,SSP2-Base,Business As Usual,RoE,Share|Methane|ImportLY,share,
image,SSP2-Base,Business As Usual,RoE,Share|Methane|ImportRU,share,
image,SSP2-Base,Business As Usual,RoE,Share|Methane|ImportDZ,share,
image,SSP2-Base,Business As Usual,RoE,Share|Methane|ImportNL,share,
image,SSP2-Base,Business As Usual,RoE,Share|Methane|ImportTR,share,
image,SSP2-Base,Business As Usual,RoE,Share|Methane|ImportUS,share,
image,SSP2-Base,Business As Usual,RoE,Share|Methane|ImportNG,share,
image,SSP2-Base,Business As Usual,GB,Share|Methane|Membrane,share,
image,SSP2-Base,Business As Usual,GB,Share|Methane|AminoWashing,share,
image,SSP2-Base,Business As Usual,GB,Share|Methane|AmineScrubbing,share,
image,SSP2-Base,Business As Usual,GB,Share|Methane|Swing,share,
image,SSP2-Base,Business As Usual,GB,Share|Methane|SabatierBiological,share,
image,SSP2-Base,Business As Usual,GB,Share|Methane|SabatierElectrochemical,share,
image,SSP2-Base,Business As Usual,GB,Share|Methane|FossilOnshore,share,
image,SSP2-Base,Business As Usual,GB,Share|Methane|FossilOffshore,share,
image,SSP2-Base,Business As Usual,GB,Share|Methane|ImportGB,share,
image,SSP2-Base,Business As Usual,GB,Share|Methane|ImportDE,share,
image,SSP2-Base,Business As Usual,GB,Share|Methane|ImportIT,share,
image,SSP2-Base,Business As Usual,GB,Share|Methane|ImportFR,share,
image,SSP2-Base,Business As Usual,GB,Share|Methane|ImportFI,share,
image,SSP2-Base,Business As Usual,GB,Share|Methane|ImportQA,share,
image,SSP2-Base,Business As Usual,GB,Share|Methane|ImportNO,share,
image,SSP2-Base,Business As Usual,GB,Share|Methane|ImportBE,share,
image,SSP2-Base,Business As Usual,GB,Share|Methane|ImportLY,share,
image,SSP2-Base,Business As Usual,GB,Share|Methane|ImportRU,share,
image,SSP2-Base,Business As Usual,GB,Share|Methane|ImportDZ,share,
image,SSP2-Base,Business As Usual,GB,Share|Methane|ImportNL,share,
image,SSP2-Base,Business As Usual,GB,Share|Methane|ImportTR,share,
image,SSP2-Base,Business As Usual,GB,Share|Methane|ImportUS,share,
image,SSP2-Base,Business As Usual,GB,Share|Methane|ImportNG,share,
image,SSP2-Base,Business As Usual,Europe without Switzerland,Share|HeatSmall|Biomass,share,0.31
image,SSP2-Base,Business As Usual,Europe without Switzerland,Share|HeatSmall|HeatPump,share,0.17
image,SSP2-Base,Business As Usual,Europe without Switzerland,Share|HeatSmall|Methane,share,0.37
image,SSP2-Base,Business As Usual,Europe without Switzerland,Share|HeatSmall|Coal,share,0.04
image,SSP2-Base,Business As Usual,Europe without Switzerland,Share|HeatSmall|Oil,share,0.11
image,SSP2-Base,Business As Usual,Europe without Switzerland,Share|HeatIndustrial|Methane,share,0.505
image,SSP2-Base,Business As Usual,Europe without Switzerland,Share|HeatIndustrial|CoalFurnace,share,0.09
image,SSP2-Base,Business As Usual,Europe without Switzerland,Share|HeatIndustrial|OilFurnace,share,0.18
image,SSP2-Base,Business As Usual,Europe without Switzerland,Share|HeatIndustrial|CoalCogeneration,share,0.007
image,SSP2-Base,Business As Usual,Europe without Switzerland,Share|HeatIndustrial|OilCogeneration,share,0.004
image,SSP2-Base,Business As Usual,Europe without Switzerland,Share|HeatIndustrial|Waste,share,0.034
image,SSP2-Base,Business As Usual,Europe without Switzerland,Share|HeatIndustrial|Biomass,share,0.181
image,SSP2-Base,Business As Usual,Europe without Switzerland,Share|HeatIndustrial|Geothermal,share,0.0
image,SSP2-Base,Business As Usual,"Europe, without Russia and Turkey",Share|Coal|HardCoal,share,
image,SSP2-Base,Business As Usual,"Europe, without Russia and Turkey",Share|Coal|HardCoalImportsRU,share,
image,SSP2-Base,Business As Usual,"Europe, without Russia and Turkey",Share|Coal|HardCoalImportsRLA,share,
image,SSP2-Base,Business As Usual,"Europe, without Russia and Turkey",Share|Coal|HardCoalImportsRNA,share,
image,SSP2-Base,Business As Usual,"Europe, without Russia and Turkey",Share|Coal|HardCoalImportsAU,share,
image,SSP2-Base,Business As Usual,"Europe, without Russia and Turkey",Share|Coal|HardCoalImportsZA,share,
image,SSP2-Base,Business As Usual,"Europe, without Russia and Turkey",Share|Coal|HardCoalImportsID,share,
image,SSP2-Base,Business As Usual,"Europe, without Russia and Turkey",Share|Coal|Charcoal,share,0.0
image,SSP2-Base,Business As Usual,RER,Share|Lignite|Lignite,share,1.0
image,SSP2-Base,Business As Usual,RER,Share|Lignite|Charcoal,share,0.0
